ticket_id,opened_at,category,priority,requester_employee_id,requester_office,first_response_hours,resolution_hours,status,notes
ARC-30047,2024-03-01T11:11:00,Filing error,P3,VL-1017,New York,2.4,24.4,Resolved,
ARC-30025,2024-03-01T15:27:00,Mobile,P2,VL-1084,Los Angeles,0.9,51.6,Resolved,Workaround provided
ARC-30028,2024-03-02T13:08:00,How-to,P3,VL-1144,Houston,2.4,42.4,Resolved,
ARC-30043,2024-03-02T17:42:00,Search,P3,VL-1155,Chicago,2.4,4.0,Resolved,
ARC-30024,2024-03-03T08:22:00,Search,P3,VL-1051,San Francisco,1.6,13.0,Resolved,
ARC-30048,2024-03-04T09:54:00,How-to,P2,VL-1072,London,2.0,2.5,Resolved,Workaround provided
ARC-30033,2024-03-04T11:13:00,Search,P2,VL-1068,Mexico City,2.0,50.1,Resolved,Escalated to account manager
ARC-30049,2024-03-04T18:02:00,Performance,P2,VL-1060,Houston,2.0,46.9,Resolved,
ARC-30022,2024-03-06T08:10:00,Mobile,P2,VL-1157,San Francisco,3.7,30.7,Resolved,Escalated to account manager
ARC-30018,2024-03-06T10:24:00,Access / SSO,P3,VL-1139,New York,1.7,55.7,Resolved,
ARC-30038,2024-03-06T18:47:00,Mobile,P3,VL-1197,"Washington, DC",2.2,23.9,Resolved,
ARC-30032,2024-03-07T08:12:00,How-to,P2,VL-1171,New York,2.3,21.3,Resolved,
ARC-30020,2024-03-07T13:47:00,Search,P4,VL-1048,New York,1.7,33.1,Resolved,
ARC-30030,2024-03-07T14:24:00,How-to,P3,VL-1028,"Washington, DC",3.7,52.9,Resolved,
ARC-30036,2024-03-09T17:15:00,Access / SSO,P4,VL-1124,Chicago,0.9,61.6,Resolved,
ARC-30016,2024-03-11T15:15:00,Access / SSO,P3,VL-1102,San Francisco,1.8,26.5,Resolved,
ARC-30052,2024-03-12T09:35:00,How-to,P3,VL-1102,San Francisco,2.5,15.7,Resolved,
ARC-30023,2024-03-12T14:26:00,How-to,P3,VL-1152,Chicago,1.6,45.7,Resolved,
ARC-30019,2024-03-15T13:15:00,Mobile,P3,VL-1028,"Washington, DC",1.4,19.3,Resolved,
ARC-30021,2024-03-17T12:27:00,Performance,P4,VL-1032,New York,1.3,39.8,Resolved,
ARC-30014,2024-03-18T16:14:00,Search,P3,VL-1008,New York,0.6,47.9,Resolved,
ARC-30045,2024-03-19T16:46:00,Outlook add-in,P4,VL-1157,San Francisco,2.3,79.3,Resolved,
ARC-30026,2024-03-19T17:40:00,Outlook add-in,P4,VL-1193,Los Angeles,1.9,43.2,Resolved,
ARC-30015,2024-03-20T12:04:00,Performance,P4,VL-1230,New York,0.7,35.7,Resolved,
ARC-30039,2024-03-20T12:18:00,How-to,P3,VL-1117,"Washington, DC",2.5,58.8,Resolved,
ARC-30037,2024-03-20T14:33:00,Outlook add-in,P2,VL-1122,New York,0.4,21.1,Resolved,
ARC-30050,2024-03-21T13:24:00,Search,P4,VL-1193,Los Angeles,2.3,61.0,Resolved,
ARC-30029,2024-03-21T17:48:00,Search,P3,VL-1225,New York,2.1,47.7,Resolved,
ARC-30044,2024-03-22T11:25:00,Mobile,P3,VL-1135,New York,4.0,39.5,Resolved,
ARC-30042,2024-03-22T11:59:00,How-to,P2,VL-1088,"Washington, DC",0.8,1.3,Resolved,
ARC-30035,2024-03-22T18:50:00,Search,P3,VL-1035,New York,2.0,2.5,Resolved,
ARC-30034,2024-03-23T17:01:00,Search,P3,VL-1052,New York,2.2,62.8,Resolved,
ARC-30051,2024-03-24T15:52:00,How-to,P2,VL-1079,New York,1.6,9.0,Resolved,Workaround provided
ARC-30017,2024-03-24T18:07:00,Outlook add-in,P2,VL-1134,New York,1.7,8.9,Resolved,Workaround provided
ARC-30013,2024-03-25T13:03:00,Mobile,P3,VL-1122,New York,2.1,25.9,Resolved,
ARC-30012,2024-03-26T13:37:00,How-to,P3,VL-1150,New York,1.6,42.6,Resolved,
ARC-30046,2024-03-26T16:49:00,Filing error,P3,VL-1224,New York,1.8,28.2,Resolved,
ARC-30027,2024-03-26T17:17:00,Integration,P4,VL-1189,Mexico City,1.9,31.9,Resolved,
ARC-30041,2024-03-27T15:08:00,Access / SSO,P3,VL-1192,New York,1.8,36.7,Resolved,
ARC-30011,2024-03-27T17:16:00,Outlook add-in,P2,VL-1057,Chicago,1.3,1.8,Resolved,Escalated to account manager
ARC-30031,2024-03-27T18:38:00,Mobile,P2,VL-1157,San Francisco,2.3,2.8,Resolved,
ARC-30040,2024-03-28T15:13:00,Filing error,P4,VL-1135,New York,1.2,70.5,Resolved,
ARC-30147,2024-04-01T08:23:00,Search,P3,VL-1194,Chicago,1.8,35.2,Resolved,
ARC-30143,2024-04-01T09:52:00,How-to,P3,VL-1200,New York,2.7,47.3,Resolved,
ARC-30162,2024-04-01T10:15:00,Performance,P2,VL-1100,New York,0.5,20.5,Resolved,Escalated to account manager
ARC-30098,2024-04-01T10:22:00,Outlook add-in,P4,VL-1224,New York,1.1,53.7,Resolved,
ARC-30106,2024-04-01T10:24:00,How-to,P2,VL-1063,New York,2.0,44.3,Resolved,
ARC-30125,2024-04-01T12:36:00,Mobile,P3,VL-1135,New York,1.3,25.5,Resolved,
ARC-30079,2024-04-01T14:05:00,Access / SSO,P4,VL-1150,New York,1.5,68.2,Resolved,
ARC-30126,2024-04-01T17:05:00,Performance,P3,VL-1009,New York,2.8,16.9,Resolved,
ARC-30117,2024-04-01T17:39:00,Performance,P4,VL-1230,New York,2.9,65.7,Resolved,
ARC-30087,2024-04-02T09:25:00,Search,P4,VL-1109,Dublin,1.6,29.6,Resolved,
ARC-30136,2024-04-02T11:08:00,Mobile,P4,VL-1012,Singapore,1.3,38.9,Resolved,
ARC-30170,2024-04-02T11:33:00,Search,P4,VL-1035,New York,3.2,38.0,Resolved,
ARC-30131,2024-04-02T11:34:00,Integration,P3,VL-1036,Houston,3.0,26.0,Resolved,
ARC-30095,2024-04-02T14:11:00,Integration,P3,VL-1117,"Washington, DC",0.9,8.5,Resolved,
ARC-30110,2024-04-02T14:51:00,How-to,P4,VL-1199,Chicago,1.3,42.8,Resolved,
ARC-30163,2024-04-02T15:33:00,Access / SSO,P2,VL-1038,New York,1.3,6.8,Resolved,Workaround provided
ARC-30080,2024-04-02T17:41:00,Performance,P4,VL-1147,New York,1.6,68.9,Resolved,
ARC-30070,2024-04-03T08:08:00,How-to,P4,VL-1060,Houston,1.9,60.1,Resolved,
ARC-30130,2024-04-03T13:02:00,Outlook add-in,P2,VL-1068,Mexico City,2.5,12.0,Resolved,Workaround provided
ARC-30065,2024-04-03T14:15:00,Access / SSO,P3,VL-1139,New York,2.2,33.2,Resolved,
ARC-30075,2024-04-03T17:58:00,How-to,P3,VL-1093,New York,2.3,22.2,Resolved,
ARC-30084,2024-04-03T18:33:00,Outlook add-in,P4,VL-1050,New York,1.9,54.3,Resolved,
ARC-30061,2024-04-04T10:11:00,Performance,P2,VL-1164,New York,0.2,9.6,Resolved,Escalated to account manager
ARC-30102,2024-04-04T12:42:00,Access / SSO,P3,VL-1174,New York,1.9,75.5,Resolved,
ARC-30086,2024-04-04T16:56:00,How-to,P3,VL-1109,Dublin,0.6,25.9,Resolved,
ARC-30158,2024-04-05T10:30:00,How-to,P3,VL-1053,New York,2.6,14.6,Resolved,
ARC-30071,2024-04-05T14:03:00,How-to,P2,VL-1080,Houston,2.0,24.8,Resolved,Escalated to account manager
ARC-30168,2024-04-05T14:17:00,How-to,P2,VL-1218,New York,2.0,23.2,Resolved,
ARC-30112,2024-04-05T15:10:00,Access / SSO,P3,VL-1140,Atlanta,2.3,43.6,Resolved,
ARC-30120,2024-04-06T09:18:00,How-to,P3,VL-1213,"Washington, DC",2.8,19.4,Resolved,
ARC-30076,2024-04-06T09:28:00,Search,P3,VL-1096,New York,1.9,31.8,Resolved,
ARC-30135,2024-04-06T12:17:00,Performance,P3,VL-1160,Atlanta,3.0,28.3,Resolved,
ARC-30140,2024-04-06T14:20:00,Mobile,P3,VL-1019,New York,2.1,22.5,Resolved,
ARC-30124,2024-04-06T14:25:00,Access / SSO,P4,VL-1086,New York,1.6,44.3,Resolved,
ARC-30059,2024-04-06T14:45:00,How-to,P3,VL-1146,New York,3.0,44.8,Resolved,
ARC-30150,2024-04-06T14:49:00,Search,P3,VL-1009,New York,2.0,35.6,Resolved,
ARC-30127,2024-04-06T15:43:00,Outlook add-in,P3,VL-1170,New York,1.1,36.5,Resolved,
ARC-30129,2024-04-07T13:04:00,How-to,P3,VL-1204,"Washington, DC",1.2,48.6,Resolved,
ARC-30085,2024-04-07T18:08:00,How-to,P4,VL-1188,Dublin,0.8,43.2,Resolved,
ARC-30157,2024-04-08T08:44:00,Search,P3,VL-1178,Atlanta,1.2,34.7,Resolved,
ARC-30101,2024-04-08T12:05:00,Performance,P3,VL-1103,New York,2.2,25.5,Resolved,
ARC-30056,2024-04-08T13:24:00,Search,P2,VL-1040,New York,1.6,2.1,Resolved,
ARC-30083,2024-04-08T18:38:00,Search,P3,VL-1084,Los Angeles,2.0,48.0,Resolved,
ARC-30132,2024-04-08T18:58:00,Integration,P3,VL-1072,London,2.0,15.2,Resolved,
ARC-30058,2024-04-09T11:17:00,Integration,P3,VL-1117,"Washington, DC",2.3,33.5,Resolved,
ARC-30094,2024-04-09T13:45:00,Search,P3,VL-1039,Chicago,0.9,20.7,Resolved,
ARC-30142,2024-04-09T15:46:00,Access / SSO,P3,VL-1196,Chicago,1.5,45.9,Resolved,
ARC-30057,2024-04-10T08:32:00,Search,P4,VL-1222,New York,3.6,61.3,Closed - no response,
ARC-30091,2024-04-10T08:49:00,How-to,P3,VL-1079,New York,1.8,40.8,Resolved,
ARC-30134,2024-04-10T18:39:00,How-to,P3,VL-1227,New York,2.4,43.1,Resolved,
ARC-30171,2024-04-10T18:59:00,Filing error,P2,VL-1184,New York,1.0,30.9,Resolved,Workaround provided
ARC-30154,2024-04-11T13:27:00,Access / SSO,P3,VL-1226,New York,0.2,11.0,Resolved,
ARC-30104,2024-04-11T15:35:00,Search,P2,VL-1189,Mexico City,1.2,26.1,Resolved,Repeat issue
ARC-30153,2024-04-11T16:15:00,Performance,P3,VL-1086,New York,1.5,25.1,Resolved,
ARC-30137,2024-04-12T08:01:00,Access / SSO,P3,VL-1197,"Washington, DC",1.9,36.8,Resolved,
ARC-30155,2024-04-12T09:12:00,Outlook add-in,P3,VL-1107,Dublin,3.0,15.5,Resolved,
ARC-30133,2024-04-12T16:14:00,Outlook add-in,P3,VL-1114,New York,1.6,36.9,Resolved,
ARC-30088,2024-04-14T09:21:00,Integration,P3,VL-1116,New York,2.9,12.2,Resolved,
ARC-30055,2024-04-14T10:10:00,Filing error,P3,VL-1076,Chicago,2.0,38.0,Resolved,
ARC-30064,2024-04-14T13:54:00,Search,P2,VL-1012,Singapore,1.2,8.4,Resolved,
ARC-30103,2024-04-14T14:26:00,How-to,P3,VL-1036,Houston,1.5,16.1,Resolved,
ARC-30100,2024-04-14T18:33:00,Search,P3,VL-1005,New York,0.3,10.9,Resolved,
ARC-30109,2024-04-15T10:26:00,How-to,P2,VL-1095,"Washington, DC",1.7,9.4,Resolved,Escalated to account manager
ARC-30146,2024-04-15T10:57:00,Filing error,P4,VL-1030,New York,1.8,59.5,Resolved,
ARC-30128,2024-04-15T15:05:00,Outlook add-in,P4,VL-1185,San Francisco,2.9,49.7,Resolved,
ARC-30053,2024-04-15T17:29:00,How-to,P4,VL-1056,San Francisco,1.9,54.8,Resolved,
ARC-30105,2024-04-16T12:37:00,Integration,P3,VL-1072,London,1.3,36.8,Closed - no response,
ARC-30089,2024-04-16T13:22:00,Access / SSO,P3,VL-1144,Houston,1.9,18.9,Resolved,
ARC-30145,2024-04-16T16:57:00,How-to,P2,VL-1133,New York,1.3,16.9,Resolved,
ARC-30166,2024-04-16T18:48:00,How-to,P3,VL-1175,New York,1.5,37.7,Resolved,
ARC-30139,2024-04-17T08:01:00,How-to,P3,VL-1117,"Washington, DC",2.9,40.0,Resolved,
ARC-30108,2024-04-17T13:07:00,Outlook add-in,P3,VL-1051,San Francisco,3.4,25.6,Resolved,
ARC-30093,2024-04-17T16:22:00,Performance,P3,VL-1227,New York,0.8,31.1,Resolved,
ARC-30122,2024-04-17T17:35:00,Outlook add-in,P2,VL-1001,New York,2.7,16.2,Resolved,Workaround provided
ARC-30069,2024-04-17T18:40:00,Access / SSO,P2,VL-1068,Mexico City,1.9,12.1,Resolved,
ARC-30073,2024-04-18T12:18:00,Filing error,P3,VL-1090,New York,0.4,32.8,Closed - no response,
ARC-30148,2024-04-18T18:57:00,Filing error,P3,VL-1100,New York,2.0,27.2,Resolved,
ARC-30116,2024-04-19T13:22:00,How-to,P3,VL-1189,Mexico City,2.2,33.0,Resolved,
ARC-30113,2024-04-20T08:49:00,Performance,P3,VL-1115,Chicago,1.9,33.7,Closed - no response,
ARC-30092,2024-04-20T10:00:00,Performance,P3,VL-1093,New York,1.5,46.7,Resolved,
ARC-30063,2024-04-20T10:07:00,Performance,P4,VL-1115,Chicago,1.8,74.9,Resolved,
ARC-30121,2024-04-20T11:05:00,Search,P2,VL-1125,San Francisco,1.8,32.6,Resolved,Workaround provided
ARC-30160,2024-04-20T13:30:00,Access / SSO,P3,VL-1107,Dublin,1.6,38.6,Resolved,
ARC-30144,2024-04-20T15:38:00,Search,P3,VL-1079,New York,1.9,31.6,Resolved,
ARC-30152,2024-04-20T18:02:00,How-to,P3,VL-1157,San Francisco,1.1,10.5,Resolved,
ARC-30097,2024-04-21T08:12:00,Outlook add-in,P4,VL-1084,Los Angeles,2.2,20.2,Resolved,
ARC-30165,2024-04-21T08:17:00,Search,P2,VL-1035,New York,1.9,27.1,Resolved,
ARC-30068,2024-04-21T12:01:00,How-to,P2,VL-1076,Chicago,2.2,30.3,Resolved,Workaround provided
ARC-30066,2024-04-21T14:44:00,Performance,P2,VL-1151,"Washington, DC",0.2,11.3,Resolved,
ARC-30164,2024-04-21T18:05:00,Access / SSO,P4,VL-1207,New York,1.7,51.2,Resolved,
ARC-30074,2024-04-22T09:48:00,Search,P3,VL-1102,San Francisco,1.8,22.3,Resolved,
ARC-30118,2024-04-22T13:48:00,Access / SSO,P3,VL-1062,"Washington, DC",1.9,39.7,Resolved,
ARC-30159,2024-04-23T12:21:00,Access / SSO,P2,VL-1035,New York,2.9,28.0,Resolved,
ARC-30096,2024-04-23T13:07:00,How-to,P4,VL-1151,"Washington, DC",1.0,42.4,Resolved,
ARC-30077,2024-04-23T13:49:00,Mobile,P3,VL-1036,Houston,2.5,40.9,Resolved,
ARC-30114,2024-04-23T14:02:00,Performance,P3,VL-1012,Singapore,2.6,45.0,Resolved,
ARC-30078,2024-04-23T17:10:00,Mobile,P2,VL-1042,New York,3.9,49.0,Resolved,Repeat issue
ARC-30167,2024-04-23T18:47:00,Access / SSO,P2,VL-1144,Houston,1.0,8.5,Resolved,Escalated to account manager
ARC-30161,2024-04-23T18:53:00,Search,P3,VL-1196,Chicago,1.7,43.6,Resolved,
ARC-30107,2024-04-24T09:13:00,How-to,P4,VL-1008,New York,2.3,58.1,Closed - no response,
ARC-30090,2024-04-24T09:58:00,Search,P3,VL-1006,New York,1.5,35.2,Resolved,
ARC-30151,2024-04-24T13:08:00,Performance,P4,VL-1110,London,1.3,57.7,Resolved,
ARC-30169,2024-04-24T16:15:00,Performance,P3,VL-1050,New York,1.7,39.3,Resolved,
ARC-30082,2024-04-25T11:54:00,Mobile,P3,VL-1003,New York,0.4,36.8,Resolved,
ARC-30141,2024-04-25T11:54:00,Mobile,P3,VL-1026,New York,1.6,25.7,Resolved,
ARC-30099,2024-04-25T16:06:00,Search,P2,VL-1003,New York,3.4,30.3,Resolved,
ARC-30111,2024-04-26T09:07:00,Performance,P2,VL-1131,New York,3.2,43.9,Resolved,
ARC-30119,2024-04-26T11:32:00,Outlook add-in,P3,VL-1202,New York,1.4,40.8,Resolved,
ARC-30062,2024-04-26T12:12:00,Search,P3,VL-1147,New York,1.2,34.4,Resolved,
ARC-30138,2024-04-26T14:28:00,How-to,P2,VL-1215,New York,4.0,7.2,Resolved,
ARC-30123,2024-04-26T14:52:00,How-to,P3,VL-1142,New York,1.3,34.2,Resolved,
ARC-30149,2024-04-26T17:06:00,Filing error,P3,VL-1211,Houston,2.8,38.7,Resolved,
ARC-30115,2024-04-27T12:04:00,How-to,P3,VL-1205,New York,1.3,18.2,Resolved,
ARC-30072,2024-04-27T12:59:00,Search,P4,VL-1072,London,2.8,61.9,Resolved,
ARC-30081,2024-04-27T14:09:00,Search,P3,VL-1177,New York,1.7,44.2,Resolved,
ARC-30156,2024-04-27T15:05:00,How-to,P3,VL-1111,Dublin,2.9,46.0,Resolved,
ARC-30067,2024-04-27T15:41:00,Integration,P4,VL-1127,Houston,0.3,51.7,Resolved,
ARC-30054,2024-04-28T08:05:00,Outlook add-in,P4,VL-1155,Chicago,0.6,61.2,Resolved,
ARC-30060,2024-04-28T08:07:00,Outlook add-in,P3,VL-1045,Houston,2.3,23.2,Resolved,
ARC-30234,2024-05-01T11:30:00,Outlook add-in,P4,VL-1230,New York,3.0,71.7,Resolved,
ARC-30175,2024-05-01T13:40:00,Outlook add-in,P3,VL-1158,San Francisco,1.6,29.6,Closed - no response,
ARC-30194,2024-05-01T17:11:00,Performance,P3,VL-1060,Houston,1.7,32.8,Resolved,
ARC-30185,2024-05-01T17:14:00,How-to,P4,VL-1132,Houston,3.0,75.7,Resolved,
ARC-30227,2024-05-01T18:15:00,How-to,P3,VL-1184,New York,2.3,31.0,Resolved,
ARC-30205,2024-05-02T08:29:00,Search,P3,VL-1154,London,1.0,51.3,Resolved,
ARC-30233,2024-05-02T10:18:00,Access / SSO,P2,VL-1175,New York,1.6,22.5,Resolved,Repeat issue
ARC-30210,2024-05-02T11:18:00,Mobile,P4,VL-1107,Dublin,1.5,72.7,Resolved,
ARC-30232,2024-05-02T11:47:00,How-to,P3,VL-1007,London,2.8,50.7,Resolved,
ARC-30259,2024-05-02T14:51:00,Integration,P3,VL-1004,"Washington, DC",2.0,24.4,Resolved,
ARC-30243,2024-05-02T17:28:00,Access / SSO,P3,VL-1205,New York,2.2,44.1,Resolved,
ARC-30242,2024-05-03T08:09:00,Performance,P3,VL-1196,Chicago,2.7,22.3,Resolved,
ARC-30237,2024-05-03T10:51:00,How-to,P3,VL-1191,New York,2.2,28.2,Resolved,
ARC-30192,2024-05-03T16:12:00,Integration,P2,VL-1006,New York,3.3,3.8,Resolved,Repeat issue
ARC-30272,2024-05-03T17:00:00,Performance,P3,VL-1168,New York,1.3,26.2,Resolved,
ARC-30222,2024-05-03T18:02:00,Integration,P3,VL-1172,New York,3.9,6.6,Resolved,
ARC-30252,2024-05-04T08:05:00,Filing error,P3,VL-1033,New York,2.3,55.6,Resolved,
ARC-30245,2024-05-04T08:59:00,How-to,P4,VL-1132,Houston,1.5,64.4,Resolved,
ARC-30239,2024-05-04T11:06:00,Integration,P3,VL-1008,New York,1.8,21.6,Resolved,
ARC-30224,2024-05-04T13:20:00,Search,P3,VL-1008,New York,0.9,57.2,Resolved,
ARC-30215,2024-05-04T15:10:00,Search,P3,VL-1072,London,1.6,46.3,Resolved,
ARC-30258,2024-05-05T09:51:00,Access / SSO,P3,VL-1196,Chicago,1.4,28.8,Resolved,
ARC-30221,2024-05-05T12:23:00,Search,P4,VL-1165,New York,2.0,65.9,Closed - no response,
ARC-30269,2024-05-05T16:17:00,How-to,P4,VL-1201,New York,0.8,58.3,Resolved,
ARC-30263,2024-05-05T16:20:00,How-to,P3,VL-1145,New York,1.7,21.7,Resolved,
ARC-30270,2024-05-06T08:22:00,How-to,P3,VL-1051,San Francisco,1.7,23.6,Resolved,
ARC-30264,2024-05-06T10:07:00,Access / SSO,P3,VL-1179,New York,0.9,53.6,Resolved,
ARC-30241,2024-05-06T16:50:00,How-to,P3,VL-1179,New York,1.0,36.4,Resolved,
ARC-30277,2024-05-07T08:13:00,Mobile,P3,VL-1098,Chicago,1.5,37.7,Resolved,
ARC-30229,2024-05-08T14:48:00,Outlook add-in,P3,VL-1209,Los Angeles,1.1,44.4,Resolved,
ARC-30188,2024-05-08T15:58:00,Performance,P2,VL-1089,New York,2.6,15.1,Resolved,Workaround provided
ARC-30260,2024-05-08T16:21:00,Filing error,P4,VL-1144,Houston,2.1,51.1,Resolved,
ARC-30187,2024-05-09T09:19:00,Search,P4,VL-1185,San Francisco,1.0,77.5,Resolved,
ARC-30285,2024-05-09T15:47:00,Access / SSO,P2,VL-1086,New York,1.7,10.8,Resolved,Escalated to account manager
ARC-30223,2024-05-10T10:27:00,Filing error,P4,VL-1196,Chicago,0.2,68.0,Resolved,
ARC-30268,2024-05-10T11:20:00,Filing error,P3,VL-1185,San Francisco,2.5,59.3,Resolved,
ARC-30257,2024-05-10T11:29:00,Search,P3,VL-1017,New York,0.7,29.1,Resolved,
ARC-30250,2024-05-10T14:31:00,Mobile,P4,VL-1152,Chicago,2.3,62.1,Resolved,
ARC-30206,2024-05-10T14:43:00,Access / SSO,P3,VL-1209,Los Angeles,2.6,40.6,Resolved,
ARC-30189,2024-05-10T15:47:00,Search,P3,VL-1139,New York,1.7,28.0,Resolved,
ARC-30266,2024-05-10T16:40:00,Search,P3,VL-1144,Houston,2.0,53.0,Resolved,
ARC-30173,2024-05-10T18:57:00,Mobile,P2,VL-1068,Mexico City,0.8,43.3,Resolved,Escalated to account manager
ARC-30261,2024-05-11T10:25:00,Integration,P3,VL-1012,Singapore,2.7,35.4,Resolved,
ARC-30247,2024-05-11T11:16:00,Integration,P3,VL-1048,New York,2.5,23.2,Resolved,
ARC-30216,2024-05-11T13:21:00,How-to,P3,VL-1132,Houston,2.4,38.0,Resolved,
ARC-30256,2024-05-11T17:42:00,Outlook add-in,P2,VL-1174,New York,1.3,11.0,Resolved,
ARC-30180,2024-05-11T17:56:00,Access / SSO,P3,VL-1012,Singapore,1.8,30.4,Resolved,
ARC-30184,2024-05-12T11:20:00,How-to,P4,VL-1132,Houston,2.2,72.8,Resolved,
ARC-30198,2024-05-12T16:05:00,Search,P3,VL-1192,New York,0.9,39.7,Resolved,
ARC-30225,2024-05-13T14:19:00,Mobile,P3,VL-1018,New York,1.4,8.1,Resolved,
ARC-30249,2024-05-13T14:24:00,Search,P3,VL-1018,New York,0.7,42.9,Resolved,
ARC-30202,2024-05-13T14:51:00,Performance,P2,VL-1133,New York,1.5,3.6,Resolved,
ARC-30253,2024-05-13T16:59:00,Outlook add-in,P2,VL-1001,New York,1.7,37.8,Resolved,
ARC-30267,2024-05-14T08:38:00,Performance,P3,VL-1172,New York,1.5,22.3,Resolved,
ARC-30278,2024-05-14T09:14:00,Access / SSO,P3,VL-1079,New York,0.5,3.2,Resolved,
ARC-30193,2024-05-14T09:20:00,Search,P4,VL-1157,San Francisco,1.3,58.0,Resolved,
ARC-30236,2024-05-14T16:02:00,Filing error,P2,VL-1062,"Washington, DC",3.1,14.6,Resolved,Workaround provided
ARC-30281,2024-05-14T16:45:00,Integration,P3,VL-1222,New York,2.0,11.1,Closed - no response,
ARC-30214,2024-05-14T17:16:00,Search,P4,VL-1022,San Francisco,2.1,57.5,Resolved,
ARC-30196,2024-05-14T17:25:00,How-to,P2,VL-1160,Atlanta,1.6,2.2,Resolved,Workaround provided
ARC-30220,2024-05-15T08:05:00,Access / SSO,P4,VL-1106,Dublin,3.7,51.9,Resolved,
ARC-30279,2024-05-15T08:35:00,Outlook add-in,P3,VL-1018,New York,2.0,45.3,Resolved,
ARC-30209,2024-05-15T09:31:00,Search,P2,VL-1087,New York,1.5,10.2,Resolved,Escalated to account manager
ARC-30199,2024-05-15T12:02:00,How-to,P3,VL-1156,New York,3.2,20.1,Resolved,
ARC-30181,2024-05-15T15:28:00,Performance,P4,VL-1158,San Francisco,3.8,71.0,Resolved,
ARC-30238,2024-05-15T16:37:00,How-to,P3,VL-1080,Houston,2.2,40.8,Resolved,
ARC-30235,2024-05-16T08:46:00,How-to,P2,VL-1017,New York,0.2,31.9,Resolved,
ARC-30274,2024-05-16T09:08:00,Outlook add-in,P3,VL-1106,Dublin,1.8,11.1,Resolved,
ARC-30280,2024-05-16T09:35:00,Search,P3,VL-1172,New York,1.8,22.1,Resolved,
ARC-30174,2024-05-16T10:13:00,Filing error,P2,VL-1110,London,0.6,36.9,Resolved,
ARC-30190,2024-05-16T10:31:00,Filing error,P3,VL-1060,Houston,0.9,34.8,Resolved,
ARC-30230,2024-05-16T10:34:00,How-to,P3,VL-1114,New York,1.8,46.4,Resolved,
ARC-30203,2024-05-16T13:04:00,Outlook add-in,P4,VL-1135,New York,0.8,70.6,Resolved,
ARC-30273,2024-05-16T14:16:00,Access / SSO,P2,VL-1103,New York,1.6,21.2,Resolved,Escalated to account manager
ARC-30178,2024-05-16T15:58:00,Filing error,P2,VL-1154,London,1.4,12.7,Resolved,
ARC-30228,2024-05-17T14:42:00,Performance,P4,VL-1202,New York,1.9,41.9,Closed - no response,
ARC-30195,2024-05-18T09:55:00,How-to,P2,VL-1069,London,2.2,10.3,Resolved,
ARC-30179,2024-05-18T09:57:00,How-to,P3,VL-1132,Houston,1.7,34.7,Resolved,
ARC-30208,2024-05-18T13:47:00,Search,P3,VL-1205,New York,2.4,50.5,Resolved,
ARC-30248,2024-05-18T14:37:00,Search,P3,VL-1175,New York,1.9,38.0,Resolved,
ARC-30217,2024-05-18T17:21:00,How-to,P3,VL-1105,London,2.4,50.3,Resolved,
ARC-30255,2024-05-18T18:49:00,Access / SSO,P3,VL-1205,New York,1.9,32.8,Resolved,
ARC-30204,2024-05-19T11:51:00,Integration,P3,VL-1183,San Francisco,1.6,44.8,Resolved,
ARC-30286,2024-05-19T13:29:00,Outlook add-in,P4,VL-1021,Atlanta,2.8,45.2,Resolved,
ARC-30275,2024-05-19T15:24:00,Filing error,P2,VL-1125,San Francisco,2.5,3.0,Resolved,
ARC-30182,2024-05-19T18:03:00,How-to,P3,VL-1155,Chicago,2.9,52.3,Resolved,
ARC-30211,2024-05-20T09:54:00,Filing error,P2,VL-1135,New York,1.4,33.6,Resolved,
ARC-30262,2024-05-20T12:00:00,How-to,P2,VL-1192,New York,2.1,49.9,Resolved,
ARC-30200,2024-05-20T15:08:00,How-to,P4,VL-1132,Houston,1.4,54.9,Resolved,
ARC-30254,2024-05-20T15:52:00,Search,P4,VL-1140,Atlanta,2.4,43.1,Resolved,
ARC-30207,2024-05-21T12:47:00,How-to,P4,VL-1134,New York,1.0,32.2,Resolved,
ARC-30201,2024-05-21T17:05:00,Search,P4,VL-1052,New York,1.9,62.5,Resolved,
ARC-30231,2024-05-22T09:06:00,Search,P2,VL-1074,Chicago,1.4,38.0,Resolved,
ARC-30251,2024-05-22T13:23:00,Search,P3,VL-1019,New York,0.9,44.7,Resolved,
ARC-30213,2024-05-22T13:30:00,Filing error,P2,VL-1032,New York,2.2,15.0,Resolved,Workaround provided
ARC-30183,2024-05-22T13:50:00,Mobile,P3,VL-1116,New York,2.4,36.2,Resolved,
ARC-30212,2024-05-22T14:46:00,Access / SSO,P3,VL-1155,Chicago,0.6,30.5,Resolved,
ARC-30191,2024-05-22T18:39:00,Filing error,P3,VL-1089,New York,0.4,7.0,Resolved,
ARC-30276,2024-05-23T09:54:00,How-to,P4,VL-1132,Houston,1.1,43.0,Resolved,
ARC-30240,2024-05-23T17:45:00,How-to,P3,VL-1102,San Francisco,1.7,25.0,Resolved,
ARC-30283,2024-05-24T09:06:00,Outlook add-in,P3,VL-1013,London,3.2,47.2,Resolved,
ARC-30244,2024-05-24T10:58:00,Performance,P3,VL-1033,New York,2.0,55.6,Resolved,
ARC-30197,2024-05-24T11:48:00,How-to,P2,VL-1177,New York,3.5,39.8,Resolved,
ARC-30219,2024-05-24T12:00:00,How-to,P3,VL-1200,New York,0.4,16.4,Resolved,
ARC-30226,2024-05-24T13:22:00,Filing error,P3,VL-1063,New York,0.8,43.5,Closed - no response,
ARC-30177,2024-05-24T14:01:00,Filing error,P3,VL-1028,"Washington, DC",1.4,12.1,Resolved,
ARC-30172,2024-05-25T09:03:00,Access / SSO,P3,VL-1172,New York,1.2,53.0,Resolved,
ARC-30265,2024-05-25T12:31:00,Search,P3,VL-1107,Dublin,0.8,19.5,Resolved,
ARC-30176,2024-05-26T09:12:00,How-to,P2,VL-1215,New York,1.8,26.2,Resolved,
ARC-30284,2024-05-26T09:40:00,How-to,P3,VL-1132,Houston,2.0,7.8,Resolved,
ARC-30186,2024-05-26T15:01:00,Search,P4,VL-1201,New York,1.7,59.7,Resolved,
ARC-30246,2024-05-28T08:25:00,Integration,P3,VL-1117,"Washington, DC",0.7,18.4,Resolved,
ARC-30218,2024-05-28T08:41:00,Mobile,P2,VL-1038,New York,2.3,20.5,Resolved,Escalated to account manager
ARC-30271,2024-05-28T13:28:00,Access / SSO,P2,VL-1049,New York,2.0,12.7,Resolved,
ARC-30282,2024-05-28T17:47:00,How-to,P3,VL-1120,New York,1.8,12.8,Resolved,
ARC-30306,2024-06-01T09:17:00,Filing error,P3,VL-1171,New York,1.7,40.2,Resolved,
ARC-30366,2024-06-01T13:04:00,How-to,P3,VL-1022,San Francisco,1.0,21.8,Resolved,
ARC-30370,2024-06-01T13:38:00,Performance,P4,VL-1117,"Washington, DC",0.6,54.7,Resolved,
ARC-30354,2024-06-01T16:07:00,Outlook add-in,P4,VL-1068,Mexico City,0.9,55.6,Resolved,
ARC-30325,2024-06-01T17:01:00,Integration,P3,VL-1179,New York,1.6,48.3,Resolved,
ARC-30313,2024-06-02T12:20:00,How-to,P3,VL-1142,New York,0.6,50.4,Resolved,
ARC-30335,2024-06-02T13:50:00,How-to,P3,VL-1149,New York,1.0,23.6,Resolved,
ARC-30318,2024-06-02T14:25:00,Outlook add-in,P3,VL-1006,New York,2.7,20.2,Resolved,
ARC-30353,2024-06-02T17:33:00,Outlook add-in,P3,VL-1116,New York,1.5,23.6,Resolved,
ARC-30371,2024-06-04T08:50:00,How-to,P3,VL-1160,Atlanta,2.9,33.2,Resolved,
ARC-30350,2024-06-04T09:17:00,How-to,P4,VL-1132,Houston,2.1,55.2,Resolved,
ARC-30368,2024-06-04T13:13:00,Performance,P3,VL-1230,New York,0.6,40.1,Resolved,
ARC-30341,2024-06-04T16:08:00,Outlook add-in,P3,VL-1048,New York,2.7,35.1,Resolved,
ARC-30363,2024-06-04T16:12:00,How-to,P4,VL-1132,Houston,1.7,55.6,Resolved,
ARC-30288,2024-06-04T16:15:00,How-to,P3,VL-1095,"Washington, DC",1.7,52.1,Resolved,
ARC-30321,2024-06-06T10:54:00,Performance,P4,VL-1202,New York,2.4,44.5,Resolved,
ARC-30361,2024-06-06T18:28:00,Performance,P4,VL-1039,Chicago,1.1,39.8,Resolved,
ARC-30346,2024-06-07T08:08:00,Search,P4,VL-1129,New York,1.9,38.9,Resolved,
ARC-30294,2024-06-07T09:09:00,Integration,P3,VL-1056,San Francisco,2.6,43.6,Resolved,
ARC-30296,2024-06-07T13:50:00,Filing error,P3,VL-1032,New York,3.0,51.5,Resolved,
ARC-30311,2024-06-07T17:46:00,How-to,P3,VL-1095,"Washington, DC",2.6,45.7,Resolved,
ARC-30333,2024-06-07T18:31:00,Access / SSO,P4,VL-1213,"Washington, DC",1.9,42.4,Resolved,
ARC-30287,2024-06-08T10:57:00,Search,P3,VL-1050,New York,0.6,35.9,Resolved,
ARC-30337,2024-06-08T12:36:00,Filing error,P3,VL-1171,New York,2.0,52.3,Resolved,
ARC-30291,2024-06-08T13:22:00,Search,P3,VL-1164,New York,1.4,40.1,Resolved,
ARC-30304,2024-06-08T13:33:00,How-to,P3,VL-1095,"Washington, DC",1.1,6.9,Resolved,
ARC-30329,2024-06-08T17:43:00,Mobile,P3,VL-1179,New York,1.2,33.5,Resolved,
ARC-30365,2024-06-08T18:25:00,How-to,P4,VL-1122,New York,2.9,48.5,Resolved,
ARC-30307,2024-06-09T09:35:00,How-to,P3,VL-1095,"Washington, DC",2.5,34.3,Resolved,
ARC-30301,2024-06-09T10:57:00,Integration,P2,VL-1103,New York,1.6,24.9,Resolved,
ARC-30351,2024-06-09T11:23:00,Access / SSO,P4,VL-1209,Los Angeles,3.1,42.8,Resolved,
ARC-30320,2024-06-09T13:01:00,Performance,P3,VL-1139,New York,1.2,24.5,Resolved,
ARC-30369,2024-06-09T15:36:00,How-to,P3,VL-1195,New York,0.2,21.8,Resolved,
ARC-30339,2024-06-09T16:03:00,Filing error,P2,VL-1012,Singapore,1.6,9.3,Resolved,Escalated to account manager
ARC-30302,2024-06-09T18:19:00,Outlook add-in,P3,VL-1024,New York,1.1,17.2,Resolved,
ARC-30360,2024-06-10T09:29:00,How-to,P3,VL-1027,San Francisco,1.2,60.3,Closed - no response,
ARC-30367,2024-06-10T10:22:00,Performance,P3,VL-1197,"Washington, DC",1.2,8.2,Resolved,
ARC-30297,2024-06-10T11:29:00,How-to,P4,VL-1095,"Washington, DC",4.4,73.9,Resolved,
ARC-30290,2024-06-10T14:44:00,Access / SSO,P3,VL-1031,New York,1.3,29.7,Resolved,
ARC-30303,2024-06-10T14:59:00,Mobile,P3,VL-1045,Houston,1.9,25.7,Resolved,
ARC-30332,2024-06-11T11:31:00,Integration,P3,VL-1219,New York,2.6,30.9,Resolved,
ARC-30323,2024-06-11T14:58:00,Performance,P2,VL-1189,Mexico City,1.7,41.2,Resolved,
ARC-30352,2024-06-11T15:00:00,Integration,P3,VL-1004,"Washington, DC",2.5,28.2,Resolved,
ARC-30338,2024-06-11T15:18:00,Outlook add-in,P3,VL-1009,New York,1.2,63.7,Resolved,
ARC-30293,2024-06-11T16:46:00,Access / SSO,P3,VL-1150,New York,3.9,23.6,Resolved,
ARC-30362,2024-06-11T17:40:00,Performance,P4,VL-1157,San Francisco,1.9,46.1,Resolved,
ARC-30336,2024-06-11T18:25:00,How-to,P3,VL-1070,Singapore,1.7,30.7,Resolved,
ARC-30308,2024-06-13T10:48:00,Outlook add-in,P3,VL-1109,Dublin,0.7,11.7,Resolved,
ARC-30340,2024-06-13T12:38:00,How-to,P4,VL-1132,Houston,2.0,63.2,Resolved,
ARC-30355,2024-06-13T14:51:00,Search,P2,VL-1070,Singapore,2.8,6.7,Resolved,Workaround provided
ARC-30322,2024-06-13T18:47:00,How-to,P2,VL-1132,Houston,1.1,15.3,Resolved,
ARC-30319,2024-06-14T11:19:00,Search,P4,VL-1144,Houston,1.1,52.0,Resolved,
ARC-30295,2024-06-17T08:57:00,Mobile,P4,VL-1185,San Francisco,1.1,56.9,Resolved,
ARC-30331,2024-06-17T18:58:00,Outlook add-in,P3,VL-1171,New York,1.1,33.7,Resolved,
ARC-30356,2024-06-18T08:46:00,Search,P3,VL-1008,New York,1.9,68.1,Resolved,
ARC-30324,2024-06-18T09:10:00,Filing error,P3,VL-1224,New York,1.0,47.0,Resolved,
ARC-30334,2024-06-18T10:27:00,Mobile,P4,VL-1108,London,1.1,79.4,Resolved,
ARC-30359,2024-06-18T15:53:00,How-to,P4,VL-1195,New York,3.2,39.9,Resolved,
ARC-30305,2024-06-18T16:46:00,How-to,P3,VL-1195,New York,3.5,34.1,Resolved,
ARC-30357,2024-06-18T17:23:00,How-to,P3,VL-1132,Houston,1.9,20.7,Resolved,
ARC-30328,2024-06-18T17:25:00,How-to,P4,VL-1069,London,2.7,51.0,Resolved,
ARC-30326,2024-06-19T10:42:00,How-to,P3,VL-1195,New York,1.6,34.2,Resolved,
ARC-30347,2024-06-19T10:54:00,How-to,P3,VL-1050,New York,1.7,24.4,Resolved,
ARC-30327,2024-06-19T17:15:00,Integration,P3,VL-1024,New York,0.7,20.3,Resolved,
ARC-30299,2024-06-19T17:59:00,Access / SSO,P2,VL-1061,New York,2.7,19.3,Resolved,
ARC-30289,2024-06-20T08:43:00,Integration,P3,VL-1168,New York,1.3,40.0,Resolved,
ARC-30310,2024-06-20T09:11:00,Outlook add-in,P2,VL-1014,Singapore,2.0,16.4,Resolved,Workaround provided
ARC-30372,2024-06-20T09:29:00,Search,P3,VL-1090,New York,1.4,20.7,Closed - no response,
ARC-30344,2024-06-20T13:55:00,Outlook add-in,P4,VL-1076,Chicago,1.2,50.7,Resolved,
ARC-30343,2024-06-21T08:39:00,Mobile,P2,VL-1044,New York,2.0,19.7,Resolved,Escalated to account manager
ARC-30330,2024-06-21T08:42:00,How-to,P4,VL-1072,London,1.7,30.7,Resolved,
ARC-30349,2024-06-21T12:32:00,Outlook add-in,P3,VL-1005,New York,2.2,50.5,Resolved,
ARC-30300,2024-06-21T13:21:00,How-to,P3,VL-1004,"Washington, DC",1.4,59.1,Resolved,
ARC-30317,2024-06-22T10:43:00,How-to,P4,VL-1155,Chicago,1.4,38.2,Resolved,
ARC-30309,2024-06-23T08:44:00,Search,P2,VL-1140,Atlanta,2.5,21.8,Resolved,
ARC-30315,2024-06-23T09:00:00,Search,P4,VL-1194,Chicago,1.5,30.8,Resolved,
ARC-30312,2024-06-23T11:38:00,Search,P4,VL-1210,New York,1.7,70.9,Resolved,
ARC-30314,2024-06-23T16:03:00,Integration,P2,VL-1217,New York,0.2,30.6,Resolved,
ARC-30298,2024-06-24T08:56:00,Mobile,P3,VL-1028,"Washington, DC",2.6,32.8,Resolved,
ARC-30342,2024-06-24T11:01:00,Search,P4,VL-1224,New York,1.3,47.5,Resolved,
ARC-30316,2024-06-24T11:52:00,How-to,P3,VL-1095,"Washington, DC",1.5,13.2,Resolved,
ARC-30345,2024-06-24T15:42:00,Mobile,P4,VL-1134,New York,1.2,42.7,Resolved,
ARC-30292,2024-06-25T10:21:00,Outlook add-in,P4,VL-1082,New York,1.5,42.3,Resolved,
ARC-30348,2024-06-26T08:04:00,Filing error,P3,VL-1090,New York,2.9,23.1,Resolved,
ARC-30358,2024-06-26T10:31:00,Outlook add-in,P3,VL-1154,London,0.2,26.9,Resolved,
ARC-30364,2024-06-27T10:54:00,Outlook add-in,P4,VL-1102,San Francisco,3.4,75.5,Resolved,
ARC-30384,2024-07-01T17:33:00,How-to,P3,VL-1116,New York,1.0,3.6,Resolved,
ARC-30380,2024-07-02T08:52:00,Performance,P2,VL-1004,"Washington, DC",1.7,33.3,Resolved,
ARC-30381,2024-07-02T11:13:00,How-to,P3,VL-1147,New York,1.0,54.2,Resolved,
ARC-30388,2024-07-02T15:40:00,How-to,P4,VL-1132,Houston,1.8,48.3,Resolved,
ARC-30402,2024-07-03T11:13:00,How-to,P2,VL-1045,Houston,1.8,34.7,Resolved,Workaround provided
ARC-30394,2024-07-03T18:10:00,Outlook add-in,P4,VL-1061,New York,1.5,53.6,Resolved,
ARC-30398,2024-07-06T17:08:00,How-to,P3,VL-1095,"Washington, DC",3.6,19.4,Resolved,
ARC-30374,2024-07-06T17:55:00,Search,P3,VL-1026,New York,3.4,33.0,Resolved,
ARC-30386,2024-07-07T11:06:00,Outlook add-in,P3,VL-1006,New York,2.3,44.3,Resolved,
ARC-30382,2024-07-07T14:00:00,How-to,P3,VL-1038,New York,2.5,42.2,Resolved,
ARC-30383,2024-07-09T12:24:00,Outlook add-in,P4,VL-1209,Los Angeles,0.5,46.5,Resolved,
ARC-30389,2024-07-10T12:51:00,Mobile,P3,VL-1090,New York,2.3,39.0,Resolved,
ARC-30405,2024-07-10T14:32:00,Integration,P4,VL-1165,New York,2.9,41.8,Resolved,
ARC-30400,2024-07-10T14:57:00,How-to,P2,VL-1079,New York,2.2,27.4,Resolved,
ARC-30411,2024-07-11T08:00:00,How-to,P3,VL-1195,New York,1.5,28.4,Resolved,
ARC-30391,2024-07-11T17:48:00,Integration,P3,VL-1102,San Francisco,2.8,31.5,Resolved,
ARC-30409,2024-07-12T10:09:00,Outlook add-in,P3,VL-1045,Houston,1.1,36.2,Resolved,
ARC-30385,2024-07-13T10:17:00,Filing error,P3,VL-1009,New York,2.1,37.1,Resolved,
ARC-30406,2024-07-13T12:26:00,Mobile,P3,VL-1108,London,1.3,23.8,Resolved,
ARC-30392,2024-07-14T15:17:00,How-to,P3,VL-1106,Dublin,3.5,28.2,Resolved,
ARC-30377,2024-07-15T11:40:00,Filing error,P3,VL-1053,New York,2.9,20.6,Resolved,
ARC-30396,2024-07-15T13:39:00,Filing error,P3,VL-1204,"Washington, DC",2.4,39.7,Resolved,
ARC-30410,2024-07-15T13:44:00,Integration,P3,VL-1224,New York,2.0,34.4,Resolved,
ARC-30379,2024-07-15T15:37:00,Search,P2,VL-1072,London,4.1,40.1,Resolved,
ARC-30403,2024-07-16T17:03:00,How-to,P3,VL-1158,San Francisco,1.0,32.5,Resolved,
ARC-30407,2024-07-17T08:49:00,How-to,P3,VL-1027,San Francisco,2.2,41.9,Resolved,
ARC-30393,2024-07-17T14:33:00,Access / SSO,P3,VL-1077,"Washington, DC",0.6,16.3,Resolved,
ARC-30376,2024-07-17T17:43:00,Integration,P4,VL-1211,Houston,0.8,61.0,Resolved,
ARC-30404,2024-07-18T12:00:00,How-to,P2,VL-1045,Houston,3.2,3.7,Resolved,
ARC-30373,2024-07-18T12:03:00,Outlook add-in,P4,VL-1194,Chicago,2.4,61.5,Resolved,
ARC-30387,2024-07-21T15:28:00,How-to,P3,VL-1230,New York,1.2,20.9,Resolved,
ARC-30399,2024-07-22T11:36:00,Search,P2,VL-1013,London,1.5,15.4,Resolved,
ARC-30397,2024-07-22T18:29:00,Access / SSO,P3,VL-1179,New York,1.9,50.5,Resolved,
ARC-30395,2024-07-25T15:23:00,Integration,P2,VL-1222,New York,2.9,12.8,Resolved,
ARC-30401,2024-07-26T09:02:00,Performance,P4,VL-1062,"Washington, DC",3.1,63.1,Resolved,
ARC-30378,2024-07-26T17:13:00,Search,P2,VL-1057,Chicago,3.6,18.6,Resolved,Repeat issue
ARC-30375,2024-07-26T17:36:00,Search,P3,VL-1052,New York,2.5,48.6,Resolved,
ARC-30408,2024-07-28T10:52:00,How-to,P3,VL-1025,Los Angeles,2.0,45.2,Closed - no response,
ARC-30390,2024-07-28T17:23:00,How-to,P2,VL-1077,"Washington, DC",2.3,14.3,Resolved,
ARC-30412,2024-08-02T11:56:00,Search,P3,VL-1076,Chicago,2.2,44.7,Resolved,
ARC-30426,2024-08-03T08:07:00,Performance,P3,VL-1073,Houston,3.6,35.1,Resolved,
ARC-30428,2024-08-04T17:03:00,Mobile,P3,VL-1144,Houston,2.0,34.6,Resolved,
ARC-30419,2024-08-07T16:37:00,Outlook add-in,P3,VL-1171,New York,1.9,38.8,Resolved,
ARC-30417,2024-08-09T08:08:00,How-to,P3,VL-1077,"Washington, DC",3.5,34.6,Resolved,
ARC-30440,2024-08-09T11:35:00,Filing error,P3,VL-1158,San Francisco,2.3,32.4,Resolved,
ARC-30442,2024-08-10T08:04:00,Outlook add-in,P4,VL-1227,New York,0.5,56.7,Resolved,
ARC-30425,2024-08-10T09:01:00,Mobile,P3,VL-1171,New York,1.2,61.0,Resolved,
ARC-30430,2024-08-11T09:05:00,How-to,P2,VL-1100,New York,3.2,32.0,Resolved,Repeat issue
ARC-30415,2024-08-11T09:09:00,Search,P3,VL-1144,Houston,2.2,43.4,Resolved,
ARC-30429,2024-08-13T09:04:00,Outlook add-in,P3,VL-1183,San Francisco,2.7,28.9,Resolved,
ARC-30446,2024-08-13T09:56:00,Search,P3,VL-1178,Atlanta,1.9,35.0,Resolved,
ARC-30414,2024-08-13T13:41:00,How-to,P3,VL-1077,"Washington, DC",1.3,4.8,Resolved,
ARC-30449,2024-08-13T15:36:00,Outlook add-in,P3,VL-1044,New York,0.9,13.9,Resolved,
ARC-30421,2024-08-14T08:52:00,Search,P4,VL-1061,New York,3.0,36.6,Resolved,
ARC-30435,2024-08-15T14:53:00,Outlook add-in,P2,VL-1009,New York,1.7,4.7,Resolved,
ARC-30418,2024-08-16T08:50:00,Outlook add-in,P4,VL-1200,New York,3.0,63.9,Resolved,
ARC-30437,2024-08-17T09:11:00,How-to,P2,VL-1053,New York,0.9,2.0,Resolved,Escalated to account manager
ARC-30422,2024-08-17T15:23:00,Access / SSO,P3,VL-1005,New York,1.7,27.1,Resolved,
ARC-30444,2024-08-18T18:23:00,How-to,P4,VL-1132,Houston,3.1,37.4,Resolved,
ARC-30424,2024-08-19T09:35:00,Mobile,P4,VL-1084,Los Angeles,3.3,45.0,Resolved,
ARC-30433,2024-08-20T15:35:00,Search,P3,VL-1082,New York,1.7,27.0,Resolved,
ARC-30436,2024-08-20T15:53:00,Access / SSO,P2,VL-1004,"Washington, DC",1.8,2.3,Resolved,
ARC-30443,2024-08-20T18:03:00,Access / SSO,P2,VL-1009,New York,2.0,2.5,Resolved,Escalated to account manager
ARC-30450,2024-08-21T14:28:00,Integration,P3,VL-1156,New York,2.6,26.4,Resolved,
ARC-30431,2024-08-21T14:37:00,Performance,P3,VL-1002,New York,1.0,45.3,Closed - no response,
ARC-30413,2024-08-21T16:09:00,Mobile,P4,VL-1117,"Washington, DC",2.1,35.0,Resolved,
ARC-30441,2024-08-22T09:14:00,Outlook add-in,P3,VL-1072,London,1.8,15.9,Resolved,
ARC-30438,2024-08-22T11:11:00,Filing error,P3,VL-1135,New York,1.3,28.7,Resolved,
ARC-30447,2024-08-23T12:02:00,Access / SSO,P3,VL-1178,Atlanta,0.4,19.0,Resolved,
ARC-30416,2024-08-23T14:43:00,Access / SSO,P3,VL-1069,London,1.7,36.5,Resolved,
ARC-30439,2024-08-24T12:55:00,Filing error,P3,VL-1073,Houston,2.2,19.5,Resolved,
ARC-30423,2024-08-24T13:15:00,Access / SSO,P3,VL-1073,Houston,2.8,24.2,Resolved,
ARC-30434,2024-08-24T15:26:00,How-to,P3,VL-1148,New York,1.3,25.4,Resolved,
ARC-30432,2024-08-25T12:00:00,How-to,P3,VL-1132,Houston,2.2,30.8,Resolved,
ARC-30420,2024-08-26T09:32:00,Access / SSO,P3,VL-1145,New York,2.3,27.2,Resolved,
ARC-30427,2024-08-27T13:44:00,Outlook add-in,P3,VL-1222,New York,3.1,45.4,Resolved,
ARC-30448,2024-08-28T17:20:00,Mobile,P2,VL-1133,New York,2.5,24.8,Resolved,
ARC-30445,2024-08-28T18:31:00,How-to,P3,VL-1132,Houston,0.2,15.4,Resolved,
ARC-30480,2024-09-01T09:31:00,Mobile,P3,VL-1156,New York,1.2,12.8,Resolved,
ARC-30478,2024-09-01T11:08:00,How-to,P4,VL-1129,New York,2.3,71.8,Resolved,
ARC-30488,2024-09-02T10:55:00,Filing error,P3,VL-1163,New York,1.0,35.9,Resolved,
ARC-30486,2024-09-03T12:00:00,Search,P3,VL-1181,New York,3.1,56.8,Resolved,
ARC-30451,2024-09-05T08:36:00,How-to,P2,VL-1009,New York,0.5,1.0,Resolved,
ARC-30459,2024-09-05T14:54:00,How-to,P3,VL-1132,Houston,2.5,41.7,Closed - no response,
ARC-30463,2024-09-05T17:47:00,Search,P3,VL-1203,New York,2.0,33.3,Resolved,
ARC-30481,2024-09-06T13:20:00,How-to,P3,VL-1079,New York,1.3,42.9,Resolved,
ARC-30457,2024-09-06T14:51:00,Access / SSO,P4,VL-1026,New York,1.2,37.4,Resolved,
ARC-30484,2024-09-07T10:06:00,How-to,P4,VL-1230,New York,2.5,59.3,Resolved,
ARC-30460,2024-09-07T14:44:00,Outlook add-in,P2,VL-1026,New York,1.9,30.4,Resolved,Escalated to account manager
ARC-30462,2024-09-08T11:07:00,Mobile,P3,VL-1204,"Washington, DC",2.2,41.5,Resolved,
ARC-30453,2024-09-09T08:06:00,Performance,P2,VL-1220,"Washington, DC",0.5,15.1,Resolved,
ARC-30492,2024-09-09T13:18:00,Access / SSO,P2,VL-1066,Singapore,2.9,17.5,Resolved,
ARC-30473,2024-09-10T08:01:00,How-to,P2,VL-1192,New York,0.5,10.9,Closed - no response,Escalated to account manager
ARC-30490,2024-09-10T09:13:00,How-to,P3,VL-1095,"Washington, DC",1.9,39.2,Closed - no response,
ARC-30470,2024-09-10T11:26:00,Performance,P2,VL-1187,New York,1.4,1.9,Resolved,Escalated to account manager
ARC-30482,2024-09-10T13:17:00,Access / SSO,P3,VL-1168,New York,1.6,43.2,Resolved,
ARC-30458,2024-09-10T16:08:00,Search,P2,VL-1074,Chicago,1.6,39.2,Resolved,
ARC-30455,2024-09-11T13:33:00,Performance,P3,VL-1014,Singapore,0.2,31.3,Resolved,
ARC-30465,2024-09-13T09:41:00,Access / SSO,P2,VL-1024,New York,1.9,2.4,Resolved,
ARC-30467,2024-09-14T09:16:00,Filing error,P3,VL-1203,New York,1.0,48.4,Resolved,
ARC-30454,2024-09-15T14:13:00,Filing error,P3,VL-1172,New York,1.4,37.7,Resolved,
ARC-30485,2024-09-15T17:03:00,Outlook add-in,P3,VL-1174,New York,1.4,25.8,Resolved,
ARC-30483,2024-09-15T18:38:00,Integration,P3,VL-1197,"Washington, DC",2.2,10.2,Resolved,
ARC-30487,2024-09-17T15:08:00,Filing error,P3,VL-1035,New York,0.8,42.8,Resolved,
ARC-30469,2024-09-19T13:28:00,Performance,P2,VL-1168,New York,2.4,5.6,Resolved,
ARC-30471,2024-09-20T08:28:00,Performance,P4,VL-1010,London,1.9,55.3,Resolved,
ARC-30474,2024-09-20T13:58:00,How-to,P4,VL-1170,New York,2.7,33.6,Resolved,
ARC-30452,2024-09-20T17:06:00,Access / SSO,P2,VL-1042,New York,1.5,28.4,Resolved,Escalated to account manager
ARC-30491,2024-09-21T10:49:00,Filing error,P4,VL-1136,New York,2.0,67.4,Resolved,
ARC-30464,2024-09-21T12:20:00,How-to,P3,VL-1132,Houston,2.1,40.6,Resolved,
ARC-30466,2024-09-22T08:50:00,Search,P3,VL-1201,New York,2.2,31.8,Resolved,
ARC-30475,2024-09-22T11:44:00,Search,P3,VL-1179,New York,1.1,15.8,Resolved,
ARC-30472,2024-09-22T12:34:00,Integration,P3,VL-1183,San Francisco,1.7,26.1,Resolved,
ARC-30468,2024-09-22T14:23:00,Search,P3,VL-1114,New York,0.8,22.8,Resolved,
ARC-30477,2024-09-23T18:46:00,Search,P3,VL-1045,Houston,1.7,34.8,Resolved,
ARC-30456,2024-09-24T08:46:00,Performance,P4,VL-1125,San Francisco,2.7,45.6,Resolved,
ARC-30489,2024-09-24T10:17:00,Search,P3,VL-1010,London,1.5,22.4,Resolved,
ARC-30476,2024-09-26T10:12:00,Performance,P3,VL-1069,London,3.8,22.1,Resolved,
ARC-30461,2024-09-27T08:36:00,Outlook add-in,P2,VL-1201,New York,0.6,4.6,Resolved,Workaround provided
ARC-30479,2024-09-28T18:48:00,Access / SSO,P4,VL-1183,San Francisco,1.4,47.7,Resolved,
ARC-30528,2024-10-01T16:54:00,How-to,P2,VL-1109,Dublin,2.6,15.0,Resolved,
ARC-30518,2024-10-01T17:40:00,How-to,P3,VL-1077,"Washington, DC",0.5,17.2,Resolved,
ARC-30517,2024-10-03T08:19:00,Mobile,P3,VL-1147,New York,2.2,23.2,Resolved,
ARC-30512,2024-10-03T11:46:00,Access / SSO,P3,VL-1175,New York,2.4,46.8,Resolved,
ARC-30520,2024-10-03T13:05:00,Search,P3,VL-1013,London,0.8,17.8,Resolved,
ARC-30510,2024-10-03T13:58:00,How-to,P3,VL-1062,"Washington, DC",3.1,34.4,Resolved,
ARC-30507,2024-10-03T15:32:00,Access / SSO,P3,VL-1217,New York,1.3,28.2,Resolved,
ARC-30498,2024-10-04T17:53:00,How-to,P3,VL-1132,Houston,1.1,35.3,Resolved,
ARC-30500,2024-10-04T18:19:00,Search,P3,VL-1066,Singapore,1.4,16.9,Resolved,
ARC-30527,2024-10-05T09:19:00,Outlook add-in,P3,VL-1084,Los Angeles,2.5,24.3,Resolved,
ARC-30496,2024-10-06T10:51:00,Integration,P3,VL-1166,Atlanta,1.2,51.4,Resolved,
ARC-30499,2024-10-07T17:52:00,Search,P3,VL-1027,San Francisco,2.3,46.7,Resolved,
ARC-30506,2024-10-08T17:26:00,Search,P3,VL-1095,"Washington, DC",2.0,31.7,Resolved,
ARC-30515,2024-10-09T13:14:00,Filing error,P3,VL-1125,San Francisco,0.5,22.8,Resolved,
ARC-30493,2024-10-09T14:09:00,Access / SSO,P3,VL-1197,"Washington, DC",1.5,19.5,Resolved,
ARC-30523,2024-10-09T16:15:00,Mobile,P2,VL-1181,New York,2.6,14.3,Closed - no response,
ARC-30531,2024-10-10T09:28:00,Outlook add-in,P4,VL-1013,London,0.4,49.6,Resolved,
ARC-30521,2024-10-10T15:56:00,Search,P3,VL-1126,San Francisco,2.0,52.2,Resolved,
ARC-30524,2024-10-10T16:04:00,Access / SSO,P3,VL-1049,New York,0.2,23.7,Resolved,
ARC-30514,2024-10-11T09:41:00,Performance,P3,VL-1147,New York,0.3,6.8,Closed - no response,
ARC-30529,2024-10-12T11:43:00,How-to,P2,VL-1192,New York,0.9,15.2,Resolved,
ARC-30501,2024-10-12T14:11:00,How-to,P4,VL-1142,New York,0.7,40.6,Resolved,
ARC-30532,2024-10-12T14:51:00,How-to,P3,VL-1120,New York,3.8,30.6,Resolved,
ARC-30505,2024-10-13T16:34:00,Performance,P3,VL-1048,New York,2.9,34.2,Resolved,
ARC-30494,2024-10-14T09:21:00,Integration,P4,VL-1014,Singapore,1.0,61.3,Resolved,
ARC-30533,2024-10-14T15:50:00,Integration,P2,VL-1033,New York,0.9,20.8,Resolved,
ARC-30525,2024-10-14T16:18:00,Outlook add-in,P3,VL-1015,Atlanta,1.4,52.2,Resolved,
ARC-30509,2024-10-15T11:48:00,Access / SSO,P3,VL-1125,San Francisco,2.0,20.7,Resolved,
ARC-30508,2024-10-15T18:39:00,Outlook add-in,P2,VL-1222,New York,3.1,29.9,Resolved,Repeat issue
ARC-30502,2024-10-16T13:22:00,Search,P4,VL-1164,New York,2.8,67.4,Resolved,
ARC-30513,2024-10-17T17:20:00,How-to,P3,VL-1124,Chicago,1.1,21.0,Resolved,
ARC-30534,2024-10-19T11:26:00,Performance,P4,VL-1175,New York,0.2,56.0,Resolved,
ARC-30516,2024-10-19T18:22:00,Filing error,P3,VL-1129,New York,1.0,13.6,Resolved,
ARC-30526,2024-10-21T17:49:00,Integration,P3,VL-1154,London,2.3,21.1,Resolved,
ARC-30530,2024-10-21T18:14:00,Integration,P3,VL-1168,New York,1.1,42.6,Closed - no response,
ARC-30497,2024-10-22T18:28:00,How-to,P3,VL-1046,Chicago,1.0,53.6,Resolved,
ARC-30503,2024-10-23T13:13:00,Access / SSO,P3,VL-1035,New York,1.5,51.7,Resolved,
ARC-30511,2024-10-23T13:15:00,Mobile,P2,VL-1102,San Francisco,1.4,28.9,Resolved,Repeat issue
ARC-30522,2024-10-24T17:36:00,Search,P3,VL-1093,New York,1.0,39.6,Resolved,
ARC-30519,2024-10-25T17:43:00,Search,P2,VL-1114,New York,3.3,5.3,Resolved,
ARC-30535,2024-10-26T11:15:00,Mobile,P2,VL-1186,New York,2.6,27.3,Resolved,
ARC-30495,2024-10-28T10:17:00,Integration,P3,VL-1101,New York,1.7,50.3,Resolved,
ARC-30504,2024-10-28T13:01:00,How-to,P4,VL-1090,New York,0.3,58.0,Resolved,
ARC-30555,2024-11-01T15:16:00,How-to,P3,VL-1046,Chicago,1.5,38.6,Resolved,
ARC-30539,2024-11-02T16:12:00,How-to,P2,VL-1066,Singapore,2.1,28.5,Resolved,
ARC-30538,2024-11-04T08:37:00,Mobile,P3,VL-1032,New York,2.5,30.1,Resolved,
ARC-30554,2024-11-04T12:05:00,Search,P4,VL-1134,New York,2.5,42.3,Resolved,
ARC-30546,2024-11-05T08:05:00,Outlook add-in,P3,VL-1152,Chicago,2.2,34.2,Resolved,
ARC-30561,2024-11-06T11:12:00,How-to,P2,VL-1107,Dublin,2.2,22.3,Resolved,
ARC-30551,2024-11-07T15:09:00,Filing error,P4,VL-1035,New York,1.2,53.7,Resolved,
ARC-30566,2024-11-08T08:39:00,Access / SSO,P3,VL-1050,New York,0.7,23.2,Closed - no response,
ARC-30562,2024-11-08T14:45:00,Search,P4,VL-1066,Singapore,2.4,89.8,Resolved,
ARC-30537,2024-11-08T15:30:00,Outlook add-in,P3,VL-1144,Houston,1.6,42.8,Resolved,
ARC-30564,2024-11-08T15:38:00,Access / SSO,P3,VL-1052,New York,2.8,27.0,Resolved,
ARC-30540,2024-11-08T16:43:00,Search,P4,VL-1139,New York,2.5,52.4,Resolved,
ARC-30569,2024-11-11T17:00:00,Search,P3,VL-1169,New York,1.5,15.4,Resolved,
ARC-30565,2024-11-11T18:04:00,Access / SSO,P3,VL-1108,London,1.5,27.9,Resolved,
ARC-30543,2024-11-12T13:22:00,Search,P4,VL-1039,Chicago,3.0,73.4,Resolved,
ARC-30550,2024-11-12T18:05:00,How-to,P3,VL-1076,Chicago,1.6,48.5,Resolved,
ARC-30563,2024-11-13T12:21:00,Access / SSO,P4,VL-1219,New York,1.0,67.5,Resolved,
ARC-30556,2024-11-14T11:05:00,Search,P4,VL-1019,New York,3.6,57.4,Resolved,
ARC-30560,2024-11-14T13:49:00,Search,P4,VL-1187,New York,3.0,64.5,Resolved,
ARC-30559,2024-11-15T08:15:00,Search,P4,VL-1219,New York,1.2,46.3,Resolved,
ARC-30552,2024-11-16T11:51:00,Mobile,P4,VL-1133,New York,1.8,56.9,Resolved,
ARC-30553,2024-11-16T13:36:00,Mobile,P3,VL-1193,Los Angeles,1.1,19.8,Resolved,
ARC-30567,2024-11-16T16:29:00,Performance,P2,VL-1051,San Francisco,1.4,24.9,Resolved,Repeat issue
ARC-30547,2024-11-18T17:20:00,Outlook add-in,P4,VL-1171,New York,1.9,39.3,Resolved,
ARC-30558,2024-11-20T11:46:00,How-to,P2,VL-1095,"Washington, DC",3.6,46.6,Resolved,Repeat issue
ARC-30545,2024-11-20T14:55:00,Search,P3,VL-1117,"Washington, DC",2.6,14.6,Resolved,
ARC-30541,2024-11-21T10:20:00,How-to,P2,VL-1077,"Washington, DC",1.8,23.8,Resolved,
ARC-30568,2024-11-24T09:16:00,Mobile,P3,VL-1082,New York,1.8,39.1,Resolved,
ARC-30548,2024-11-24T12:01:00,Outlook add-in,P2,VL-1072,London,0.5,8.7,Resolved,Repeat issue
ARC-30536,2024-11-25T09:25:00,Outlook add-in,P3,VL-1194,Chicago,0.2,41.7,Resolved,
ARC-30549,2024-11-25T13:27:00,How-to,P3,VL-1058,New York,2.5,51.7,Resolved,
ARC-30557,2024-11-25T14:49:00,Outlook add-in,P3,VL-1074,Chicago,3.3,46.0,Resolved,
ARC-30544,2024-11-25T18:29:00,Search,P3,VL-1009,New York,0.2,5.0,Resolved,
ARC-30542,2024-11-26T10:25:00,Outlook add-in,P3,VL-1135,New York,2.3,9.0,Resolved,
ARC-30570,2024-11-26T12:04:00,Search,P3,VL-1110,London,1.2,37.5,Resolved,
ARC-30571,2024-11-27T14:35:00,Search,P2,VL-1072,London,1.5,42.5,Resolved,
ARC-30615,2024-12-01T09:21:00,How-to,P3,VL-1132,Houston,0.5,30.3,Resolved,
ARC-30590,2024-12-02T11:08:00,Outlook add-in,P4,VL-1124,Chicago,1.7,47.4,Resolved,
ARC-30576,2024-12-03T09:30:00,How-to,P3,VL-1103,New York,2.3,18.4,Resolved,
ARC-30578,2024-12-04T14:21:00,How-to,P3,VL-1105,London,0.8,19.4,Resolved,
ARC-30593,2024-12-05T14:59:00,Access / SSO,P3,VL-1106,Dublin,2.1,48.6,Resolved,
ARC-30611,2024-12-06T15:20:00,Search,P3,VL-1072,London,2.7,25.6,Resolved,
ARC-30595,2024-12-07T14:27:00,Performance,P2,VL-1077,"Washington, DC",3.3,34.5,Resolved,
ARC-30612,2024-12-07T14:48:00,Mobile,P4,VL-1100,New York,1.9,55.3,Resolved,
ARC-30608,2024-12-07T14:56:00,Mobile,P2,VL-1102,San Francisco,1.8,14.5,Resolved,
ARC-30583,2024-12-07T15:17:00,Access / SSO,P4,VL-1172,New York,1.8,43.1,Resolved,
ARC-30603,2024-12-07T18:15:00,Search,P3,VL-1150,New York,3.7,56.0,Resolved,
ARC-30613,2024-12-08T13:17:00,Search,P3,VL-1090,New York,1.9,22.2,Resolved,
ARC-30585,2024-12-09T09:14:00,Search,P3,VL-1174,New York,3.1,31.6,Resolved,
ARC-30607,2024-12-09T11:31:00,How-to,P3,VL-1050,New York,2.6,34.1,Resolved,
ARC-30614,2024-12-09T12:53:00,Mobile,P2,VL-1086,New York,2.4,2.9,Closed - no response,Escalated to account manager
ARC-30606,2024-12-09T17:54:00,How-to,P3,VL-1092,New York,0.8,36.2,Resolved,
ARC-30579,2024-12-10T13:56:00,Integration,P4,VL-1171,New York,2.1,55.0,Resolved,
ARC-30617,2024-12-11T10:45:00,Filing error,P3,VL-1012,Singapore,1.8,11.5,Resolved,
ARC-30601,2024-12-11T17:10:00,Filing error,P3,VL-1053,New York,1.1,28.8,Resolved,
ARC-30598,2024-12-12T11:34:00,Outlook add-in,P3,VL-1010,London,1.0,1.5,Resolved,
ARC-30602,2024-12-13T09:27:00,Outlook add-in,P4,VL-1136,New York,0.2,48.5,Resolved,
ARC-30589,2024-12-14T08:22:00,Mobile,P3,VL-1217,New York,1.1,30.7,Resolved,
ARC-30582,2024-12-14T18:16:00,How-to,P3,VL-1043,New York,3.5,43.2,Resolved,
ARC-30587,2024-12-15T12:56:00,Performance,P3,VL-1228,New York,3.0,49.4,Resolved,
ARC-30591,2024-12-15T15:42:00,Search,P3,VL-1151,"Washington, DC",2.6,27.7,Resolved,
ARC-30609,2024-12-16T09:41:00,Integration,P3,VL-1106,Dublin,1.9,46.3,Resolved,
ARC-30600,2024-12-18T08:26:00,Mobile,P3,VL-1032,New York,2.3,48.7,Resolved,
ARC-30594,2024-12-18T09:45:00,Access / SSO,P3,VL-1080,Houston,0.6,40.0,Resolved,
ARC-30572,2024-12-18T11:26:00,Integration,P3,VL-1219,New York,1.5,2.0,Resolved,
ARC-30592,2024-12-20T10:57:00,Integration,P3,VL-1150,New York,2.8,16.2,Resolved,
ARC-30597,2024-12-21T14:52:00,Outlook add-in,P4,VL-1089,New York,2.5,55.9,Resolved,
ARC-30584,2024-12-21T16:32:00,Filing error,P2,VL-1069,London,1.5,17.7,Resolved,Repeat issue
ARC-30577,2024-12-21T17:37:00,Search,P3,VL-1203,New York,2.2,2.7,Resolved,
ARC-30574,2024-12-22T08:28:00,Access / SSO,P3,VL-1008,New York,2.8,30.5,Resolved,
ARC-30604,2024-12-22T10:55:00,How-to,P2,VL-1132,Houston,1.8,22.6,Resolved,
ARC-30580,2024-12-22T11:40:00,Access / SSO,P3,VL-1103,New York,1.8,39.0,Resolved,
ARC-30596,2024-12-22T12:37:00,Access / SSO,P3,VL-1072,London,1.9,21.6,Resolved,
ARC-30581,2024-12-22T14:28:00,Integration,P3,VL-1195,New York,0.5,24.9,Resolved,
ARC-30610,2024-12-24T09:09:00,Filing error,P3,VL-1102,San Francisco,2.0,36.9,Resolved,
ARC-30588,2024-12-24T10:37:00,Mobile,P3,VL-1061,New York,2.7,21.7,Resolved,
ARC-30605,2024-12-24T12:35:00,Access / SSO,P2,VL-1086,New York,1.6,34.1,Resolved,
ARC-30599,2024-12-24T17:29:00,Filing error,P4,VL-1068,Mexico City,3.0,36.0,Resolved,
ARC-30616,2024-12-25T11:30:00,Filing error,P3,VL-1127,Houston,1.2,25.6,Resolved,
ARC-30573,2024-12-27T09:36:00,Performance,P4,VL-1102,San Francisco,3.0,39.6,Resolved,
ARC-30586,2024-12-28T11:21:00,Outlook add-in,P3,VL-1204,"Washington, DC",3.3,34.9,Resolved,
ARC-30575,2024-12-28T15:51:00,Performance,P2,VL-1184,New York,1.7,26.2,Resolved,
ARC-30635,2025-01-03T09:17:00,Outlook add-in,P3,VL-1002,New York,4.1,4.6,Resolved,
ARC-30624,2025-01-03T09:55:00,Outlook add-in,P3,VL-1222,New York,1.7,8.5,Resolved,
ARC-30629,2025-01-05T08:33:00,Integration,P2,VL-1173,San Francisco,3.0,23.4,Resolved,
ARC-30636,2025-01-05T14:20:00,Filing error,P4,VL-1163,New York,2.1,55.3,Resolved,
ARC-30642,2025-01-05T14:53:00,Outlook add-in,P2,VL-1077,"Washington, DC",4.0,29.1,Closed - no response,
ARC-30634,2025-01-08T17:17:00,How-to,P3,VL-1217,New York,1.9,19.6,Resolved,
ARC-30646,2025-01-09T10:14:00,Mobile,P2,VL-1180,New York,2.1,37.7,Resolved,
ARC-30638,2025-01-09T18:55:00,Search,P3,VL-1136,New York,2.2,24.6,Resolved,
ARC-30620,2025-01-10T08:24:00,How-to,P3,VL-1015,Atlanta,2.9,46.9,Resolved,
ARC-30652,2025-01-10T08:34:00,How-to,P4,VL-1058,New York,1.9,52.6,Resolved,
ARC-30639,2025-01-10T14:43:00,Filing error,P3,VL-1111,Dublin,3.1,51.3,Resolved,
ARC-30647,2025-01-12T11:44:00,Mobile,P3,VL-1069,London,2.3,42.8,Resolved,
ARC-30622,2025-01-12T18:16:00,How-to,P4,VL-1014,Singapore,2.3,51.5,Resolved,
ARC-30631,2025-01-16T10:58:00,How-to,P4,VL-1171,New York,2.4,52.4,Resolved,
ARC-30632,2025-01-16T11:06:00,How-to,P3,VL-1217,New York,2.8,43.8,Resolved,
ARC-30637,2025-01-17T09:20:00,Mobile,P3,VL-1004,"Washington, DC",2.1,18.4,Resolved,
ARC-30619,2025-01-17T18:33:00,Search,P3,VL-1203,New York,3.2,8.5,Resolved,
ARC-30643,2025-01-18T10:57:00,Filing error,P3,VL-1198,New York,2.8,37.6,Resolved,
ARC-30644,2025-01-21T13:29:00,Access / SSO,P2,VL-1046,Chicago,1.9,35.9,Resolved,Repeat issue
ARC-30625,2025-01-21T15:52:00,Access / SSO,P4,VL-1224,New York,2.7,47.0,Resolved,
ARC-30627,2025-01-21T16:03:00,How-to,P2,VL-1167,Chicago,2.2,20.4,Resolved,Escalated to account manager
ARC-30640,2025-01-21T18:35:00,Performance,P2,VL-1111,Dublin,1.4,27.1,Resolved,
ARC-30650,2025-01-22T08:29:00,Search,P4,VL-1082,New York,1.7,62.2,Resolved,
ARC-30630,2025-01-22T11:37:00,Performance,P3,VL-1004,"Washington, DC",3.3,22.4,Resolved,
ARC-30633,2025-01-22T14:43:00,Access / SSO,P3,VL-1177,New York,3.8,24.8,Resolved,
ARC-30621,2025-01-22T18:01:00,Outlook add-in,P4,VL-1025,Los Angeles,2.7,51.9,Resolved,
ARC-30628,2025-01-23T08:11:00,How-to,P3,VL-1066,Singapore,2.5,21.4,Resolved,
ARC-30618,2025-01-25T15:56:00,How-to,P3,VL-1186,New York,2.9,3.4,Resolved,
ARC-30651,2025-01-26T13:29:00,Performance,P3,VL-1189,Mexico City,4.5,33.5,Resolved,
ARC-30648,2025-01-26T15:07:00,Mobile,P3,VL-1012,Singapore,3.3,37.3,Resolved,
ARC-30623,2025-01-26T15:17:00,How-to,P2,VL-1146,New York,4.2,28.5,Resolved,Escalated to account manager
ARC-30626,2025-01-27T18:00:00,Search,P4,VL-1051,San Francisco,1.0,56.3,Resolved,
ARC-30641,2025-01-28T13:18:00,Outlook add-in,P3,VL-1069,London,2.1,26.1,Resolved,
ARC-30649,2025-01-28T13:36:00,Outlook add-in,P4,VL-1096,New York,1.3,47.8,Resolved,
ARC-30645,2025-01-28T16:23:00,Search,P4,VL-1162,Chicago,1.9,52.8,Resolved,
ARC-30685,2025-02-01T11:11:00,Performance,P3,VL-1154,London,0.9,7.1,Resolved,
ARC-30668,2025-02-01T14:21:00,How-to,P3,VL-1195,New York,1.8,56.1,Resolved,
ARC-30659,2025-02-01T17:34:00,How-to,P4,VL-1132,Houston,2.9,43.4,Resolved,
ARC-30674,2025-02-02T10:34:00,Mobile,P3,VL-1051,San Francisco,2.8,46.2,Resolved,
ARC-30673,2025-02-03T13:17:00,How-to,P3,VL-1195,New York,3.0,23.1,Resolved,
ARC-30656,2025-02-03T18:57:00,Integration,P4,VL-1156,New York,2.8,36.5,Resolved,
ARC-30681,2025-02-04T17:21:00,Outlook add-in,P4,VL-1156,New York,2.1,48.2,Resolved,
ARC-30678,2025-02-05T08:06:00,Outlook add-in,P3,VL-1055,San Francisco,4.0,46.1,Resolved,
ARC-30654,2025-02-05T16:10:00,Access / SSO,P4,VL-1173,San Francisco,0.9,58.7,Resolved,
ARC-30684,2025-02-06T12:06:00,Search,P2,VL-1089,New York,3.3,20.2,Resolved,
ARC-30683,2025-02-06T14:27:00,Search,P4,VL-1069,London,2.3,66.2,Resolved,
ARC-30667,2025-02-06T17:12:00,Search,P3,VL-1171,New York,2.3,38.3,Resolved,
ARC-30665,2025-02-07T17:17:00,How-to,P4,VL-1158,San Francisco,2.1,60.4,Resolved,
ARC-30675,2025-02-08T08:58:00,How-to,P3,VL-1150,New York,3.7,53.1,Resolved,
ARC-30677,2025-02-08T11:40:00,Filing error,P2,VL-1135,New York,3.5,37.5,Resolved,Repeat issue
ARC-30660,2025-02-09T13:07:00,Search,P3,VL-1033,New York,2.7,36.3,Resolved,
ARC-30657,2025-02-11T08:39:00,Performance,P3,VL-1040,New York,3.7,33.2,Resolved,
ARC-30682,2025-02-11T18:57:00,Search,P4,VL-1060,Houston,1.2,51.0,Resolved,
ARC-30658,2025-02-13T12:18:00,How-to,P3,VL-1058,New York,4.3,37.3,Resolved,
ARC-30679,2025-02-14T09:32:00,Access / SSO,P2,VL-1082,New York,4.4,25.7,Resolved,
ARC-30653,2025-02-15T13:56:00,Access / SSO,P4,VL-1170,New York,1.6,43.1,Resolved,
ARC-30661,2025-02-16T14:03:00,How-to,P2,VL-1139,New York,2.7,29.6,Resolved,
ARC-30666,2025-02-16T18:27:00,Search,P3,VL-1015,Atlanta,2.5,32.5,Resolved,
ARC-30669,2025-02-17T11:28:00,Access / SSO,P3,VL-1165,New York,3.9,4.4,Resolved,
ARC-30680,2025-02-19T12:16:00,Search,P3,VL-1147,New York,5.4,29.9,Resolved,
ARC-30671,2025-02-20T08:02:00,Search,P4,VL-1032,New York,2.4,58.9,Resolved,
ARC-30672,2025-02-21T13:29:00,Performance,P4,VL-1042,New York,1.9,62.6,Resolved,
ARC-30664,2025-02-22T08:07:00,Search,P3,VL-1109,Dublin,2.3,2.8,Resolved,
ARC-30663,2025-02-22T10:55:00,How-to,P3,VL-1162,Chicago,2.5,23.8,Resolved,
ARC-30686,2025-02-24T09:07:00,Performance,P4,VL-1006,New York,4.0,33.0,Resolved,
ARC-30655,2025-02-24T18:59:00,Filing error,P2,VL-1038,New York,2.8,12.3,Resolved,
ARC-30676,2025-02-26T16:52:00,Search,P3,VL-1072,London,2.6,37.9,Resolved,
ARC-30670,2025-02-27T12:49:00,Outlook add-in,P4,VL-1168,New York,1.5,55.9,Resolved,
ARC-30662,2025-02-28T13:27:00,Mobile,P3,VL-1106,Dublin,3.5,27.6,Resolved,
ARC-30716,2025-03-01T09:08:00,Integration,P3,VL-1036,Houston,2.9,38.2,Resolved,
ARC-30723,2025-03-01T13:59:00,Performance,P3,VL-1228,New York,1.5,42.5,Resolved,
ARC-30728,2025-03-01T14:47:00,Mobile,P3,VL-1032,New York,1.4,38.3,Resolved,
ARC-30726,2025-03-01T16:41:00,Performance,P4,VL-1114,New York,4.0,69.7,Resolved,
ARC-30697,2025-03-02T13:46:00,How-to,P4,VL-1123,Chicago,2.0,49.5,Resolved,
ARC-30701,2025-03-04T11:37:00,Access / SSO,P4,VL-1186,New York,3.2,42.1,Resolved,
ARC-30703,2025-03-04T16:14:00,Filing error,P2,VL-1210,New York,3.1,16.5,Resolved,
ARC-30724,2025-03-05T16:11:00,Outlook add-in,P4,VL-1079,New York,3.1,27.2,Resolved,
ARC-30713,2025-03-06T08:04:00,How-to,P4,VL-1046,Chicago,1.9,34.4,Resolved,
ARC-30692,2025-03-06T09:49:00,How-to,P3,VL-1184,New York,2.2,26.7,Resolved,
ARC-30714,2025-03-07T10:44:00,Filing error,P4,VL-1184,New York,3.7,81.1,Resolved,
ARC-30718,2025-03-07T17:50:00,Integration,P2,VL-1088,"Washington, DC",1.2,27.8,Resolved,
ARC-30732,2025-03-08T15:57:00,Performance,P2,VL-1144,Houston,2.1,11.7,Resolved,
ARC-30711,2025-03-09T15:07:00,Integration,P3,VL-1009,New York,1.6,19.5,Resolved,
ARC-30706,2025-03-09T17:41:00,Search,P3,VL-1211,Houston,2.8,38.0,Resolved,
ARC-30707,2025-03-10T18:14:00,Search,P3,VL-1073,Houston,3.0,62.3,Resolved,
ARC-30717,2025-03-11T17:40:00,Search,P3,VL-1046,Chicago,0.8,28.0,Resolved,
ARC-30721,2025-03-12T09:14:00,Mobile,P2,VL-1089,New York,1.5,35.1,Resolved,Escalated to account manager
ARC-30725,2025-03-13T08:05:00,Filing error,P3,VL-1035,New York,1.8,33.5,Resolved,
ARC-30720,2025-03-13T16:44:00,Search,P3,VL-1210,New York,2.1,28.4,Resolved,
ARC-30689,2025-03-13T17:27:00,How-to,P3,VL-1124,Chicago,2.5,30.7,Resolved,
ARC-30687,2025-03-14T10:13:00,Access / SSO,P4,VL-1068,Mexico City,2.7,69.4,Resolved,
ARC-30688,2025-03-14T15:54:00,Search,P3,VL-1013,London,1.8,27.7,Resolved,
ARC-30699,2025-03-15T08:12:00,Performance,P3,VL-1056,San Francisco,1.4,17.2,Resolved,
ARC-30698,2025-03-18T16:36:00,How-to,P4,VL-1009,New York,0.6,56.7,Resolved,
ARC-30712,2025-03-19T13:38:00,Search,P2,VL-1042,New York,3.0,14.9,Resolved,Workaround provided
ARC-30727,2025-03-20T12:42:00,Search,P3,VL-1219,New York,2.7,21.1,Resolved,
ARC-30694,2025-03-20T13:54:00,How-to,P3,VL-1167,Chicago,1.3,25.1,Resolved,
ARC-30729,2025-03-21T10:21:00,How-to,P3,VL-1196,Chicago,3.1,11.3,Resolved,
ARC-30693,2025-03-21T17:07:00,How-to,P3,VL-1043,New York,1.6,26.0,Resolved,
ARC-30702,2025-03-22T09:41:00,Mobile,P3,VL-1086,New York,1.2,48.2,Resolved,
ARC-30730,2025-03-22T13:18:00,Search,P4,VL-1001,New York,0.6,31.1,Resolved,
ARC-30705,2025-03-23T10:31:00,Performance,P3,VL-1076,Chicago,2.0,22.2,Resolved,
ARC-30722,2025-03-24T11:06:00,How-to,P3,VL-1090,New York,2.9,26.9,Resolved,
ARC-30708,2025-03-24T11:23:00,Search,P3,VL-1160,Atlanta,4.9,15.8,Resolved,
ARC-30715,2025-03-24T13:00:00,Search,P3,VL-1096,New York,4.3,17.8,Resolved,
ARC-30719,2025-03-24T18:42:00,How-to,P4,VL-1180,New York,1.0,61.4,Resolved,
ARC-30734,2025-03-25T10:08:00,How-to,P3,VL-1004,"Washington, DC",4.1,24.3,Resolved,
ARC-30731,2025-03-26T08:33:00,Filing error,P2,VL-1049,New York,4.7,27.4,Resolved,Escalated to account manager
ARC-30695,2025-03-26T09:43:00,How-to,P3,VL-1070,Singapore,2.8,44.7,Resolved,
ARC-30710,2025-03-26T13:45:00,Outlook add-in,P3,VL-1013,London,2.7,44.6,Resolved,
ARC-30704,2025-03-26T16:09:00,Access / SSO,P2,VL-1106,Dublin,1.8,14.6,Resolved,
ARC-30690,2025-03-26T17:56:00,How-to,P3,VL-1104,Houston,1.3,36.5,Resolved,
ARC-30733,2025-03-27T08:07:00,Performance,P3,VL-1079,New York,3.8,16.4,Resolved,
ARC-30691,2025-03-27T10:23:00,How-to,P3,VL-1127,Houston,2.5,21.6,Resolved,
ARC-30700,2025-03-27T14:17:00,Filing error,P3,VL-1030,New York,1.8,30.3,Closed - no response,
ARC-30696,2025-03-27T17:54:00,Performance,P4,VL-1209,Los Angeles,3.9,81.6,Resolved,
ARC-30709,2025-03-28T18:06:00,Outlook add-in,P2,VL-1210,New York,2.9,25.3,Resolved,
ARC-30757,2025-04-01T15:37:00,Access / SSO,P4,VL-1089,New York,3.7,60.3,Resolved,
ARC-30753,2025-04-03T10:54:00,Access / SSO,P4,VL-1160,Atlanta,3.0,50.4,Resolved,
ARC-30745,2025-04-04T18:13:00,Search,P3,VL-1117,"Washington, DC",2.7,59.2,Resolved,
ARC-30754,2025-04-04T18:41:00,Outlook add-in,P3,VL-1095,"Washington, DC",0.7,26.2,Resolved,
ARC-30742,2025-04-05T11:37:00,Performance,P4,VL-1080,Houston,1.2,56.8,Resolved,
ARC-30739,2025-04-05T18:58:00,Integration,P3,VL-1087,New York,3.0,48.9,Resolved,
ARC-30736,2025-04-06T09:55:00,Integration,P4,VL-1004,"Washington, DC",3.5,75.5,Resolved,
ARC-30737,2025-04-06T11:33:00,Integration,P3,VL-1210,New York,2.0,25.6,Resolved,
ARC-30748,2025-04-06T12:00:00,Mobile,P3,VL-1003,New York,4.4,13.7,Resolved,
ARC-30762,2025-04-06T17:46:00,Performance,P3,VL-1124,Chicago,1.4,19.2,Resolved,
ARC-30747,2025-04-08T09:11:00,Search,P3,VL-1001,New York,2.5,37.5,Resolved,
ARC-30759,2025-04-08T15:17:00,Outlook add-in,P4,VL-1172,New York,2.3,50.9,Resolved,
ARC-30750,2025-04-08T16:36:00,Filing error,P2,VL-1031,New York,2.2,22.9,Resolved,Escalated to account manager
ARC-30763,2025-04-09T08:03:00,Access / SSO,P3,VL-1062,"Washington, DC",2.0,45.8,Resolved,
ARC-30751,2025-04-09T11:32:00,How-to,P3,VL-1159,New York,0.8,3.8,Resolved,
ARC-30764,2025-04-12T14:04:00,Search,P3,VL-1026,New York,2.1,47.8,Resolved,
ARC-30740,2025-04-13T15:01:00,Performance,P3,VL-1134,New York,2.8,25.6,Resolved,
ARC-30744,2025-04-13T17:32:00,Outlook add-in,P2,VL-1101,New York,2.1,26.4,Resolved,Workaround provided
ARC-30746,2025-04-14T18:05:00,How-to,P2,VL-1195,New York,1.8,15.2,Resolved,Workaround provided
ARC-30760,2025-04-16T11:56:00,Search,P2,VL-1013,London,2.1,12.3,Resolved,
ARC-30752,2025-04-18T13:31:00,How-to,P3,VL-1228,New York,3.5,47.1,Resolved,
ARC-30743,2025-04-18T14:34:00,How-to,P3,VL-1178,Atlanta,2.8,36.2,Resolved,
ARC-30761,2025-04-18T18:42:00,How-to,P4,VL-1046,Chicago,0.2,35.3,Resolved,
ARC-30749,2025-04-21T09:29:00,Mobile,P3,VL-1009,New York,1.1,41.0,Resolved,
ARC-30765,2025-04-21T17:53:00,How-to,P4,VL-1088,"Washington, DC",2.2,42.8,Resolved,
ARC-30766,2025-04-25T12:43:00,How-to,P3,VL-1095,"Washington, DC",2.3,23.6,Resolved,
ARC-30758,2025-04-25T14:40:00,Search,P2,VL-1061,New York,4.0,11.9,Resolved,Workaround provided
ARC-30755,2025-04-25T17:44:00,Search,P4,VL-1180,New York,4.0,76.6,Resolved,
ARC-30735,2025-04-26T14:18:00,Search,P3,VL-1142,New York,2.9,46.6,Resolved,
ARC-30741,2025-04-28T08:55:00,Search,P2,VL-1132,Houston,2.1,31.9,Resolved,Workaround provided
ARC-30738,2025-04-28T15:09:00,Filing error,P4,VL-1074,Chicago,4.7,59.8,Closed - no response,
ARC-30756,2025-04-28T17:46:00,Integration,P3,VL-1136,New York,3.6,43.4,Resolved,
ARC-30768,2025-05-02T10:28:00,Mobile,P4,VL-1175,New York,2.3,66.3,Resolved,
ARC-30773,2025-05-02T13:36:00,How-to,P4,VL-1033,New York,1.0,44.5,Resolved,
ARC-30769,2025-05-02T14:08:00,How-to,P2,VL-1156,New York,1.2,30.3,Resolved,Repeat issue
ARC-30785,2025-05-03T13:41:00,Access / SSO,P4,VL-1018,New York,4.0,62.7,Resolved,
ARC-30776,2025-05-04T10:40:00,How-to,P3,VL-1202,New York,2.5,23.8,Resolved,
ARC-30796,2025-05-04T13:28:00,How-to,P3,VL-1225,New York,1.5,33.7,Resolved,
ARC-30781,2025-05-04T18:43:00,Mobile,P3,VL-1200,New York,2.1,6.3,Closed - no response,
ARC-30791,2025-05-05T15:14:00,Performance,P3,VL-1095,"Washington, DC",3.0,20.8,Resolved,
ARC-30790,2025-05-06T16:12:00,Outlook add-in,P2,VL-1151,"Washington, DC",4.2,4.7,Resolved,Repeat issue
ARC-30795,2025-05-07T10:45:00,Outlook add-in,P4,VL-1010,London,2.7,68.0,Resolved,
ARC-30767,2025-05-08T10:19:00,Filing error,P3,VL-1172,New York,2.2,50.4,Resolved,
ARC-30782,2025-05-10T13:01:00,Search,P3,VL-1229,New York,0.6,10.7,Resolved,
ARC-30784,2025-05-11T18:50:00,Performance,P3,VL-1070,Singapore,0.9,44.8,Resolved,
ARC-30798,2025-05-12T08:35:00,Filing error,P2,VL-1060,Houston,0.6,36.9,Resolved,
ARC-30792,2025-05-15T10:03:00,Filing error,P2,VL-1164,New York,1.0,11.4,Resolved,Escalated to account manager
ARC-30777,2025-05-15T16:52:00,Outlook add-in,P3,VL-1126,San Francisco,3.0,22.9,Resolved,
ARC-30801,2025-05-16T09:28:00,Filing error,P3,VL-1025,Los Angeles,3.4,47.2,Resolved,
ARC-30774,2025-05-19T13:52:00,Outlook add-in,P3,VL-1150,New York,1.1,45.1,Closed - no response,
ARC-30783,2025-05-20T11:18:00,Search,P2,VL-1117,"Washington, DC",0.2,38.8,Resolved,
ARC-30771,2025-05-20T12:09:00,Filing error,P2,VL-1035,New York,0.9,38.5,Resolved,Repeat issue
ARC-30799,2025-05-20T13:33:00,Filing error,P4,VL-1004,"Washington, DC",1.7,63.3,Resolved,
ARC-30800,2025-05-20T15:47:00,How-to,P3,VL-1096,New York,2.6,37.7,Resolved,
ARC-30772,2025-05-21T08:49:00,Search,P4,VL-1105,London,1.5,52.6,Resolved,
ARC-30788,2025-05-22T11:59:00,How-to,P3,VL-1027,San Francisco,3.2,16.6,Resolved,
ARC-30775,2025-05-22T15:33:00,Search,P3,VL-1207,New York,1.7,41.4,Resolved,
ARC-30786,2025-05-23T10:57:00,Performance,P3,VL-1105,London,1.9,25.8,Resolved,
ARC-30794,2025-05-23T16:20:00,Outlook add-in,P4,VL-1100,New York,4.0,82.7,Resolved,
ARC-30780,2025-05-24T10:10:00,Performance,P3,VL-1013,London,2.3,45.1,Resolved,
ARC-30787,2025-05-25T08:41:00,Outlook add-in,P3,VL-1115,Chicago,4.1,39.7,Resolved,
ARC-30797,2025-05-25T12:29:00,Search,P3,VL-1080,Houston,1.6,44.2,Resolved,
ARC-30778,2025-05-26T09:58:00,Search,P4,VL-1019,New York,3.1,46.6,Resolved,
ARC-30793,2025-05-26T11:15:00,Search,P4,VL-1051,San Francisco,3.4,51.1,Resolved,
ARC-30770,2025-05-26T15:00:00,Filing error,P3,VL-1046,Chicago,1.8,29.4,Resolved,
ARC-30779,2025-05-28T13:32:00,Filing error,P4,VL-1102,San Francisco,2.6,69.2,Resolved,
ARC-30789,2025-05-28T15:34:00,Mobile,P3,VL-1150,New York,3.1,53.3,Resolved,
ARC-30832,2025-06-01T16:34:00,Performance,P4,VL-1019,New York,0.8,48.1,Resolved,
ARC-30839,2025-06-02T09:21:00,Access / SSO,P3,VL-1109,Dublin,3.3,49.2,Closed - no response,
ARC-30815,2025-06-03T17:36:00,Mobile,P2,VL-1134,New York,3.3,14.7,Resolved,
ARC-30803,2025-06-03T18:59:00,Mobile,P4,VL-1162,Chicago,3.9,55.6,Resolved,
ARC-30818,2025-06-04T10:24:00,Outlook add-in,P3,VL-1177,New York,2.0,40.5,Resolved,
ARC-30819,2025-06-05T09:20:00,Performance,P3,VL-1181,New York,3.4,22.4,Resolved,
ARC-30816,2025-06-05T10:56:00,Mobile,P3,VL-1174,New York,1.6,27.3,Resolved,
ARC-30802,2025-06-05T12:46:00,Access / SSO,P3,VL-1132,Houston,1.1,41.5,Resolved,
ARC-30823,2025-06-06T09:38:00,How-to,P3,VL-1027,San Francisco,1.2,22.8,Resolved,
ARC-30836,2025-06-06T15:47:00,How-to,P3,VL-1088,"Washington, DC",4.0,56.7,Resolved,
ARC-30808,2025-06-06T17:25:00,How-to,P2,VL-1022,San Francisco,1.4,3.9,Resolved,
ARC-30806,2025-06-07T08:13:00,How-to,P4,VL-1127,Houston,1.1,74.7,Resolved,
ARC-30820,2025-06-07T15:08:00,Search,P3,VL-1057,Chicago,2.9,33.3,Resolved,
ARC-30805,2025-06-07T15:26:00,How-to,P2,VL-1103,New York,2.1,18.7,Resolved,
ARC-30837,2025-06-08T08:19:00,Integration,P3,VL-1013,London,1.2,10.3,Resolved,
ARC-30831,2025-06-10T13:34:00,Outlook add-in,P4,VL-1144,Houston,2.9,38.5,Resolved,
ARC-30817,2025-06-10T15:25:00,Filing error,P3,VL-1027,San Francisco,4.0,31.9,Resolved,
ARC-30821,2025-06-10T16:44:00,Outlook add-in,P2,VL-1156,New York,4.0,30.1,Resolved,Escalated to account manager
ARC-30810,2025-06-11T09:04:00,How-to,P3,VL-1229,New York,3.5,28.6,Resolved,
ARC-30849,2025-06-12T14:13:00,Filing error,P4,VL-1008,New York,2.1,49.7,Resolved,
ARC-30829,2025-06-12T14:15:00,How-to,P3,VL-1088,"Washington, DC",3.1,29.6,Resolved,
ARC-30838,2025-06-13T15:29:00,How-to,P3,VL-1195,New York,3.6,42.8,Resolved,
ARC-30807,2025-06-13T16:33:00,How-to,P4,VL-1162,Chicago,1.4,61.9,Resolved,
ARC-30842,2025-06-15T08:34:00,How-to,P3,VL-1103,New York,3.8,4.7,Resolved,
ARC-30826,2025-06-15T08:42:00,Performance,P3,VL-1022,San Francisco,1.9,27.6,Resolved,
ARC-30845,2025-06-15T13:35:00,Integration,P4,VL-1207,New York,3.2,70.5,Resolved,
ARC-30827,2025-06-16T10:41:00,Filing error,P2,VL-1018,New York,1.9,2.4,Resolved,Escalated to account manager
ARC-30846,2025-06-16T16:38:00,Search,P4,VL-1156,New York,1.6,43.9,Resolved,
ARC-30830,2025-06-16T18:15:00,Search,P3,VL-1167,Chicago,1.2,26.4,Resolved,
ARC-30834,2025-06-16T18:46:00,How-to,P3,VL-1088,"Washington, DC",1.3,19.0,Resolved,
ARC-30825,2025-06-17T12:31:00,Filing error,P4,VL-1220,"Washington, DC",4.2,42.0,Resolved,
ARC-30847,2025-06-17T18:39:00,Filing error,P4,VL-1055,San Francisco,2.1,62.2,Resolved,
ARC-30814,2025-06-18T15:38:00,Search,P3,VL-1115,Chicago,1.3,19.7,Resolved,
ARC-30835,2025-06-19T12:26:00,Access / SSO,P4,VL-1200,New York,4.5,55.3,Resolved,
ARC-30841,2025-06-19T14:34:00,Search,P4,VL-1106,Dublin,3.3,95.0,Resolved,
ARC-30833,2025-06-20T12:49:00,How-to,P3,VL-1032,New York,0.8,26.7,Resolved,
ARC-30848,2025-06-21T15:21:00,How-to,P4,VL-1216,New York,4.3,49.0,Resolved,
ARC-30813,2025-06-21T18:03:00,Outlook add-in,P3,VL-1070,Singapore,3.5,24.9,Resolved,
ARC-30828,2025-06-22T09:15:00,Outlook add-in,P3,VL-1021,Atlanta,1.6,30.3,Resolved,
ARC-30844,2025-06-22T12:40:00,Search,P4,VL-1229,New York,2.7,45.6,Resolved,
ARC-30824,2025-06-22T13:52:00,Access / SSO,P3,VL-1171,New York,2.8,50.2,Resolved,
ARC-30804,2025-06-22T14:02:00,Mobile,P3,VL-1120,New York,3.8,40.5,Resolved,
ARC-30840,2025-06-23T08:27:00,Performance,P3,VL-1195,New York,2.4,27.8,Resolved,
ARC-30811,2025-06-24T10:55:00,How-to,P3,VL-1046,Chicago,2.1,35.2,Resolved,
ARC-30822,2025-06-25T18:43:00,Search,P3,VL-1038,New York,3.2,30.0,Resolved,
ARC-30809,2025-06-26T18:51:00,Outlook add-in,P3,VL-1109,Dublin,4.1,4.6,Resolved,
ARC-30843,2025-06-27T10:20:00,Outlook add-in,P4,VL-1185,San Francisco,0.8,67.9,Resolved,
ARC-30850,2025-06-27T16:48:00,Performance,P2,VL-1096,New York,0.4,16.9,Resolved,Repeat issue
ARC-30812,2025-06-28T08:01:00,How-to,P4,VL-1115,Chicago,1.9,50.7,Resolved,
ARC-30863,2025-07-01T15:23:00,Access / SSO,P4,VL-1156,New York,4.8,51.7,Resolved,
ARC-30860,2025-07-02T08:49:00,Search,P2,VL-1202,New York,6.3,23.4,Resolved,Workaround provided
ARC-30851,2025-07-02T15:24:00,Outlook add-in,P3,VL-1180,New York,5.0,35.6,Resolved,
ARC-30854,2025-07-03T11:08:00,Access / SSO,P4,VL-1130,New York,6.5,60.1,Resolved,
ARC-30877,2025-07-03T17:42:00,Search,P3,VL-1173,San Francisco,3.9,57.6,Resolved,
ARC-30870,2025-07-05T09:08:00,Mobile,P4,VL-1132,Houston,5.4,64.5,Resolved,
ARC-30887,2025-07-05T11:28:00,Performance,P2,VL-1109,Dublin,5.5,35.7,Resolved,Repeat issue
ARC-30858,2025-07-06T10:14:00,How-to,P2,VL-1167,Chicago,3.1,30.3,Resolved,
ARC-30883,2025-07-06T16:57:00,How-to,P4,VL-1058,New York,8.3,78.2,Resolved,
ARC-30859,2025-07-09T13:10:00,How-to,P4,VL-1132,Houston,2.0,54.0,Resolved,
ARC-30865,2025-07-09T17:02:00,Outlook add-in,P2,VL-1146,New York,4.0,23.9,Closed - no response,
ARC-30879,2025-07-09T18:40:00,How-to,P3,VL-1036,Houston,4.8,39.7,Resolved,
ARC-30886,2025-07-10T11:30:00,Integration,P4,VL-1087,New York,6.2,61.4,Resolved,
ARC-30864,2025-07-10T15:15:00,Integration,P3,VL-1038,New York,3.8,39.7,Resolved,
ARC-30880,2025-07-10T18:45:00,Outlook add-in,P3,VL-1089,New York,5.4,41.9,Resolved,
ARC-30857,2025-07-11T16:30:00,Outlook add-in,P3,VL-1042,New York,5.3,14.7,Resolved,
ARC-30856,2025-07-12T09:57:00,Performance,P4,VL-1105,London,8.4,48.2,Resolved,
ARC-30869,2025-07-13T08:34:00,How-to,P4,VL-1046,Chicago,8.9,73.5,Resolved,
ARC-30855,2025-07-13T18:32:00,Performance,P4,VL-1077,"Washington, DC",3.2,32.2,Resolved,
ARC-30872,2025-07-14T10:59:00,How-to,P2,VL-1104,Houston,5.2,37.7,Resolved,
ARC-30853,2025-07-14T18:15:00,Access / SSO,P3,VL-1017,New York,1.6,21.3,Resolved,
ARC-30871,2025-07-15T15:12:00,Access / SSO,P4,VL-1028,"Washington, DC",2.2,46.7,Resolved,
ARC-30867,2025-07-15T17:53:00,Performance,P4,VL-1001,New York,6.6,82.0,Resolved,
ARC-30876,2025-07-17T13:20:00,Performance,P3,VL-1150,New York,1.2,8.2,Resolved,
ARC-30862,2025-07-18T15:03:00,How-to,P2,VL-1083,New York,4.8,8.4,Resolved,
ARC-30888,2025-07-19T13:34:00,How-to,P3,VL-1033,New York,8.5,43.1,Closed - no response,
ARC-30873,2025-07-20T10:29:00,Mobile,P4,VL-1015,Atlanta,6.8,60.0,Resolved,
ARC-30861,2025-07-20T17:18:00,How-to,P3,VL-1042,New York,5.0,48.1,Resolved,
ARC-30885,2025-07-21T12:27:00,Performance,P3,VL-1230,New York,4.2,32.5,Resolved,
ARC-30852,2025-07-21T17:49:00,How-to,P3,VL-1006,New York,4.8,59.4,Resolved,
ARC-30882,2025-07-21T18:11:00,Outlook add-in,P3,VL-1103,New York,0.7,25.9,Resolved,
ARC-30875,2025-07-22T14:26:00,Search,P4,VL-1202,New York,4.2,62.7,Resolved,
ARC-30868,2025-07-23T17:33:00,Outlook add-in,P4,VL-1192,New York,5.2,48.9,Resolved,
ARC-30878,2025-07-24T08:31:00,How-to,P3,VL-1069,London,8.5,51.0,Resolved,
ARC-30874,2025-07-24T17:25:00,Search,P3,VL-1133,New York,7.5,41.6,Resolved,
ARC-30881,2025-07-26T13:22:00,Integration,P2,VL-1157,San Francisco,5.2,13.4,Resolved,
ARC-30866,2025-07-27T10:40:00,How-to,P4,VL-1041,New York,3.9,46.6,Resolved,
ARC-30884,2025-07-27T16:04:00,Access / SSO,P4,VL-1219,New York,8.0,40.0,Resolved,
ARC-30907,2025-08-02T15:49:00,Integration,P3,VL-1047,New York,4.9,55.8,Resolved,
ARC-30927,2025-08-03T08:17:00,Search,P2,VL-1111,Dublin,5.8,27.3,Resolved,Repeat issue
ARC-30911,2025-08-03T17:23:00,Integration,P2,VL-1104,Houston,5.8,28.0,Resolved,
ARC-30914,2025-08-04T09:19:00,How-to,P3,VL-1093,New York,5.3,12.6,Resolved,
ARC-30931,2025-08-05T08:31:00,Integration,P3,VL-1159,New York,8.2,48.0,Resolved,
ARC-30899,2025-08-05T09:14:00,Mobile,P2,VL-1180,New York,8.6,49.2,Resolved,
ARC-30894,2025-08-05T18:04:00,Access / SSO,P3,VL-1189,Mexico City,0.4,35.6,Resolved,
ARC-30928,2025-08-06T08:40:00,Access / SSO,P3,VL-1001,New York,5.5,50.5,Resolved,
ARC-30915,2025-08-06T14:16:00,How-to,P3,VL-1026,New York,4.7,62.5,Resolved,
ARC-30901,2025-08-08T12:44:00,Integration,P3,VL-1186,New York,4.9,15.5,Resolved,
ARC-30895,2025-08-09T12:30:00,How-to,P3,VL-1083,New York,2.2,7.3,Resolved,
ARC-30916,2025-08-09T15:14:00,Search,P3,VL-1136,New York,6.3,32.0,Resolved,
ARC-30924,2025-08-09T18:03:00,Search,P2,VL-1196,Chicago,7.6,50.7,Resolved,Repeat issue
ARC-30903,2025-08-10T18:34:00,Performance,P3,VL-1164,New York,5.1,28.3,Resolved,
ARC-30918,2025-08-11T13:20:00,How-to,P3,VL-1123,Chicago,4.6,5.3,Closed - no response,
ARC-30900,2025-08-14T12:18:00,Mobile,P2,VL-1031,New York,2.2,13.1,Resolved,Repeat issue
ARC-30905,2025-08-15T09:27:00,Integration,P4,VL-1089,New York,3.9,78.9,Resolved,
ARC-30908,2025-08-15T09:46:00,How-to,P4,VL-1143,New York,7.9,73.8,Resolved,
ARC-30898,2025-08-15T17:29:00,Mobile,P4,VL-1203,New York,2.0,37.0,Resolved,
ARC-30929,2025-08-15T18:11:00,Performance,P2,VL-1019,New York,5.2,30.7,Resolved,
ARC-30897,2025-08-15T18:46:00,Outlook add-in,P3,VL-1035,New York,3.2,35.2,Resolved,
ARC-30893,2025-08-16T09:33:00,Outlook add-in,P4,VL-1060,Houston,0.2,67.1,Resolved,
ARC-30910,2025-08-16T10:52:00,How-to,P2,VL-1077,"Washington, DC",6.1,22.3,Resolved,
ARC-30891,2025-08-16T13:49:00,How-to,P3,VL-1037,Atlanta,3.6,61.9,Resolved,
ARC-30917,2025-08-17T09:48:00,Outlook add-in,P3,VL-1171,New York,4.2,33.3,Resolved,
ARC-30926,2025-08-17T18:47:00,How-to,P2,VL-1082,New York,5.7,20.2,Resolved,Repeat issue
ARC-30922,2025-08-18T18:20:00,Filing error,P3,VL-1103,New York,6.2,45.0,Resolved,
ARC-30912,2025-08-19T16:08:00,Filing error,P3,VL-1181,New York,3.3,21.9,Resolved,
ARC-30930,2025-08-20T16:05:00,Search,P3,VL-1197,"Washington, DC",5.3,40.6,Resolved,
ARC-30889,2025-08-21T13:13:00,Search,P2,VL-1168,New York,0.8,27.6,Closed - no response,Repeat issue
ARC-30890,2025-08-21T16:00:00,Performance,P3,VL-1211,Houston,6.1,34.8,Resolved,
ARC-30909,2025-08-22T17:14:00,How-to,P2,VL-1218,New York,6.6,14.0,Resolved,
ARC-30925,2025-08-23T08:33:00,Performance,P2,VL-1082,New York,6.5,7.0,Resolved,Escalated to account manager
ARC-30906,2025-08-23T09:17:00,How-to,P4,VL-1159,New York,5.4,66.8,Resolved,
ARC-30921,2025-08-23T12:03:00,How-to,P3,VL-1116,New York,8.6,30.9,Resolved,
ARC-30920,2025-08-23T12:52:00,Integration,P2,VL-1207,New York,3.8,33.6,Resolved,
ARC-30892,2025-08-23T15:35:00,Filing error,P3,VL-1156,New York,4.6,34.8,Resolved,
ARC-30904,2025-08-24T18:50:00,How-to,P4,VL-1026,New York,3.9,27.7,Resolved,
ARC-30923,2025-08-25T13:18:00,How-to,P3,VL-1168,New York,6.1,29.2,Resolved,
ARC-30919,2025-08-25T16:30:00,Outlook add-in,P4,VL-1043,New York,3.3,53.3,Resolved,
ARC-30896,2025-08-26T11:50:00,Outlook add-in,P3,VL-1006,New York,7.9,37.2,Resolved,
ARC-30913,2025-08-26T16:44:00,Mobile,P2,VL-1048,New York,4.3,19.9,Resolved,Escalated to account manager
ARC-30932,2025-08-27T08:32:00,Filing error,P4,VL-1062,"Washington, DC",3.2,63.8,Resolved,
ARC-30902,2025-08-27T17:21:00,Filing error,P2,VL-1152,Chicago,5.9,40.2,Resolved,
ARC-30934,2025-09-01T08:01:00,Outlook add-in,P2,VL-1067,Singapore,5.0,16.1,Resolved,Workaround provided
ARC-30958,2025-09-01T11:58:00,How-to,P2,VL-1149,New York,0.7,38.9,Resolved,Escalated to account manager
ARC-30947,2025-09-01T15:49:00,How-to,P4,VL-1043,New York,3.8,62.9,Resolved,
ARC-30969,2025-09-02T08:04:00,How-to,P3,VL-1088,"Washington, DC",6.7,36.3,Resolved,
ARC-30949,2025-09-02T10:01:00,Outlook add-in,P3,VL-1098,Chicago,4.5,34.1,Resolved,
ARC-30936,2025-09-02T16:58:00,Search,P3,VL-1045,Houston,8.5,26.4,Resolved,
ARC-30948,2025-09-03T16:12:00,How-to,P3,VL-1083,New York,6.1,52.9,Resolved,
ARC-30970,2025-09-03T16:22:00,How-to,P2,VL-1159,New York,2.9,40.7,Resolved,Workaround provided
ARC-30944,2025-09-03T16:24:00,Integration,P2,VL-1211,Houston,1.5,12.2,Resolved,
ARC-30955,2025-09-05T08:00:00,How-to,P3,VL-1216,New York,7.6,65.7,Resolved,
ARC-30962,2025-09-05T16:37:00,Search,P4,VL-1073,Houston,3.2,80.8,Resolved,
ARC-30964,2025-09-07T14:46:00,Integration,P3,VL-1031,New York,7.2,34.2,Resolved,
ARC-30971,2025-09-07T15:54:00,How-to,P2,VL-1129,New York,8.2,17.4,Resolved,Workaround provided
ARC-30966,2025-09-08T12:03:00,How-to,P3,VL-1162,Chicago,6.2,6.7,Resolved,
ARC-30946,2025-09-09T18:57:00,Search,P4,VL-1230,New York,6.1,43.6,Resolved,
ARC-30952,2025-09-11T15:58:00,Mobile,P3,VL-1084,Los Angeles,4.9,18.6,Resolved,
ARC-30954,2025-09-11T15:58:00,How-to,P2,VL-1039,Chicago,8.3,15.8,Resolved,Workaround provided
ARC-30939,2025-09-12T16:31:00,Performance,P3,VL-1185,San Francisco,9.8,40.9,Resolved,
ARC-30950,2025-09-13T09:20:00,Mobile,P2,VL-1224,New York,7.3,8.5,Resolved,Repeat issue
ARC-30959,2025-09-13T16:59:00,Mobile,P4,VL-1043,New York,3.8,43.8,Resolved,
ARC-30942,2025-09-13T17:19:00,How-to,P4,VL-1176,New York,9.3,58.3,Resolved,
ARC-30968,2025-09-14T13:42:00,Integration,P4,VL-1107,Dublin,3.7,54.7,Resolved,
ARC-30951,2025-09-15T08:42:00,Mobile,P4,VL-1154,London,3.8,36.9,Resolved,
ARC-30933,2025-09-16T10:39:00,Outlook add-in,P3,VL-1003,New York,6.3,40.1,Resolved,
ARC-30957,2025-09-16T11:30:00,Outlook add-in,P3,VL-1010,London,4.2,33.3,Resolved,
ARC-30956,2025-09-16T12:41:00,Outlook add-in,P3,VL-1101,New York,6.1,76.4,Resolved,
ARC-30940,2025-09-17T18:03:00,How-to,P4,VL-1195,New York,2.0,40.3,Resolved,
ARC-30965,2025-09-20T08:15:00,Search,P2,VL-1122,New York,4.7,10.1,Resolved,
ARC-30937,2025-09-20T14:02:00,Outlook add-in,P2,VL-1210,New York,6.8,7.3,Resolved,Escalated to account manager
ARC-30967,2025-09-21T12:19:00,How-to,P3,VL-1155,Chicago,3.0,67.4,Resolved,
ARC-30938,2025-09-22T12:02:00,How-to,P3,VL-1155,Chicago,6.7,18.8,Resolved,
ARC-30961,2025-09-22T13:22:00,Search,P3,VL-1149,New York,2.9,16.2,Resolved,
ARC-30935,2025-09-23T08:42:00,Outlook add-in,P3,VL-1007,London,3.6,22.7,Resolved,
ARC-30945,2025-09-23T18:41:00,How-to,P3,VL-1229,New York,5.6,50.2,Resolved,
ARC-30941,2025-09-25T11:26:00,Outlook add-in,P2,VL-1111,Dublin,4.4,21.5,Resolved,
ARC-30963,2025-09-25T12:23:00,Performance,P3,VL-1032,New York,5.3,29.5,Resolved,
ARC-30953,2025-09-26T17:20:00,Integration,P3,VL-1040,New York,6.2,45.2,Resolved,
ARC-30943,2025-09-27T09:18:00,How-to,P3,VL-1076,Chicago,7.5,28.9,Resolved,
ARC-30960,2025-09-27T13:20:00,Search,P3,VL-1198,New York,7.4,14.6,Resolved,
ARC-30973,2025-10-03T14:13:00,How-to,P4,VL-1149,New York,0.8,69.6,Resolved,
ARC-31001,2025-10-04T09:04:00,Outlook add-in,P3,VL-1093,New York,4.8,28.7,Resolved,
ARC-31005,2025-10-04T12:58:00,Mobile,P3,VL-1031,New York,5.4,53.7,Resolved,
ARC-31004,2025-10-05T12:43:00,Outlook add-in,P3,VL-1185,San Francisco,4.2,23.1,Resolved,
ARC-30981,2025-10-05T16:54:00,Performance,P3,VL-1013,London,4.1,33.4,Resolved,
ARC-30999,2025-10-06T12:14:00,Performance,P2,VL-1069,London,5.9,10.3,Resolved,
ARC-30985,2025-10-06T16:17:00,Search,P3,VL-1073,Houston,5.6,52.3,Resolved,
ARC-31000,2025-10-09T09:37:00,Search,P3,VL-1095,"Washington, DC",2.5,33.5,Resolved,
ARC-30978,2025-10-09T18:51:00,Integration,P3,VL-1211,Houston,11.2,25.9,Resolved,
ARC-30972,2025-10-10T13:30:00,Mobile,P3,VL-1024,New York,6.0,24.1,Resolved,
ARC-30982,2025-10-11T08:07:00,Performance,P2,VL-1084,Los Angeles,7.2,23.2,Resolved,
ARC-30983,2025-10-11T15:26:00,Outlook add-in,P4,VL-1225,New York,6.7,58.7,Resolved,
ARC-30996,2025-10-13T11:19:00,How-to,P3,VL-1092,New York,6.5,55.4,Resolved,
ARC-30977,2025-10-13T15:49:00,How-to,P3,VL-1218,New York,6.9,25.3,Resolved,
ARC-30984,2025-10-13T15:49:00,How-to,P3,VL-1077,"Washington, DC",5.7,46.0,Resolved,
ARC-31003,2025-10-15T11:24:00,Access / SSO,P4,VL-1224,New York,5.1,49.2,Resolved,
ARC-30974,2025-10-15T12:43:00,Filing error,P2,VL-1037,Atlanta,4.1,20.5,Resolved,
ARC-30990,2025-10-15T18:54:00,Mobile,P3,VL-1177,New York,8.4,16.4,Resolved,
ARC-31007,2025-10-17T12:43:00,How-to,P4,VL-1176,New York,5.8,70.0,Resolved,
ARC-30976,2025-10-17T15:02:00,Integration,P3,VL-1146,New York,5.0,39.2,Resolved,
ARC-30988,2025-10-19T13:53:00,Performance,P4,VL-1013,London,6.6,44.1,Resolved,
ARC-30979,2025-10-20T09:06:00,Performance,P3,VL-1128,New York,3.7,31.2,Resolved,
ARC-31008,2025-10-20T10:32:00,Search,P2,VL-1052,New York,5.2,5.7,Resolved,Escalated to account manager
ARC-30997,2025-10-20T16:27:00,Performance,P3,VL-1061,New York,8.8,14.1,Resolved,
ARC-30994,2025-10-20T17:16:00,Integration,P3,VL-1129,New York,5.9,33.3,Resolved,
ARC-30987,2025-10-21T09:12:00,Search,P3,VL-1133,New York,5.1,15.7,Resolved,
ARC-30986,2025-10-22T09:14:00,Search,P3,VL-1084,Los Angeles,4.5,40.7,Resolved,
ARC-30995,2025-10-22T10:41:00,Search,P3,VL-1173,San Francisco,6.7,21.8,Resolved,
ARC-30989,2025-10-22T11:42:00,How-to,P3,VL-1112,New York,6.1,28.5,Resolved,
ARC-30992,2025-10-22T18:56:00,Access / SSO,P4,VL-1203,New York,10.3,53.9,Resolved,
ARC-30975,2025-10-23T10:41:00,Search,P3,VL-1072,London,6.8,37.0,Resolved,
ARC-30980,2025-10-23T14:35:00,Performance,P3,VL-1041,New York,9.3,45.8,Resolved,
ARC-30991,2025-10-24T14:43:00,Filing error,P3,VL-1190,San Francisco,0.2,24.2,Closed - no response,
ARC-31006,2025-10-25T14:19:00,Outlook add-in,P3,VL-1105,London,2.0,10.2,Resolved,
ARC-31002,2025-10-27T10:45:00,Filing error,P3,VL-1091,Atlanta,4.6,24.5,Resolved,
ARC-31009,2025-10-28T12:44:00,Search,P3,VL-1099,New York,5.6,42.6,Closed - no response,
ARC-30993,2025-10-28T14:47:00,Search,P4,VL-1220,"Washington, DC",4.4,50.1,Resolved,
ARC-30998,2025-10-28T16:05:00,Search,P2,VL-1224,New York,6.6,45.1,Resolved,
ARC-31072,2025-11-01T09:37:00,How-to,P4,VL-1229,New York,4.0,41.8,Resolved,
ARC-31044,2025-11-01T13:40:00,Search,P3,VL-1007,London,4.4,47.0,Resolved,
ARC-31053,2025-11-02T10:04:00,How-to,P4,VL-1229,New York,2.3,68.9,Resolved,
ARC-31074,2025-11-02T14:37:00,Access / SSO,P2,VL-1135,New York,4.9,27.9,Closed - no response,
ARC-31016,2025-11-02T15:20:00,Access / SSO,P3,VL-1163,New York,2.7,11.5,Resolved,
ARC-31094,2025-11-02T18:07:00,Access / SSO,P3,VL-1145,New York,8.6,42.8,Resolved,
ARC-31057,2025-11-03T11:37:00,Mobile,P4,VL-1176,New York,7.0,59.4,Resolved,
ARC-31087,2025-11-03T11:56:00,Access / SSO,P2,VL-1115,Chicago,5.3,38.0,Resolved,Escalated to account manager
ARC-31098,2025-11-03T13:34:00,Performance,P3,VL-1112,New York,3.6,25.3,Resolved,
ARC-31015,2025-11-03T16:25:00,Performance,P4,VL-1053,New York,8.6,59.6,Resolved,
ARC-31099,2025-11-04T11:35:00,Access / SSO,P2,VL-1150,New York,1.7,34.6,Resolved,
ARC-31041,2025-11-04T16:44:00,Filing error,P3,VL-1014,Singapore,9.1,22.9,Resolved,
ARC-31055,2025-11-05T11:21:00,Outlook add-in,P3,VL-1181,New York,3.8,41.5,Resolved,
ARC-31051,2025-11-05T16:35:00,Access / SSO,P4,VL-1084,Los Angeles,3.6,51.2,Resolved,
ARC-31067,2025-11-05T17:49:00,How-to,P4,VL-1063,New York,6.6,76.9,Resolved,
ARC-31024,2025-11-05T17:54:00,Access / SSO,P3,VL-1007,London,7.3,54.9,Resolved,
ARC-31048,2025-11-06T11:05:00,Access / SSO,P4,VL-1175,New York,2.8,64.9,Resolved,
ARC-31038,2025-11-06T11:29:00,Filing error,P2,VL-1128,New York,4.1,54.1,Closed - no response,
ARC-31018,2025-11-06T14:13:00,Access / SSO,P3,VL-1149,New York,3.4,26.4,Resolved,
ARC-31068,2025-11-07T08:17:00,Access / SSO,P4,VL-1075,New York,6.0,47.5,Resolved,
ARC-31046,2025-11-07T08:38:00,Performance,P3,VL-1117,"Washington, DC",5.6,31.7,Resolved,
ARC-31091,2025-11-07T08:42:00,Access / SSO,P4,VL-1108,London,3.2,50.0,Resolved,
ARC-31062,2025-11-07T12:08:00,Access / SSO,P2,VL-1047,New York,6.8,42.1,Resolved,Repeat issue
ARC-31020,2025-11-08T09:27:00,Access / SSO,P2,VL-1070,Singapore,4.2,4.7,Resolved,Escalated to account manager
ARC-31092,2025-11-08T12:18:00,Access / SSO,P2,VL-1132,Houston,5.6,18.6,Resolved,
ARC-31042,2025-11-08T14:25:00,How-to,P2,VL-1088,"Washington, DC",3.1,41.6,Resolved,Escalated to account manager
ARC-31059,2025-11-09T11:24:00,Access / SSO,P3,VL-1045,Houston,3.9,34.1,Resolved,
ARC-31056,2025-11-09T13:30:00,Outlook add-in,P3,VL-1106,Dublin,4.5,21.1,Resolved,
ARC-31049,2025-11-09T13:32:00,Outlook add-in,P3,VL-1218,New York,3.8,50.8,Resolved,
ARC-31021,2025-11-09T16:49:00,Filing error,P3,VL-1005,New York,6.0,41.8,Resolved,
ARC-31033,2025-11-10T09:53:00,Search,P3,VL-1172,New York,0.6,23.8,Resolved,
ARC-31095,2025-11-10T15:11:00,Outlook add-in,P2,VL-1184,New York,4.3,35.2,Resolved,
ARC-31090,2025-11-10T17:07:00,Performance,P3,VL-1078,New York,2.6,19.1,Resolved,
ARC-31088,2025-11-11T12:04:00,Access / SSO,P3,VL-1063,New York,9.5,37.9,Resolved,
ARC-31065,2025-11-11T12:42:00,Performance,P3,VL-1143,New York,7.1,15.8,Resolved,
ARC-31025,2025-11-12T10:50:00,How-to,P2,VL-1116,New York,6.5,16.2,Resolved,Repeat issue
ARC-31026,2025-11-12T13:04:00,Performance,P2,VL-1004,"Washington, DC",2.1,29.7,Resolved,Workaround provided
ARC-31082,2025-11-12T16:36:00,Performance,P2,VL-1124,Chicago,4.9,29.9,Resolved,Workaround provided
ARC-31097,2025-11-13T08:01:00,Search,P4,VL-1204,"Washington, DC",3.8,62.7,Resolved,
ARC-31086,2025-11-13T08:11:00,How-to,P3,VL-1090,New York,4.6,5.1,Resolved,
ARC-31027,2025-11-13T16:56:00,Access / SSO,P3,VL-1014,Singapore,8.3,37.7,Resolved,
ARC-31019,2025-11-15T08:26:00,How-to,P4,VL-1046,Chicago,6.2,68.5,Resolved,
ARC-31054,2025-11-15T08:38:00,Access / SSO,P4,VL-1049,New York,7.9,73.6,Resolved,
ARC-31080,2025-11-15T11:28:00,Search,P2,VL-1068,Mexico City,3.9,34.8,Resolved,
ARC-31070,2025-11-16T08:51:00,Outlook add-in,P2,VL-1132,Houston,5.9,19.4,Resolved,
ARC-31010,2025-11-16T16:10:00,Performance,P4,VL-1162,Chicago,5.2,69.1,Resolved,
ARC-31075,2025-11-16T17:09:00,Access / SSO,P2,VL-1084,Los Angeles,9.4,9.9,Resolved,Escalated to account manager
ARC-31039,2025-11-17T09:53:00,How-to,P4,VL-1075,New York,6.4,44.4,Resolved,
ARC-31034,2025-11-17T11:55:00,Integration,P4,VL-1180,New York,4.4,69.0,Resolved,
ARC-31032,2025-11-17T18:00:00,Search,P4,VL-1217,New York,5.6,66.0,Resolved,
ARC-31084,2025-11-18T08:15:00,Access / SSO,P3,VL-1089,New York,2.8,19.8,Resolved,
ARC-31031,2025-11-18T12:31:00,Search,P3,VL-1171,New York,3.7,37.5,Resolved,
ARC-31083,2025-11-18T14:34:00,Performance,P3,VL-1076,Chicago,6.1,6.6,Resolved,
ARC-31022,2025-11-18T17:29:00,Integration,P2,VL-1157,San Francisco,1.8,2.3,Resolved,Repeat issue
ARC-31050,2025-11-19T10:54:00,Outlook add-in,P2,VL-1203,New York,6.5,49.0,Closed - no response,
ARC-31076,2025-11-19T12:58:00,Performance,P2,VL-1167,Chicago,2.5,8.4,Resolved,Escalated to account manager
ARC-31096,2025-11-20T10:02:00,Access / SSO,P3,VL-1092,New York,2.7,21.6,Resolved,
ARC-31023,2025-11-20T10:25:00,Performance,P4,VL-1032,New York,5.1,44.7,Resolved,
ARC-31014,2025-11-20T11:29:00,Performance,P3,VL-1085,New York,1.9,35.0,Resolved,
ARC-31061,2025-11-20T17:24:00,Performance,P3,VL-1192,New York,2.1,16.4,Resolved,
ARC-31043,2025-11-21T09:52:00,Access / SSO,P3,VL-1202,New York,9.3,38.2,Resolved,
ARC-31045,2025-11-21T10:13:00,Mobile,P3,VL-1087,New York,2.2,48.3,Resolved,
ARC-31064,2025-11-21T10:48:00,How-to,P2,VL-1157,San Francisco,6.0,29.2,Resolved,
ARC-31063,2025-11-21T11:35:00,Performance,P2,VL-1060,Houston,9.6,16.6,Closed - no response,
ARC-31040,2025-11-21T14:11:00,Access / SSO,P2,VL-1191,New York,2.3,2.8,Resolved,
ARC-31058,2025-11-21T14:41:00,How-to,P4,VL-1039,Chicago,5.5,77.7,Resolved,
ARC-31060,2025-11-21T14:55:00,How-to,P3,VL-1146,New York,3.1,31.9,Resolved,
ARC-31030,2025-11-21T15:57:00,Access / SSO,P2,VL-1129,New York,2.7,25.8,Resolved,Escalated to account manager
ARC-31071,2025-11-22T10:37:00,Access / SSO,P4,VL-1013,London,6.2,66.4,Resolved,
ARC-31085,2025-11-22T10:48:00,Outlook add-in,P3,VL-1068,Mexico City,4.9,23.1,Resolved,
ARC-31069,2025-11-22T12:20:00,Performance,P4,VL-1220,"Washington, DC",7.1,49.6,Resolved,
ARC-31093,2025-11-22T13:48:00,Performance,P4,VL-1055,San Francisco,4.5,47.5,Resolved,
ARC-31078,2025-11-23T09:29:00,Filing error,P4,VL-1191,New York,4.3,58.7,Resolved,
ARC-31029,2025-11-23T09:51:00,Filing error,P3,VL-1043,New York,7.5,42.6,Resolved,
ARC-31012,2025-11-23T11:11:00,Search,P3,VL-1129,New York,5.6,52.4,Closed - no response,
ARC-31073,2025-11-23T13:55:00,Performance,P3,VL-1201,New York,2.5,10.1,Resolved,
ARC-31035,2025-11-23T14:35:00,Access / SSO,P4,VL-1194,Chicago,1.9,37.6,Resolved,
ARC-31066,2025-11-23T15:09:00,How-to,P4,VL-1124,Chicago,5.8,54.4,Resolved,
ARC-31047,2025-11-24T10:00:00,Performance,P3,VL-1032,New York,2.3,61.9,Resolved,
ARC-31036,2025-11-25T09:50:00,Filing error,P3,VL-1154,London,3.4,61.3,Resolved,
ARC-31037,2025-11-25T17:09:00,Integration,P4,VL-1210,New York,6.9,64.3,Resolved,
ARC-31052,2025-11-25T18:39:00,How-to,P3,VL-1099,New York,6.3,26.5,Closed - no response,
ARC-31017,2025-11-26T14:25:00,Performance,P4,VL-1116,New York,7.5,60.9,Resolved,
ARC-31079,2025-11-26T14:48:00,How-to,P3,VL-1146,New York,2.2,54.6,Resolved,
ARC-31028,2025-11-26T15:11:00,How-to,P3,VL-1067,Singapore,4.5,17.9,Resolved,
ARC-31089,2025-11-27T10:09:00,Mobile,P4,VL-1226,New York,4.2,64.8,Resolved,
ARC-31077,2025-11-27T15:03:00,Search,P2,VL-1068,Mexico City,2.9,24.2,Resolved,Repeat issue
ARC-31011,2025-11-28T09:25:00,How-to,P3,VL-1092,New York,1.4,26.0,Resolved,
ARC-31013,2025-11-28T14:34:00,Access / SSO,P4,VL-1186,New York,6.7,47.7,Resolved,
ARC-31081,2025-11-28T16:17:00,Performance,P4,VL-1162,Chicago,4.3,60.4,Resolved,
ARC-31116,2025-12-01T14:29:00,Access / SSO,P2,VL-1073,Houston,4.0,13.7,Resolved,Repeat issue
ARC-31133,2025-12-01T17:42:00,Outlook add-in,P3,VL-1148,New York,2.9,39.7,Resolved,
ARC-31125,2025-12-01T18:16:00,How-to,P3,VL-1106,Dublin,1.8,9.7,Closed - no response,
ARC-31103,2025-12-06T08:22:00,Search,P3,VL-1137,New York,6.1,51.7,Resolved,
ARC-31110,2025-12-06T08:30:00,Search,P3,VL-1145,New York,5.6,14.1,Resolved,
ARC-31127,2025-12-06T09:55:00,Outlook add-in,P2,VL-1052,New York,5.9,33.2,Resolved,Workaround provided
ARC-31117,2025-12-06T12:36:00,Integration,P3,VL-1033,New York,5.8,29.5,Resolved,
ARC-31109,2025-12-06T13:21:00,How-to,P3,VL-1048,New York,2.4,44.5,Resolved,
ARC-31135,2025-12-06T16:42:00,Search,P3,VL-1224,New York,4.1,40.8,Resolved,
ARC-31108,2025-12-07T11:52:00,How-to,P3,VL-1132,Houston,4.3,55.0,Resolved,
ARC-31121,2025-12-07T16:40:00,Integration,P4,VL-1094,New York,1.1,49.8,Resolved,
ARC-31132,2025-12-08T14:07:00,Outlook add-in,P3,VL-1156,New York,4.6,26.2,Resolved,
ARC-31124,2025-12-10T08:23:00,How-to,P3,VL-1013,London,0.9,9.7,Resolved,
ARC-31107,2025-12-10T09:45:00,Performance,P3,VL-1092,New York,1.8,47.8,Resolved,
ARC-31136,2025-12-10T14:49:00,Outlook add-in,P3,VL-1038,New York,3.6,4.1,Resolved,
ARC-31131,2025-12-10T18:27:00,Integration,P2,VL-1052,New York,8.2,35.3,Resolved,
ARC-31128,2025-12-11T18:02:00,Access / SSO,P3,VL-1133,New York,4.5,35.2,Resolved,
ARC-31104,2025-12-12T10:33:00,How-to,P4,VL-1176,New York,5.0,42.9,Resolved,
ARC-31139,2025-12-12T11:53:00,Filing error,P3,VL-1169,New York,7.8,43.9,Resolved,
ARC-31114,2025-12-14T18:53:00,How-to,P3,VL-1091,Atlanta,7.1,40.4,Resolved,
ARC-31140,2025-12-15T09:20:00,Performance,P3,VL-1062,"Washington, DC",7.2,56.0,Resolved,
ARC-31126,2025-12-16T08:33:00,Outlook add-in,P2,VL-1130,New York,5.5,22.5,Resolved,Escalated to account manager
ARC-31119,2025-12-17T15:58:00,Search,P3,VL-1202,New York,4.7,39.2,Resolved,
ARC-31130,2025-12-17T17:55:00,How-to,P3,VL-1004,"Washington, DC",2.4,28.6,Resolved,
ARC-31115,2025-12-18T11:28:00,Mobile,P2,VL-1068,Mexico City,0.2,22.9,Resolved,
ARC-31118,2025-12-18T12:02:00,Integration,P4,VL-1015,Atlanta,2.8,60.0,Resolved,
ARC-31141,2025-12-18T12:51:00,Search,P3,VL-1125,San Francisco,9.4,39.3,Resolved,
ARC-31138,2025-12-20T09:38:00,Mobile,P3,VL-1168,New York,4.6,57.3,Resolved,
ARC-31123,2025-12-20T14:47:00,Search,P4,VL-1027,San Francisco,7.5,61.8,Resolved,
ARC-31101,2025-12-21T08:44:00,Performance,P4,VL-1191,New York,6.1,39.7,Resolved,
ARC-31102,2025-12-21T10:13:00,Outlook add-in,P3,VL-1131,New York,2.4,43.7,Resolved,
ARC-31137,2025-12-21T14:36:00,How-to,P3,VL-1195,New York,8.5,20.1,Resolved,
ARC-31129,2025-12-21T17:33:00,Filing error,P3,VL-1165,New York,3.7,21.6,Resolved,
ARC-31120,2025-12-23T09:59:00,How-to,P4,VL-1013,London,2.0,66.3,Resolved,
ARC-31134,2025-12-23T17:36:00,Access / SSO,P3,VL-1049,New York,7.5,33.6,Resolved,
ARC-31113,2025-12-23T18:34:00,Filing error,P3,VL-1075,New York,4.6,37.8,Resolved,
ARC-31142,2025-12-24T09:36:00,Access / SSO,P3,VL-1111,Dublin,6.3,31.8,Resolved,
ARC-31106,2025-12-24T13:01:00,Performance,P4,VL-1215,New York,4.1,79.4,Resolved,
ARC-31100,2025-12-24T14:13:00,How-to,P2,VL-1166,Atlanta,3.1,39.0,Resolved,Escalated to account manager
ARC-31122,2025-12-24T17:23:00,Filing error,P4,VL-1025,Los Angeles,3.1,45.2,Resolved,
ARC-31111,2025-12-25T14:23:00,Filing error,P2,VL-1108,London,2.6,30.5,Resolved,Escalated to account manager
ARC-31105,2025-12-26T10:08:00,Mobile,P4,VL-1053,New York,5.1,68.8,Resolved,
ARC-31143,2025-12-26T14:32:00,Access / SSO,P3,VL-1150,New York,2.2,28.8,Resolved,
ARC-31112,2025-12-27T09:08:00,Access / SSO,P3,VL-1145,New York,8.3,37.7,Resolved,
ARC-31172,2026-01-01T14:39:00,Mobile,P2,VL-1168,New York,3.8,18.5,Resolved,Workaround provided
ARC-31152,2026-01-01T16:46:00,How-to,P3,VL-1124,Chicago,9.2,42.6,Resolved,
ARC-31167,2026-01-03T10:36:00,Access / SSO,P2,VL-1009,New York,9.8,37.0,Resolved,Escalated to account manager
ARC-31163,2026-01-03T11:19:00,How-to,P2,VL-1105,London,10.0,31.9,Resolved,
ARC-31177,2026-01-03T12:13:00,Performance,P2,VL-1150,New York,8.3,22.4,Resolved,
ARC-31156,2026-01-04T11:40:00,Filing error,P3,VL-1171,New York,7.2,28.6,Resolved,
ARC-31171,2026-01-05T10:06:00,Search,P3,VL-1101,New York,3.0,21.3,Resolved,
ARC-31146,2026-01-05T12:02:00,Mobile,P3,VL-1042,New York,4.5,47.6,Resolved,
ARC-31174,2026-01-06T11:25:00,Access / SSO,P3,VL-1043,New York,7.4,52.2,Resolved,
ARC-31176,2026-01-07T08:00:00,Mobile,P3,VL-1073,Houston,4.5,32.9,Resolved,
ARC-31173,2026-01-08T12:59:00,How-to,P3,VL-1107,Dublin,5.3,40.1,Resolved,
ARC-31144,2026-01-08T18:23:00,Performance,P4,VL-1176,New York,11.2,77.7,Resolved,
ARC-31158,2026-01-10T13:50:00,Performance,P4,VL-1034,New York,6.3,52.1,Resolved,
ARC-31157,2026-01-10T15:15:00,How-to,P4,VL-1027,San Francisco,9.6,73.0,Resolved,
ARC-31148,2026-01-12T12:47:00,How-to,P4,VL-1037,Atlanta,7.0,48.3,Resolved,
ARC-31169,2026-01-12T17:32:00,Access / SSO,P3,VL-1110,London,11.9,12.4,Resolved,
ARC-31159,2026-01-13T08:31:00,Outlook add-in,P3,VL-1194,Chicago,7.0,27.6,Resolved,
ARC-31160,2026-01-13T09:18:00,How-to,P3,VL-1103,New York,9.0,32.9,Resolved,
ARC-31161,2026-01-13T09:19:00,Outlook add-in,P2,VL-1183,San Francisco,8.7,29.8,Resolved,
ARC-31178,2026-01-15T14:02:00,Integration,P2,VL-1006,New York,7.8,8.3,Resolved,Repeat issue
ARC-31150,2026-01-16T11:32:00,How-to,P3,VL-1005,New York,9.2,45.0,Resolved,
ARC-31154,2026-01-16T18:50:00,Filing error,P3,VL-1037,Atlanta,10.8,24.2,Resolved,
ARC-31168,2026-01-18T14:25:00,Search,P3,VL-1142,New York,4.7,45.4,Resolved,
ARC-31149,2026-01-20T08:00:00,How-to,P3,VL-1074,Chicago,10.3,51.9,Resolved,
ARC-31166,2026-01-20T08:45:00,Search,P2,VL-1216,New York,3.7,8.6,Resolved,
ARC-31145,2026-01-20T10:49:00,Outlook add-in,P3,VL-1046,Chicago,5.3,47.3,Closed - no response,
ARC-31147,2026-01-20T13:09:00,Access / SSO,P4,VL-1146,New York,5.3,47.2,Resolved,
ARC-31162,2026-01-20T13:14:00,Access / SSO,P3,VL-1090,New York,6.1,49.5,Resolved,
ARC-31175,2026-01-21T08:29:00,Filing error,P3,VL-1033,New York,10.0,10.5,Resolved,
ARC-31170,2026-01-21T11:52:00,Performance,P4,VL-1058,New York,4.5,52.0,Resolved,
ARC-31155,2026-01-22T16:07:00,Performance,P3,VL-1089,New York,0.2,14.5,Resolved,
ARC-31151,2026-01-22T18:51:00,Mobile,P3,VL-1104,Houston,4.3,36.5,Resolved,
ARC-31164,2026-01-27T15:19:00,Performance,P2,VL-1117,"Washington, DC",9.6,10.5,Resolved,
ARC-31165,2026-01-28T10:42:00,How-to,P3,VL-1108,London,9.4,34.3,Resolved,
ARC-31153,2026-01-28T10:47:00,How-to,P3,VL-1184,New York,0.6,9.9,Resolved,
ARC-31213,2026-02-01T15:59:00,Access / SSO,P3,VL-1076,Chicago,5.0,34.7,Resolved,
ARC-31218,2026-02-03T18:34:00,How-to,P4,VL-1071,Mexico City,1.9,69.1,Resolved,
ARC-31200,2026-02-05T09:45:00,Search,P3,VL-1227,New York,13.6,47.0,Resolved,
ARC-31217,2026-02-05T11:17:00,Performance,P3,VL-1071,Mexico City,6.1,22.9,Resolved,
ARC-31206,2026-02-06T11:50:00,Mobile,P4,VL-1152,Chicago,3.7,48.1,Resolved,
ARC-31182,2026-02-06T12:22:00,How-to,P4,VL-1175,New York,9.5,70.8,Resolved,
ARC-31195,2026-02-06T13:23:00,How-to,P3,VL-1021,Atlanta,6.5,22.1,Closed - no response,
ARC-31199,2026-02-06T13:29:00,Performance,P2,VL-1011,London,7.6,35.5,Resolved,Escalated to account manager
ARC-31180,2026-02-06T14:34:00,Search,P2,VL-1107,Dublin,3.5,12.1,Resolved,Workaround provided
ARC-31191,2026-02-07T16:51:00,How-to,P2,VL-1208,Chicago,9.4,30.6,Resolved,
ARC-31208,2026-02-07T17:51:00,Mobile,P3,VL-1131,New York,9.0,62.0,Resolved,
ARC-31203,2026-02-09T09:52:00,Mobile,P3,VL-1168,New York,10.2,43.3,Resolved,
ARC-31201,2026-02-09T15:37:00,Filing error,P3,VL-1003,New York,2.3,39.1,Resolved,
ARC-31211,2026-02-09T16:04:00,Outlook add-in,P3,VL-1204,"Washington, DC",12.7,35.4,Resolved,
ARC-31190,2026-02-10T14:19:00,How-to,P4,VL-1054,"Washington, DC",9.1,68.6,Resolved,
ARC-31187,2026-02-12T09:56:00,Integration,P3,VL-1051,San Francisco,10.5,46.6,Resolved,
ARC-31188,2026-02-12T12:46:00,Search,P2,VL-1141,Chicago,5.3,33.0,Resolved,
ARC-31198,2026-02-12T15:00:00,Filing error,P3,VL-1086,New York,4.3,34.2,Resolved,
ARC-31181,2026-02-12T16:01:00,How-to,P3,VL-1091,Atlanta,2.2,32.3,Resolved,
ARC-31184,2026-02-13T08:46:00,Filing error,P2,VL-1169,New York,0.2,0.7,Resolved,Repeat issue
ARC-31210,2026-02-13T18:31:00,How-to,P2,VL-1064,New York,8.0,53.4,Resolved,Workaround provided
ARC-31214,2026-02-14T16:34:00,Filing error,P3,VL-1040,New York,1.7,26.6,Resolved,
ARC-31205,2026-02-15T09:50:00,Performance,P4,VL-1157,San Francisco,4.4,55.5,Resolved,
ARC-31202,2026-02-15T17:30:00,Search,P4,VL-1002,New York,6.6,49.4,Resolved,
ARC-31212,2026-02-16T18:34:00,How-to,P3,VL-1085,New York,13.1,47.6,Resolved,
ARC-31207,2026-02-17T14:04:00,How-to,P3,VL-1213,"Washington, DC",2.4,41.5,Resolved,
ARC-31186,2026-02-18T08:48:00,How-to,P4,VL-1048,New York,9.5,73.9,Closed - no response,
ARC-31194,2026-02-18T13:14:00,Filing error,P3,VL-1003,New York,9.0,63.6,Resolved,
ARC-31185,2026-02-18T13:46:00,Search,P3,VL-1082,New York,4.8,44.2,Resolved,
ARC-31209,2026-02-18T17:31:00,How-to,P4,VL-1099,New York,6.6,54.8,Resolved,
ARC-31192,2026-02-18T18:10:00,Outlook add-in,P3,VL-1087,New York,6.4,34.3,Resolved,
ARC-31183,2026-02-19T15:11:00,How-to,P4,VL-1099,New York,7.5,47.1,Resolved,
ARC-31197,2026-02-21T17:47:00,Outlook add-in,P4,VL-1217,New York,6.9,62.7,Resolved,
ARC-31193,2026-02-23T11:04:00,Search,P2,VL-1084,Los Angeles,7.4,24.2,Resolved,Repeat issue
ARC-31204,2026-02-23T18:06:00,Performance,P4,VL-1213,"Washington, DC",5.9,64.2,Resolved,
ARC-31215,2026-02-25T14:36:00,How-to,P3,VL-1019,New York,5.0,24.6,Resolved,
ARC-31179,2026-02-25T16:24:00,Search,P3,VL-1166,Atlanta,11.4,21.3,Resolved,
ARC-31189,2026-02-27T08:46:00,Search,P3,VL-1220,"Washington, DC",11.1,57.1,Resolved,
ARC-31196,2026-02-27T15:05:00,Search,P3,VL-1229,New York,3.8,29.3,Resolved,
ARC-31216,2026-02-28T15:04:00,Integration,P3,VL-1009,New York,10.9,38.7,Resolved,
ARC-31323,2026-03-01T10:13:00,Search,P2,VL-1184,New York,2.7,41.9,Resolved,Workaround provided
ARC-31313,2026-03-01T13:35:00,How-to,P3,VL-1035,New York,2.4,20.1,Resolved,
ARC-31302,2026-03-01T16:50:00,Performance,P3,VL-1050,New York,7.9,39.9,Resolved,
ARC-31228,2026-03-01T18:33:00,Outlook add-in,P4,VL-1101,New York,5.9,75.9,Resolved,
ARC-31249,2026-03-02T10:31:00,Search,P4,VL-1099,New York,5.1,64.3,Resolved,
ARC-31279,2026-03-02T13:35:00,Integration,P4,VL-1062,"Washington, DC",3.6,54.2,Resolved,
ARC-31264,2026-03-02T13:37:00,Search,P3,VL-1153,Chicago,10.7,39.9,Resolved,
ARC-31303,2026-03-02T16:38:00,Mobile,P3,VL-1046,Chicago,8.7,57.0,Resolved,
ARC-31270,2026-03-02T16:43:00,Search,P4,VL-1170,New York,4.0,56.5,Resolved,
ARC-31230,2026-03-02T17:09:00,Performance,P3,VL-1155,Chicago,7.8,37.1,Resolved,
ARC-31237,2026-03-02T18:44:00,Search,P2,VL-1175,New York,3.3,3.8,Resolved,Repeat issue
ARC-31285,2026-03-03T09:40:00,Search,P3,VL-1143,New York,6.7,53.0,Resolved,
ARC-31288,2026-03-03T12:58:00,Search,P3,VL-1119,New York,4.4,25.0,Resolved,
ARC-31306,2026-03-03T15:06:00,Access / SSO,P3,VL-1217,New York,9.2,22.2,Resolved,
ARC-31226,2026-03-03T16:07:00,Mobile,P3,VL-1134,New York,7.6,44.5,Resolved,
ARC-31284,2026-03-04T08:12:00,Search,P3,VL-1144,Houston,3.7,29.1,Closed - no response,
ARC-31310,2026-03-04T09:24:00,Search,P2,VL-1155,Chicago,1.8,49.5,Resolved,Workaround provided
ARC-31248,2026-03-04T09:38:00,Performance,P3,VL-1066,Singapore,3.9,48.1,Resolved,
ARC-31266,2026-03-04T11:27:00,Performance,P4,VL-1030,New York,3.5,42.5,Resolved,
ARC-31242,2026-03-04T12:03:00,Search,P2,VL-1189,Mexico City,8.6,39.3,Resolved,
ARC-31265,2026-03-04T18:04:00,Integration,P3,VL-1093,New York,5.6,74.1,Resolved,
ARC-31307,2026-03-04T18:43:00,How-to,P2,VL-1020,Chicago,7.4,19.1,Resolved,Workaround provided
ARC-31255,2026-03-06T13:40:00,Search,P3,VL-1112,New York,6.1,55.8,Resolved,
ARC-31259,2026-03-06T18:55:00,Search,P3,VL-1209,Los Angeles,8.0,39.4,Resolved,
ARC-31239,2026-03-07T08:00:00,Performance,P3,VL-1180,New York,6.4,33.3,Resolved,
ARC-31283,2026-03-07T13:04:00,How-to,P4,VL-1166,Atlanta,6.3,55.3,Resolved,
ARC-31312,2026-03-07T14:22:00,Mobile,P3,VL-1205,New York,10.8,33.8,Resolved,
ARC-31297,2026-03-07T17:21:00,Access / SSO,P3,VL-1042,New York,6.4,44.8,Resolved,
ARC-31227,2026-03-08T08:22:00,How-to,P3,VL-1054,"Washington, DC",6.0,34.7,Resolved,
ARC-31231,2026-03-08T10:06:00,How-to,P3,VL-1047,New York,5.3,21.7,Resolved,
ARC-31232,2026-03-08T10:41:00,Search,P3,VL-1063,New York,1.8,17.1,Closed - no response,
ARC-31281,2026-03-08T15:16:00,Access / SSO,P4,VL-1145,New York,1.7,65.5,Resolved,
ARC-31286,2026-03-09T11:09:00,Search,P4,VL-1116,New York,5.1,61.3,Resolved,
ARC-31296,2026-03-09T11:25:00,How-to,P2,VL-1029,New York,8.3,31.5,Closed - no response,Escalated to account manager
ARC-31275,2026-03-09T13:57:00,How-to,P4,VL-1078,New York,6.0,78.8,Resolved,
ARC-31252,2026-03-09T14:24:00,Search,P3,VL-1065,Houston,6.4,48.1,Resolved,
ARC-31291,2026-03-09T16:39:00,Access / SSO,P4,VL-1098,Chicago,5.1,68.9,Resolved,
ARC-31235,2026-03-10T08:18:00,Search,P3,VL-1049,New York,6.0,33.2,Resolved,
ARC-31319,2026-03-11T09:24:00,Search,P4,VL-1091,Atlanta,6.9,53.2,Resolved,
ARC-31276,2026-03-11T11:12:00,Mobile,P3,VL-1153,Chicago,0.3,44.7,Resolved,
ARC-31241,2026-03-11T12:24:00,Search,P3,VL-1055,San Francisco,7.9,35.9,Resolved,
ARC-31251,2026-03-11T16:47:00,Outlook add-in,P4,VL-1187,New York,3.6,62.7,Resolved,
ARC-31298,2026-03-12T10:11:00,How-to,P2,VL-1201,New York,12.1,32.6,Resolved,
ARC-31268,2026-03-12T16:59:00,Search,P2,VL-1001,New York,3.7,8.8,Resolved,Workaround provided
ARC-31290,2026-03-13T10:45:00,Search,P2,VL-1081,London,12.0,21.0,Resolved,Repeat issue
ARC-31316,2026-03-13T12:39:00,Search,P3,VL-1068,Mexico City,9.7,25.4,Resolved,
ARC-31301,2026-03-13T12:51:00,Integration,P4,VL-1220,"Washington, DC",7.5,72.8,Resolved,
ARC-31258,2026-03-13T12:52:00,Mobile,P3,VL-1205,New York,3.7,40.1,Resolved,
ARC-31269,2026-03-13T14:33:00,Outlook add-in,P4,VL-1096,New York,6.1,43.5,Resolved,
ARC-31261,2026-03-13T14:41:00,Search,P4,VL-1038,New York,7.7,74.6,Resolved,
ARC-31292,2026-03-13T18:56:00,Search,P4,VL-1008,New York,9.9,52.0,Resolved,
ARC-31299,2026-03-14T08:47:00,How-to,P2,VL-1146,New York,7.8,47.1,Resolved,Escalated to account manager
ARC-31321,2026-03-14T13:21:00,Integration,P3,VL-1126,San Francisco,4.9,38.5,Resolved,
ARC-31253,2026-03-14T18:46:00,Search,P3,VL-1051,San Francisco,5.7,41.4,Resolved,
ARC-31287,2026-03-15T10:53:00,Search,P4,VL-1185,San Francisco,3.7,37.4,Resolved,
ARC-31320,2026-03-15T10:55:00,Performance,P3,VL-1084,Los Angeles,6.8,26.9,Resolved,
ARC-31308,2026-03-15T12:13:00,Performance,P2,VL-1213,"Washington, DC",6.6,29.4,Resolved,Repeat issue
ARC-31256,2026-03-15T15:06:00,Search,P3,VL-1133,New York,4.2,45.9,Resolved,
ARC-31274,2026-03-15T17:00:00,Search,P4,VL-1165,New York,2.8,82.1,Resolved,
ARC-31282,2026-03-15T18:38:00,Search,P2,VL-1130,New York,9.1,62.4,Resolved,
ARC-31273,2026-03-16T08:20:00,Search,P3,VL-1131,New York,4.2,50.1,Resolved,
ARC-31280,2026-03-16T14:22:00,Search,P4,VL-1131,New York,9.8,30.5,Closed - no response,
ARC-31272,2026-03-16T16:24:00,Mobile,P3,VL-1209,Los Angeles,6.5,23.2,Resolved,
ARC-31234,2026-03-17T09:33:00,Search,P3,VL-1007,London,5.7,24.5,Resolved,
ARC-31220,2026-03-18T08:06:00,Search,P3,VL-1120,New York,10.9,45.2,Closed - no response,
ARC-31271,2026-03-18T09:16:00,How-to,P2,VL-1100,New York,6.4,12.4,Resolved,Workaround provided
ARC-31222,2026-03-18T11:45:00,Search,P3,VL-1202,New York,8.9,19.0,Resolved,
ARC-31221,2026-03-18T12:23:00,How-to,P3,VL-1109,Dublin,7.1,7.6,Resolved,
ARC-31245,2026-03-18T17:08:00,How-to,P3,VL-1041,New York,5.2,42.8,Resolved,
ARC-31318,2026-03-19T09:28:00,Search,P3,VL-1128,New York,7.8,42.0,Resolved,
ARC-31311,2026-03-19T10:14:00,Outlook add-in,P2,VL-1169,New York,3.7,40.3,Resolved,Escalated to account manager
ARC-31219,2026-03-19T11:51:00,Filing error,P4,VL-1113,New York,7.1,74.0,Resolved,
ARC-31254,2026-03-19T15:37:00,Search,P3,VL-1166,Atlanta,7.9,45.9,Resolved,
ARC-31315,2026-03-19T15:58:00,Search,P3,VL-1029,New York,9.6,28.7,Resolved,
ARC-31324,2026-03-19T16:38:00,How-to,P2,VL-1052,New York,2.0,10.0,Resolved,Workaround provided
ARC-31260,2026-03-20T12:40:00,How-to,P3,VL-1114,New York,10.4,61.1,Resolved,
ARC-31225,2026-03-20T16:37:00,Search,P3,VL-1074,Chicago,10.7,56.0,Resolved,
ARC-31267,2026-03-20T18:57:00,Access / SSO,P3,VL-1068,Mexico City,8.0,49.0,Resolved,
ARC-31247,2026-03-21T11:16:00,Access / SSO,P3,VL-1171,New York,4.0,39.3,Resolved,
ARC-31314,2026-03-21T12:50:00,Search,P3,VL-1109,Dublin,5.8,36.3,Resolved,
ARC-31262,2026-03-21T14:16:00,How-to,P2,VL-1141,Chicago,8.0,20.0,Resolved,
ARC-31236,2026-03-22T14:27:00,Search,P2,VL-1175,New York,9.1,29.6,Resolved,Escalated to account manager
ARC-31278,2026-03-22T18:16:00,Search,P4,VL-1156,New York,7.2,54.3,Resolved,
ARC-31263,2026-03-22T18:37:00,Search,P2,VL-1129,New York,15.7,36.0,Closed - no response,Escalated to account manager
ARC-31257,2026-03-23T08:26:00,Filing error,P3,VL-1119,New York,6.6,33.1,Resolved,
ARC-31295,2026-03-23T10:51:00,Outlook add-in,P3,VL-1156,New York,5.1,29.0,Resolved,
ARC-31240,2026-03-24T11:52:00,Search,P3,VL-1158,San Francisco,6.4,13.4,Resolved,
ARC-31294,2026-03-24T12:34:00,Search,P3,VL-1051,San Francisco,8.0,27.8,Resolved,
ARC-31305,2026-03-24T17:27:00,Search,P4,VL-1072,London,11.6,50.9,Resolved,
ARC-31229,2026-03-24T18:03:00,Performance,P4,VL-1042,New York,3.0,40.2,Resolved,
ARC-31243,2026-03-25T10:41:00,Search,P3,VL-1036,Houston,5.1,22.8,Resolved,
ARC-31250,2026-03-25T15:58:00,Access / SSO,P2,VL-1073,Houston,0.2,16.9,Resolved,
ARC-31300,2026-03-25T17:02:00,Search,P4,VL-1187,New York,5.8,38.9,Resolved,
ARC-31304,2026-03-26T10:44:00,Search,P2,VL-1190,San Francisco,7.5,26.6,Resolved,Workaround provided
ARC-31293,2026-03-26T12:04:00,Search,P2,VL-1104,Houston,8.8,38.0,Resolved,
ARC-31309,2026-03-26T13:42:00,Search,P4,VL-1186,New York,8.1,69.9,Resolved,
ARC-31317,2026-03-26T17:57:00,Filing error,P3,VL-1102,San Francisco,2.3,34.3,Resolved,
ARC-31244,2026-03-27T10:23:00,How-to,P3,VL-1195,New York,8.5,39.2,Resolved,
ARC-31289,2026-03-27T10:31:00,Search,P4,VL-1063,New York,8.5,60.5,Resolved,
ARC-31322,2026-03-27T11:40:00,Search,P2,VL-1218,New York,7.2,18.7,Resolved,
ARC-31238,2026-03-27T16:15:00,Search,P2,VL-1215,New York,2.3,23.5,Resolved,
ARC-31277,2026-03-28T10:25:00,How-to,P4,VL-1208,Chicago,11.5,48.3,Resolved,
ARC-31223,2026-03-28T12:59:00,Search,P2,VL-1012,Singapore,13.0,33.6,Resolved,
ARC-31224,2026-03-28T13:37:00,How-to,P3,VL-1153,Chicago,8.6,27.0,Resolved,
ARC-31246,2026-03-28T13:41:00,Search,P3,VL-1069,London,6.3,51.4,Resolved,
ARC-31233,2026-03-28T16:24:00,Search,P4,VL-1013,London,3.7,53.7,Resolved,
ARC-31350,2026-04-02T08:50:00,How-to,P3,VL-1112,New York,8.0,35.7,Resolved,
ARC-31327,2026-04-02T17:48:00,How-to,P3,VL-1104,Houston,10.2,48.0,Resolved,
ARC-31351,2026-04-03T09:59:00,Integration,P4,VL-1142,New York,4.9,51.5,Resolved,
ARC-31353,2026-04-03T16:01:00,Search,P3,VL-1122,New York,5.4,48.4,Resolved,
ARC-31334,2026-04-05T09:28:00,Filing error,P4,VL-1090,New York,4.7,50.7,Resolved,
ARC-31335,2026-04-05T10:34:00,Performance,P3,VL-1052,New York,6.5,24.5,Resolved,
ARC-31347,2026-04-06T11:50:00,Performance,P2,VL-1038,New York,8.1,24.0,Resolved,Repeat issue
ARC-31342,2026-04-06T15:29:00,How-to,P3,VL-1033,New York,4.5,36.1,Resolved,
ARC-31348,2026-04-07T15:46:00,Performance,P3,VL-1031,New York,7.1,28.4,Resolved,
ARC-31344,2026-04-07T16:09:00,How-to,P3,VL-1123,Chicago,6.1,28.3,Resolved,
ARC-31331,2026-04-08T11:03:00,Outlook add-in,P3,VL-1215,New York,9.6,32.3,Resolved,
ARC-31343,2026-04-10T13:45:00,Integration,P2,VL-1196,Chicago,1.4,14.9,Resolved,Escalated to account manager
ARC-31333,2026-04-10T15:43:00,Search,P3,VL-1074,Chicago,2.6,28.1,Resolved,
ARC-31329,2026-04-11T11:38:00,Search,P3,VL-1053,New York,10.5,34.7,Resolved,
ARC-31336,2026-04-11T13:56:00,Search,P4,VL-1031,New York,1.7,34.1,Resolved,
ARC-31352,2026-04-12T11:26:00,Performance,P2,VL-1004,"Washington, DC",8.0,18.4,Resolved,Escalated to account manager
ARC-31328,2026-04-13T16:05:00,How-to,P4,VL-1208,Chicago,5.7,50.9,Resolved,
ARC-31349,2026-04-15T16:12:00,Integration,P3,VL-1012,Singapore,3.5,50.3,Resolved,
ARC-31354,2026-04-17T18:00:00,How-to,P3,VL-1159,New York,8.2,41.0,Resolved,
ARC-31355,2026-04-18T10:46:00,Performance,P4,VL-1155,Chicago,7.6,50.9,Resolved,
ARC-31346,2026-04-18T17:30:00,How-to,P2,VL-1208,Chicago,4.0,40.0,Resolved,Escalated to account manager
ARC-31339,2026-04-18T18:50:00,Outlook add-in,P3,VL-1027,San Francisco,4.6,12.9,Resolved,
ARC-31338,2026-04-19T16:52:00,Access / SSO,P4,VL-1082,New York,9.1,77.1,Resolved,
ARC-31326,2026-04-20T10:25:00,Filing error,P3,VL-1204,"Washington, DC",7.2,49.4,Resolved,
ARC-31341,2026-04-20T10:54:00,Outlook add-in,P3,VL-1014,Singapore,7.0,42.1,Resolved,
ARC-31325,2026-04-22T11:40:00,How-to,P3,VL-1083,New York,9.5,29.1,Resolved,
ARC-31332,2026-04-22T12:16:00,Filing error,P3,VL-1067,Singapore,10.6,59.5,Resolved,
ARC-31345,2026-04-26T09:07:00,Outlook add-in,P3,VL-1103,New York,4.7,34.5,Resolved,
ARC-31330,2026-04-26T15:23:00,Mobile,P3,VL-1021,Atlanta,6.4,50.4,Resolved,
ARC-31337,2026-04-27T18:25:00,Performance,P3,VL-1120,New York,0.2,46.1,Resolved,
ARC-31340,2026-04-28T08:52:00,Outlook add-in,P3,VL-1005,New York,8.1,53.6,Resolved,
ARC-31359,2026-05-02T14:57:00,Filing error,P3,VL-1221,New York,10.2,44.4,Resolved,
ARC-31365,2026-05-02T16:37:00,Access / SSO,P2,VL-1173,San Francisco,6.0,29.8,Resolved,Escalated to account manager
ARC-31362,2026-05-03T15:46:00,Search,P3,VL-1173,San Francisco,7.4,44.8,Resolved,
ARC-31395,2026-05-04T10:48:00,Search,P3,VL-1064,New York,6.8,54.4,Resolved,
ARC-31356,2026-05-04T14:14:00,Integration,P3,VL-1044,New York,6.2,40.5,Resolved,
ARC-31361,2026-05-04T14:29:00,How-to,P3,VL-1058,New York,6.6,38.4,Resolved,
ARC-31374,2026-05-05T09:55:00,How-to,P2,VL-1158,San Francisco,8.0,38.2,Resolved,Repeat issue
ARC-31387,2026-05-06T17:30:00,How-to,P3,VL-1016,Houston,10.1,63.6,Resolved,
ARC-31364,2026-05-06T18:54:00,How-to,P4,VL-1157,San Francisco,5.8,51.5,Resolved,
ARC-31360,2026-05-07T13:59:00,Outlook add-in,P2,VL-1084,Los Angeles,11.6,34.7,Resolved,Workaround provided
ARC-31389,2026-05-07T16:06:00,How-to,P2,VL-1142,New York,4.8,5.3,Resolved,
ARC-31385,2026-05-09T10:28:00,How-to,P4,VL-1132,Houston,4.7,64.1,Resolved,
ARC-31382,2026-05-09T12:35:00,Performance,P3,VL-1193,Los Angeles,1.7,2.2,Resolved,
ARC-31372,2026-05-10T16:50:00,Outlook add-in,P3,VL-1011,London,10.8,21.5,Resolved,
ARC-31392,2026-05-10T18:42:00,Performance,P2,VL-1088,"Washington, DC",9.0,15.6,Resolved,Workaround provided
ARC-31383,2026-05-11T13:39:00,Filing error,P3,VL-1108,London,5.9,52.0,Resolved,
ARC-31369,2026-05-11T15:10:00,How-to,P4,VL-1020,Chicago,4.8,60.4,Resolved,
ARC-31368,2026-05-11T15:17:00,Search,P3,VL-1075,New York,4.9,50.3,Resolved,
ARC-31373,2026-05-11T18:54:00,Filing error,P4,VL-1110,London,5.1,52.2,Closed - no response,
ARC-31377,2026-05-13T15:36:00,Filing error,P3,VL-1145,New York,6.9,18.3,Resolved,
ARC-31358,2026-05-13T17:46:00,Performance,P3,VL-1081,London,3.0,33.5,Resolved,
ARC-31384,2026-05-14T15:18:00,Access / SSO,P2,VL-1155,Chicago,7.9,17.9,Resolved,
ARC-31363,2026-05-15T14:33:00,How-to,P2,VL-1114,New York,12.2,39.5,Resolved,Repeat issue
ARC-31388,2026-05-15T17:48:00,How-to,P3,VL-1059,New York,4.9,26.7,Resolved,
ARC-31379,2026-05-16T13:37:00,Performance,P4,VL-1038,New York,5.7,71.5,Resolved,
ARC-31376,2026-05-17T12:44:00,Performance,P2,VL-1123,Chicago,4.1,4.6,Resolved,
ARC-31394,2026-05-17T15:04:00,Performance,P2,VL-1074,Chicago,6.7,20.9,Resolved,Workaround provided
ARC-31371,2026-05-17T15:40:00,How-to,P3,VL-1011,London,5.0,26.3,Resolved,
ARC-31380,2026-05-19T10:34:00,Mobile,P4,VL-1161,New York,3.3,54.6,Resolved,
ARC-31357,2026-05-19T10:59:00,Access / SSO,P3,VL-1147,New York,6.0,33.6,Resolved,
ARC-31367,2026-05-20T10:48:00,How-to,P4,VL-1161,New York,6.8,63.8,Closed - no response,
ARC-31391,2026-05-24T17:21:00,Performance,P4,VL-1091,Atlanta,9.1,51.7,Resolved,
ARC-31378,2026-05-26T09:10:00,Search,P4,VL-1122,New York,7.8,47.0,Resolved,
ARC-31393,2026-05-26T10:49:00,Search,P4,VL-1095,"Washington, DC",6.2,45.8,Resolved,
ARC-31386,2026-05-26T18:28:00,Filing error,P3,VL-1225,New York,11.5,30.0,Resolved,
ARC-31370,2026-05-26T18:35:00,Filing error,P4,VL-1046,Chicago,8.0,88.3,Resolved,
ARC-31381,2026-05-27T10:11:00,Search,P4,VL-1130,New York,7.3,81.3,Resolved,
ARC-31375,2026-05-27T12:16:00,How-to,P3,VL-1125,San Francisco,6.2,31.3,Resolved,
ARC-31390,2026-05-28T09:01:00,Outlook add-in,P4,VL-1069,London,9.7,83.9,Resolved,
ARC-31366,2026-05-28T17:19:00,Mobile,P4,VL-1145,New York,5.0,43.2,Resolved,
ARC-31405,2026-06-01T15:19:00,How-to,P3,VL-1195,New York,5.7,6.2,Resolved,
ARC-31420,2026-06-01T17:29:00,Integration,P3,VL-1222,New York,7.3,19.8,Resolved,
ARC-31398,2026-06-02T12:12:00,How-to,P3,VL-1216,New York,2.5,57.1,Resolved,
ARC-31401,2026-06-02T14:17:00,How-to,P3,VL-1005,New York,4.6,29.1,Resolved,
ARC-31397,2026-06-03T09:53:00,Integration,P4,VL-1123,Chicago,5.1,37.8,Resolved,
ARC-31417,2026-06-04T12:09:00,Access / SSO,P3,VL-1150,New York,7.1,38.8,Resolved,
ARC-31396,2026-06-04T15:22:00,Search,P3,VL-1191,New York,11.4,53.5,Resolved,
ARC-31412,2026-06-06T08:53:00,Outlook add-in,P4,VL-1170,New York,4.3,77.5,Resolved,
ARC-31418,2026-06-06T12:09:00,Outlook add-in,P2,VL-1022,San Francisco,6.8,19.5,Resolved,
ARC-31426,2026-06-06T16:10:00,Outlook add-in,P4,VL-1222,New York,8.9,62.5,Resolved,
ARC-31404,2026-06-07T10:09:00,Outlook add-in,P3,VL-1188,Dublin,8.9,20.4,Resolved,
ARC-31415,2026-06-07T14:02:00,Integration,P3,VL-1112,New York,10.3,43.5,Resolved,
ARC-31422,2026-06-08T14:53:00,Performance,P2,VL-1190,San Francisco,2.0,19.9,Resolved,Workaround provided
ARC-31433,2026-06-09T16:49:00,Access / SSO,P2,VL-1034,New York,0.2,12.7,Resolved,
ARC-31434,2026-06-10T14:31:00,How-to,P3,VL-1165,New York,14.6,37.2,Resolved,
ARC-31406,2026-06-10T14:34:00,How-to,P4,VL-1157,San Francisco,8.3,50.0,Resolved,
ARC-31403,2026-06-11T09:18:00,Integration,P4,VL-1204,"Washington, DC",3.8,61.4,Resolved,
ARC-31408,2026-06-11T09:46:00,Outlook add-in,P3,VL-1004,"Washington, DC",3.0,33.9,Resolved,
ARC-31419,2026-06-11T10:14:00,How-to,P3,VL-1205,New York,9.3,40.2,Resolved,
ARC-31413,2026-06-11T14:25:00,Filing error,P3,VL-1083,New York,1.0,29.3,Resolved,
ARC-31411,2026-06-12T08:37:00,How-to,P3,VL-1016,Houston,4.3,27.9,Resolved,
ARC-31425,2026-06-12T08:52:00,How-to,P3,VL-1184,New York,12.4,43.3,Resolved,
ARC-31427,2026-06-13T08:07:00,How-to,P4,VL-1208,Chicago,4.7,66.1,Resolved,
ARC-31409,2026-06-15T16:45:00,Filing error,P3,VL-1022,San Francisco,0.2,17.4,Resolved,
ARC-31400,2026-06-16T08:20:00,How-to,P3,VL-1130,New York,12.2,76.2,Resolved,
ARC-31432,2026-06-19T08:25:00,Filing error,P3,VL-1085,New York,3.7,40.8,Resolved,
ARC-31428,2026-06-21T18:43:00,Integration,P3,VL-1117,"Washington, DC",7.0,43.1,Resolved,
ARC-31416,2026-06-22T12:17:00,Integration,P2,VL-1202,New York,11.4,20.6,Resolved,Escalated to account manager
ARC-31431,2026-06-22T12:52:00,How-to,P4,VL-1135,New York,9.2,65.9,Resolved,
ARC-31399,2026-06-23T18:42:00,Access / SSO,P2,VL-1015,Atlanta,5.6,43.7,Resolved,Repeat issue
ARC-31423,2026-06-25T11:34:00,Access / SSO,P3,VL-1079,New York,8.8,35.0,Resolved,
ARC-31402,2026-06-25T16:22:00,How-to,P3,VL-1019,New York,3.3,48.2,Resolved,
ARC-31424,2026-06-25T17:18:00,Performance,P3,VL-1035,New York,10.3,40.1,Resolved,
ARC-31429,2026-06-25T18:58:00,How-to,P4,VL-1167,Chicago,10.3,64.7,Resolved,
ARC-31407,2026-06-27T09:09:00,Search,P4,VL-1101,New York,4.1,46.9,Resolved,
ARC-31414,2026-06-27T09:20:00,Search,P4,VL-1042,New York,10.0,81.5,Resolved,
ARC-31410,2026-06-27T11:30:00,Search,P4,VL-1005,New York,8.4,61.1,Resolved,
ARC-31421,2026-06-27T16:56:00,Search,P3,VL-1176,New York,6.8,58.6,Resolved,
ARC-31430,2026-06-27T18:47:00,Outlook add-in,P3,VL-1229,New York,10.4,41.5,Resolved,
ARC-31469,2026-07-01T13:12:00,Mobile,P4,VL-1183,San Francisco,3.1,57.3,Resolved,
ARC-31476,2026-07-01T14:59:00,How-to,P3,VL-1183,San Francisco,6.3,44.9,Resolved,
ARC-31440,2026-07-02T10:25:00,Search,P3,VL-1071,Mexico City,4.9,32.3,Resolved,
ARC-31437,2026-07-03T12:11:00,Mobile,P2,VL-1158,San Francisco,6.8,14.9,Resolved,
ARC-31457,2026-07-03T16:10:00,Performance,P3,VL-1058,New York,7.3,27.7,Resolved,
ARC-31455,2026-07-04T10:31:00,Search,P2,VL-1163,New York,3.1,31.7,Resolved,Workaround provided
ARC-31465,2026-07-04T11:38:00,How-to,P2,VL-1185,San Francisco,6.9,33.3,Resolved,Escalated to account manager
ARC-31470,2026-07-04T16:55:00,Access / SSO,P3,VL-1093,New York,4.5,41.5,Resolved,
ARC-31456,2026-07-05T15:34:00,How-to,P4,VL-1195,New York,3.7,51.2,Resolved,
ARC-31439,2026-07-06T15:57:00,How-to,P4,VL-1230,New York,7.3,56.6,Resolved,
ARC-31464,2026-07-07T08:25:00,How-to,P4,VL-1055,San Francisco,6.9,69.6,Resolved,
ARC-31460,2026-07-07T11:55:00,Performance,P2,VL-1130,New York,8.4,17.0,Resolved,
ARC-31435,2026-07-08T13:45:00,Mobile,P2,VL-1199,Chicago,5.8,15.8,Resolved,
ARC-31445,2026-07-10T08:59:00,How-to,P3,VL-1028,"Washington, DC",9.9,69.6,Closed - no response,
ARC-31452,2026-07-10T09:51:00,Search,P4,VL-1065,Houston,5.0,90.0,Closed - no response,
ARC-31449,2026-07-10T16:27:00,Search,P4,VL-1047,New York,11.2,67.6,Resolved,
ARC-31458,2026-07-11T08:48:00,Access / SSO,P3,VL-1028,"Washington, DC",8.6,27.0,Resolved,
ARC-31472,2026-07-11T12:11:00,How-to,P3,VL-1072,London,7.4,41.7,Resolved,
ARC-31461,2026-07-11T16:19:00,Access / SSO,P3,VL-1048,New York,4.5,47.2,Closed - no response,
ARC-31467,2026-07-11T16:25:00,Outlook add-in,P3,VL-1067,Singapore,3.8,40.8,Resolved,
ARC-31447,2026-07-12T12:39:00,Search,P2,VL-1213,"Washington, DC",6.1,29.6,Resolved,Escalated to account manager
ARC-31436,2026-07-14T11:00:00,Mobile,P3,VL-1090,New York,7.4,40.8,Resolved,
ARC-31438,2026-07-14T12:00:00,How-to,P3,VL-1025,Los Angeles,8.9,38.1,Resolved,
ARC-31451,2026-07-15T15:47:00,Search,P3,VL-1151,"Washington, DC",10.4,52.7,Resolved,
ARC-31442,2026-07-15T15:51:00,Filing error,P2,VL-1072,London,6.7,28.1,Resolved,
ARC-31443,2026-07-16T09:29:00,How-to,P3,VL-1199,Chicago,7.8,12.9,Resolved,
ARC-31463,2026-07-17T08:42:00,How-to,P4,VL-1170,New York,0.2,57.2,Resolved,
ARC-31444,2026-07-18T10:30:00,How-to,P4,VL-1011,London,2.4,41.3,Resolved,
ARC-31471,2026-07-19T14:07:00,Performance,P4,VL-1137,New York,10.4,60.4,Resolved,
ARC-31450,2026-07-19T15:23:00,How-to,P4,VL-1104,Houston,10.1,69.3,Resolved,
ARC-31459,2026-07-19T15:51:00,How-to,P3,VL-1180,New York,11.9,53.6,Resolved,
ARC-31441,2026-07-20T10:11:00,Search,P2,VL-1084,Los Angeles,3.9,14.9,Resolved,
ARC-31478,2026-07-21T08:01:00,Mobile,P3,VL-1031,New York,11.4,28.5,Resolved,
ARC-31477,2026-07-21T09:20:00,Outlook add-in,P4,VL-1191,New York,5.3,64.3,Resolved,
ARC-31468,2026-07-21T16:59:00,Access / SSO,P4,VL-1208,Chicago,13.7,81.2,Resolved,
ARC-31473,2026-07-22T15:01:00,Integration,P3,VL-1098,Chicago,4.9,32.9,Resolved,
ARC-31474,2026-07-23T09:06:00,Search,P3,VL-1059,New York,2.6,44.4,Resolved,
ARC-31446,2026-07-23T09:54:00,Search,P2,VL-1127,Houston,7.0,7.5,Resolved,
ARC-31475,2026-07-24T16:42:00,How-to,P3,VL-1041,New York,9.1,19.8,Resolved,
ARC-31453,2026-07-25T16:07:00,Access / SSO,P4,VL-1030,New York,5.5,74.8,Resolved,
ARC-31454,2026-07-26T08:55:00,How-to,P2,VL-1085,New York,8.9,31.4,Resolved,
ARC-31462,2026-07-26T10:22:00,Search,P3,VL-1057,Chicago,6.9,35.1,Closed - no response,
ARC-31448,2026-07-26T18:40:00,How-to,P3,VL-1039,Chicago,8.2,46.7,Resolved,
ARC-31466,2026-07-27T15:56:00,Access / SSO,P3,VL-1040,New York,2.5,19.6,Resolved,
ARC-31502,2026-08-02T09:50:00,How-to,P4,VL-1212,New York,5.0,43.3,Resolved,
ARC-31491,2026-08-02T10:36:00,How-to,P3,VL-1010,London,3.7,26.2,Resolved,
ARC-31517,2026-08-02T14:31:00,Filing error,P3,VL-1198,New York,3.6,50.0,Resolved,
ARC-31490,2026-08-04T08:03:00,How-to,P3,VL-1135,New York,11.0,21.8,Resolved,
ARC-31503,2026-08-04T13:19:00,Filing error,P4,VL-1142,New York,0.7,80.1,Resolved,
ARC-31485,2026-08-04T17:58:00,Performance,P3,VL-1131,New York,12.0,55.8,Resolved,
ARC-31498,2026-08-05T09:52:00,Search,P3,VL-1228,New York,8.7,45.1,Resolved,
ARC-31504,2026-08-05T10:49:00,Outlook add-in,P2,VL-1186,New York,11.0,11.5,Resolved,
ARC-31518,2026-08-05T11:57:00,Search,P4,VL-1168,New York,11.1,58.5,Resolved,
ARC-31489,2026-08-05T13:35:00,How-to,P2,VL-1047,New York,5.9,6.4,Resolved,Repeat issue
ARC-31480,2026-08-05T15:52:00,How-to,P2,VL-1195,New York,12.9,48.5,Resolved,Escalated to account manager
ARC-31513,2026-08-06T09:38:00,Mobile,P2,VL-1155,Chicago,8.0,39.6,Resolved,
ARC-31487,2026-08-06T12:04:00,Outlook add-in,P4,VL-1112,New York,11.0,48.1,Resolved,
ARC-31500,2026-08-07T17:24:00,Search,P3,VL-1224,New York,6.0,44.4,Resolved,
ARC-31484,2026-08-08T14:05:00,Performance,P3,VL-1122,New York,1.6,22.9,Resolved,
ARC-31486,2026-08-08T14:53:00,Filing error,P3,VL-1155,Chicago,4.2,46.3,Resolved,
ARC-31508,2026-08-10T18:50:00,Filing error,P3,VL-1005,New York,7.5,55.1,Resolved,
ARC-31481,2026-08-11T15:54:00,How-to,P4,VL-1216,New York,7.3,58.4,Resolved,
ARC-31492,2026-08-14T15:25:00,Mobile,P3,VL-1152,Chicago,8.4,31.6,Resolved,
ARC-31505,2026-08-15T17:01:00,Outlook add-in,P3,VL-1147,New York,2.4,40.8,Resolved,
ARC-31514,2026-08-16T08:19:00,Performance,P2,VL-1206,New York,4.0,4.5,Closed - no response,
ARC-31494,2026-08-16T11:22:00,How-to,P3,VL-1095,"Washington, DC",0.2,35.9,Resolved,
ARC-31507,2026-08-16T13:38:00,Search,P3,VL-1136,New York,8.1,10.8,Resolved,
ARC-31509,2026-08-17T09:25:00,Mobile,P3,VL-1048,New York,5.2,47.0,Resolved,
ARC-31506,2026-08-17T11:26:00,Outlook add-in,P3,VL-1124,Chicago,10.9,12.8,Resolved,
ARC-31483,2026-08-17T16:13:00,Search,P3,VL-1045,Houston,9.0,75.4,Resolved,
ARC-31499,2026-08-18T15:31:00,Performance,P3,VL-1148,New York,4.8,39.2,Resolved,
ARC-31497,2026-08-19T15:34:00,How-to,P2,VL-1065,Houston,8.0,23.5,Resolved,Workaround provided
ARC-31515,2026-08-20T09:32:00,How-to,P4,VL-1162,Chicago,10.5,55.2,Resolved,
ARC-31512,2026-08-21T17:28:00,Search,P2,VL-1018,New York,8.6,17.1,Resolved,Escalated to account manager
ARC-31496,2026-08-22T16:54:00,How-to,P3,VL-1037,Atlanta,7.7,42.7,Resolved,
ARC-31510,2026-08-23T15:38:00,Filing error,P4,VL-1221,New York,3.5,52.2,Resolved,
ARC-31516,2026-08-23T17:43:00,How-to,P2,VL-1097,San Francisco,10.3,15.6,Closed - no response,Escalated to account manager
ARC-31501,2026-08-25T10:33:00,Integration,P4,VL-1039,Chicago,7.2,72.3,Resolved,
ARC-31479,2026-08-27T10:13:00,Performance,P3,VL-1012,Singapore,2.2,46.4,Resolved,
ARC-31482,2026-08-27T13:44:00,Filing error,P3,VL-1210,New York,9.8,10.3,Resolved,
ARC-31495,2026-08-27T16:16:00,Performance,P3,VL-1006,New York,5.2,51.0,Closed - no response,
ARC-31511,2026-08-28T15:44:00,Access / SSO,P4,VL-1150,New York,8.2,54.6,Resolved,
ARC-31488,2026-08-28T16:46:00,Access / SSO,P3,VL-1224,New York,5.7,46.1,Resolved,
ARC-31493,2026-08-28T17:30:00,Filing error,P3,VL-1192,New York,10.3,46.4,Resolved,
