employee_id,month,active_days,logins,docs_created,docs_opened,docs_edited,searches,emails_filed,mobile_sessions,avg_search_latency_ms
VL-1001,2024-03,7,10,14,76,25,32,29,0,425
VL-1001,2024-04,9,14,11,117,16,41,74,0,505
VL-1001,2024-05,11,13,23,152,34,62,34,5,524
VL-1001,2024-06,6,9,11,64,17,28,39,2,380
VL-1001,2024-07,10,12,13,105,25,66,41,3,475
VL-1001,2024-08,5,7,8,47,12,28,40,2,461
VL-1001,2024-09,8,11,8,76,15,46,40,2,489
VL-1001,2024-10,7,12,17,99,25,48,45,3,578
VL-1001,2024-11,5,9,7,63,10,16,25,0,460
VL-1001,2024-12,6,8,9,82,11,22,33,2,503
VL-1001,2025-01,7,8,12,63,18,24,36,0,587
VL-1001,2025-02,8,14,6,70,11,43,58,0,445
VL-1001,2025-03,11,17,25,139,40,39,96,3,407
VL-1001,2025-04,6,7,6,52,11,39,39,2,444
VL-1001,2025-05,9,11,15,110,29,43,56,5,510
VL-1001,2025-06,9,15,19,98,32,27,49,3,490
VL-1001,2025-07,5,7,8,52,13,33,20,3,458
VL-1001,2025-08,11,20,17,130,23,55,77,0,483
VL-1001,2025-09,9,12,22,131,36,55,65,4,502
VL-1001,2025-10,9,14,11,88,19,45,29,4,532
VL-1001,2025-11,7,8,12,69,17,38,21,1,669
VL-1001,2025-12,8,13,12,71,19,31,68,0,495
VL-1001,2026-01,7,10,15,99,25,44,21,4,441
VL-1001,2026-02,5,6,5,52,6,31,16,1,471
VL-1001,2026-03,9,17,12,96,23,54,71,6,1408
VL-1001,2026-04,8,12,13,105,18,54,69,2,494
VL-1001,2026-05,9,15,12,107,22,44,72,3,461
VL-1001,2026-06,9,13,13,95,24,57,37,2,458
VL-1001,2026-07,10,14,9,93,16,58,78,4,493
VL-1001,2026-08,7,8,9,95,16,44,38,1,540
VL-1216,2025-06,10,13,18,133,32,80,167,3,478
VL-1216,2025-07,8,14,11,124,17,47,167,1,520
VL-1216,2025-08,9,17,17,194,26,39,94,0,457
VL-1216,2025-09,12,16,21,182,34,88,106,4,529
VL-1216,2025-10,8,11,30,184,52,53,56,1,493
VL-1216,2025-11,9,11,23,200,31,67,173,3,601
VL-1216,2025-12,11,14,19,143,25,41,151,2,542
VL-1216,2026-01,8,9,13,118,25,55,162,2,493
VL-1216,2026-02,9,14,19,169,31,54,68,0,472
VL-1216,2026-03,10,14,32,232,61,81,133,3,1465
VL-1216,2026-04,11,17,16,185,22,52,186,3,540
VL-1216,2026-05,9,16,22,147,41,52,137,0,462
VL-1216,2026-06,11,21,28,178,43,64,218,3,471
VL-1216,2026-07,10,16,19,142,33,45,187,3,384
VL-1216,2026-08,12,22,15,173,29,73,103,1,523
VL-1217,2024-03,22,32,48,473,69,129,356,3,456
VL-1217,2024-04,16,27,21,228,30,133,173,5,485
VL-1217,2024-05,18,22,31,411,53,73,311,4,494
VL-1217,2024-06,11,20,23,228,32,70,201,3,515
VL-1217,2024-07,15,29,33,336,43,122,262,1,528
VL-1217,2024-08,13,15,33,242,47,82,239,4,453
VL-1217,2024-09,21,34,34,387,64,138,245,3,468
VL-1217,2024-10,15,27,41,327,67,74,294,1,412
VL-1217,2024-11,13,18,24,285,34,109,227,0,477
VL-1217,2024-12,13,23,36,234,62,106,145,1,486
VL-1217,2025-01,11,20,26,205,32,63,208,4,396
VL-1217,2025-02,22,29,49,299,83,117,435,1,505
VL-1217,2025-03,22,30,52,399,96,170,197,2,524
VL-1217,2025-04,19,29,52,315,86,127,367,0,503
VL-1217,2025-05,16,28,33,218,59,92,118,1,429
VL-1217,2025-06,15,29,51,349,82,73,173,2,486
VL-1217,2025-07,9,12,23,181,33,66,164,0,426
VL-1217,2025-08,16,21,23,255,33,90,172,1,562
VL-1217,2025-09,18,33,26,230,40,86,272,3,445
VL-1217,2025-10,21,26,52,458,86,96,232,0,501
VL-1217,2025-11,17,27,50,333,61,83,152,3,644
VL-1217,2025-12,14,21,36,250,70,72,167,2,461
VL-1217,2026-01,16,19,36,285,63,68,235,3,446
VL-1217,2026-02,11,17,21,240,39,77,103,3,447
VL-1217,2026-03,14,25,27,229,40,106,148,2,1300
VL-1217,2026-04,15,25,26,242,37,91,308,1,568
VL-1217,2026-05,7,12,21,132,27,44,143,0,494
VL-1217,2026-06,22,27,57,506,102,105,282,8,450
VL-1217,2026-07,16,22,24,254,29,133,231,1,500
VL-1217,2026-08,17,23,22,258,30,62,310,4,457
VL-1002,2024-03,11,19,10,108,16,66,42,8,505
VL-1002,2024-04,12,22,21,178,37,51,106,6,456
VL-1002,2024-05,12,19,15,104,22,62,38,7,444
VL-1002,2024-06,15,24,25,196,47,52,71,1,411
VL-1002,2024-07,8,12,10,77,16,27,65,2,501
VL-1002,2024-08,12,23,17,157,32,66,78,0,525
VL-1002,2024-09,10,16,25,143,35,40,45,2,480
VL-1002,2024-10,7,10,13,107,24,22,35,5,419
VL-1002,2024-11,7,9,14,73,17,24,43,2,519
VL-1002,2024-12,10,17,18,115,25,61,32,6,576
VL-1002,2025-01,10,18,29,147,45,36,78,6,469
VL-1002,2025-02,13,20,22,159,42,54,65,8,440
VL-1002,2025-03,13,23,23,170,41,39,56,0,563
VL-1002,2025-04,10,13,12,141,15,32,62,1,521
VL-1002,2025-05,13,16,16,153,24,58,63,4,441
VL-1002,2025-06,11,21,25,156,46,46,54,5,484
VL-1002,2025-07,10,12,19,130,24,38,55,1,513
VL-1002,2025-08,10,15,22,126,34,68,46,7,458
VL-1002,2025-09,14,21,25,202,41,83,42,6,478
VL-1002,2025-10,14,17,29,186,50,55,124,1,445
VL-1002,2025-11,16,30,26,135,39,83,78,11,621
VL-1002,2025-12,6,10,7,77,11,39,26,0,496
VL-1002,2026-01,12,20,25,133,42,42,62,6,493
VL-1002,2026-02,9,17,21,109,26,36,31,6,542
VL-1002,2026-03,10,18,28,138,52,59,50,6,1393
VL-1002,2026-04,12,16,36,186,53,59,100,7,443
VL-1002,2026-05,12,21,14,105,17,83,49,5,446
VL-1002,2026-06,10,13,23,134,38,44,40,2,471
VL-1002,2026-07,9,12,12,127,21,60,78,6,492
VL-1002,2026-08,9,15,16,135,21,50,66,1,492
VL-1010,2024-03,12,22,21,184,25,80,40,0,628
VL-1010,2024-04,7,9,16,100,24,36,43,3,590
VL-1010,2024-05,10,19,20,108,28,32,35,1,664
VL-1010,2024-06,13,16,33,184,61,89,85,6,601
VL-1010,2024-07,13,21,17,113,22,90,72,6,633
VL-1010,2024-08,4,5,5,45,7,13,22,2,597
VL-1010,2024-09,12,16,17,109,22,59,72,1,593
VL-1010,2024-10,12,16,11,105,20,46,74,7,562
VL-1010,2024-11,10,16,29,154,49,68,55,5,604
VL-1010,2024-12,10,18,20,148,26,63,51,4,563
VL-1010,2025-01,15,24,23,175,41,101,105,8,712
VL-1010,2025-02,9,16,20,123,30,44,49,4,606
VL-1010,2025-03,9,16,18,124,26,53,37,3,568
VL-1010,2025-04,5,8,7,58,13,24,27,3,615
VL-1010,2025-05,11,15,24,135,30,49,95,6,647
VL-1010,2025-06,7,10,15,87,19,22,39,5,613
VL-1010,2025-07,17,20,39,193,58,107,107,2,561
VL-1010,2025-08,11,17,22,110,31,75,37,5,601
VL-1010,2025-09,10,15,21,108,27,30,70,0,641
VL-1010,2025-10,13,19,14,147,25,39,104,9,597
VL-1010,2025-11,9,16,9,91,17,58,78,4,783
VL-1010,2025-12,11,20,22,161,42,51,60,3,544
VL-1010,2026-01,13,16,22,158,43,76,106,6,550
VL-1010,2026-02,9,15,9,103,15,35,33,5,658
VL-1010,2026-03,13,24,25,168,38,65,64,10,1521
VL-1010,2026-04,9,11,25,137,49,51,73,1,602
VL-1010,2026-05,17,22,36,264,49,110,74,0,662
VL-1010,2026-06,13,25,11,118,18,72,79,4,600
VL-1010,2026-07,13,16,23,118,28,71,84,3,615
VL-1010,2026-08,10,16,20,106,33,63,83,6,629
VL-1011,2026-01,8,13,17,99,27,30,71,4,564
VL-1011,2026-02,7,10,13,87,19,37,36,2,540
VL-1011,2026-03,8,12,14,119,19,36,36,3,1501
VL-1011,2026-04,4,7,6,43,10,17,26,0,593
VL-1011,2026-05,9,12,10,99,18,42,80,3,645
VL-1011,2026-06,5,8,7,75,12,33,16,3,604
VL-1011,2026-07,5,9,6,45,11,31,38,0,517
VL-1011,2026-08,8,11,10,103,17,52,33,5,679
VL-1012,2024-03,10,16,12,118,17,44,84,2,669
VL-1012,2024-04,15,23,43,208,66,62,60,8,736
VL-1012,2024-05,14,23,17,181,20,96,54,2,707
VL-1012,2024-06,10,16,20,109,31,52,63,3,743
VL-1012,2024-07,8,12,15,99,29,52,31,0,524
VL-1012,2024-08,9,17,10,80,12,58,76,2,675
VL-1012,2024-09,12,21,18,114,23,57,48,4,702
VL-1012,2024-10,13,20,15,154,25,80,91,8,725
VL-1012,2024-11,9,11,12,137,16,27,50,1,690
VL-1012,2024-12,9,14,16,85,19,50,29,0,754
VL-1012,2025-01,9,12,26,126,49,34,79,4,692
VL-1012,2025-02,10,18,17,119,24,31,33,6,723
VL-1012,2025-03,11,17,22,113,28,68,41,5,670
VL-1012,2025-04,11,16,10,117,15,43,78,7,610
VL-1012,2025-05,14,19,11,119,20,73,54,9,673
VL-1012,2025-06,8,13,20,110,30,45,62,2,766
VL-1012,2025-07,13,17,16,118,21,78,69,9,663
VL-1012,2025-08,10,16,15,86,22,39,76,5,725
VL-1012,2025-09,8,15,15,92,29,26,67,0,722
VL-1012,2025-10,13,17,27,176,48,73,60,8,666
VL-1012,2025-11,16,29,34,172,49,97,105,10,827
VL-1012,2025-12,6,11,7,57,11,33,26,1,685
VL-1012,2026-01,6,11,15,89,25,23,22,0,752
VL-1012,2026-02,13,22,27,175,39,43,91,8,781
VL-1012,2026-03,7,11,11,98,16,44,61,1,1548
VL-1012,2026-04,6,7,13,77,21,40,18,0,745
VL-1012,2026-05,14,21,20,159,32,80,55,6,696
VL-1012,2026-06,12,15,22,116,30,78,96,5,691
VL-1012,2026-07,9,11,11,111,15,32,40,6,750
VL-1012,2026-08,11,19,15,154,27,59,67,3,640
VL-1013,2024-03,7,13,13,106,22,34,31,2,601
VL-1013,2024-04,8,15,21,109,26,51,26,4,479
VL-1013,2024-05,12,21,15,112,23,70,37,4,539
VL-1013,2024-06,13,22,17,140,27,81,112,6,596
VL-1013,2024-07,14,17,34,211,46,60,74,8,540
VL-1013,2024-08,11,18,12,109,19,66,65,3,542
VL-1013,2024-09,9,15,11,87,14,33,59,6,632
VL-1013,2024-10,10,15,16,110,30,67,68,6,601
VL-1013,2024-11,9,13,10,79,12,52,64,0,581
VL-1013,2024-12,6,8,12,85,22,19,21,0,618
VL-1013,2025-01,12,17,32,175,49,46,78,4,645
VL-1013,2025-02,12,17,11,106,21,66,91,8,512
VL-1013,2025-03,11,21,13,102,20,69,43,1,624
VL-1013,2025-04,8,13,13,79,19,24,48,6,633
VL-1013,2025-05,15,18,20,177,30,81,76,5,591
VL-1013,2025-06,13,23,22,184,40,51,93,6,579
VL-1013,2025-07,12,21,15,149,28,79,39,2,576
VL-1013,2025-08,9,13,9,90,16,32,56,5,603
VL-1013,2025-09,6,7,9,62,14,35,28,1,514
VL-1013,2025-10,13,25,33,184,64,84,82,3,649
VL-1013,2025-11,10,16,18,122,33,57,61,7,758
VL-1013,2025-12,8,10,12,98,15,33,40,2,603
VL-1013,2026-01,13,24,16,124,31,76,92,9,658
VL-1013,2026-02,17,30,44,227,73,59,128,12,597
VL-1013,2026-03,9,11,19,95,37,28,70,3,1475
VL-1013,2026-04,12,21,24,181,43,81,107,9,649
VL-1013,2026-05,11,14,9,94,14,70,82,5,631
VL-1013,2026-06,12,21,12,113,18,54,102,4,653
VL-1013,2026-07,14,21,37,184,48,94,107,1,661
VL-1013,2026-08,11,15,29,147,51,48,49,8,646
VL-1014,2024-03,11,14,21,112,31,50,45,8,720
VL-1014,2024-04,11,20,15,95,18,50,93,3,702
VL-1014,2024-05,11,18,13,102,24,49,52,3,742
VL-1014,2024-06,11,16,15,103,22,70,90,4,593
VL-1014,2024-07,15,25,32,154,48,57,62,1,656
VL-1014,2024-08,11,17,22,157,27,56,79,3,646
VL-1014,2024-09,8,11,20,108,33,38,55,1,623
VL-1014,2024-10,8,15,11,71,16,25,45,1,699
VL-1014,2024-11,14,19,30,200,44,47,59,4,696
VL-1014,2024-12,8,9,17,88,32,31,58,0,674
VL-1014,2025-01,16,30,37,236,47,84,50,9,677
VL-1014,2025-02,11,17,22,147,33,39,97,0,696
VL-1014,2025-03,8,14,13,89,23,30,46,4,634
VL-1014,2025-04,17,30,25,250,48,62,109,8,714
VL-1014,2025-05,12,21,16,135,29,70,70,4,702
VL-1014,2025-06,10,14,18,102,35,48,67,4,691
VL-1014,2025-07,11,13,22,147,35,43,81,2,701
VL-1014,2025-08,6,11,9,75,16,33,45,4,671
VL-1014,2025-09,12,15,21,123,34,78,47,6,807
VL-1014,2025-10,12,18,16,102,31,51,58,8,666
VL-1014,2025-11,12,21,10,104,18,57,62,6,859
VL-1014,2025-12,10,17,18,116,31,58,51,5,704
VL-1014,2026-01,14,19,22,216,31,82,86,0,729
VL-1014,2026-02,14,18,22,213,34,50,117,5,732
VL-1014,2026-03,11,14,18,98,30,51,95,8,1566
VL-1014,2026-04,9,17,19,131,31,46,56,2,781
VL-1014,2026-05,12,23,12,103,23,64,54,4,657
VL-1014,2026-06,9,12,19,94,28,55,53,5,712
VL-1014,2026-07,16,28,18,160,33,53,83,7,739
VL-1014,2026-08,16,29,41,209,71,78,108,6,657
VL-1015,2024-03,8,10,17,104,21,46,64,3,513
VL-1015,2024-04,13,25,13,143,16,47,47,5,490
VL-1015,2024-05,11,13,19,105,32,43,85,7,508
VL-1015,2024-06,10,17,20,145,24,31,56,7,494
VL-1015,2024-07,10,19,17,142,23,61,56,3,444
VL-1015,2024-08,5,7,9,56,16,18,26,2,503
VL-1015,2024-09,8,12,17,92,29,51,67,2,529
VL-1015,2024-10,10,18,19,105,26,36,40,1,442
VL-1015,2024-11,15,29,36,229,55,73,118,4,508
VL-1015,2024-12,10,16,14,116,23,48,43,1,508
VL-1015,2025-01,13,17,17,141,23,46,42,5,509
VL-1015,2025-02,9,15,15,78,24,46,55,5,494
VL-1015,2025-03,11,17,21,168,40,68,58,8,491
VL-1015,2025-04,10,15,14,89,24,68,49,0,473
VL-1015,2025-05,9,14,11,78,15,28,56,4,436
VL-1015,2025-06,16,31,26,240,37,57,90,9,505
VL-1015,2025-07,7,9,6,68,11,24,58,1,546
VL-1015,2025-08,13,21,18,144,31,65,58,9,505
VL-1015,2025-09,13,19,16,141,20,81,50,2,453
VL-1015,2025-10,9,14,10,99,17,57,71,6,471
VL-1015,2025-11,14,20,31,193,40,94,74,0,661
VL-1015,2025-12,6,10,12,85,16,37,37,0,540
VL-1015,2026-01,10,12,19,116,37,36,82,7,440
VL-1015,2026-02,15,28,19,212,31,73,103,8,431
VL-1015,2026-03,11,18,14,114,26,35,95,2,1359
VL-1015,2026-04,9,17,15,135,19,50,71,0,538
VL-1015,2026-05,13,24,30,172,43,59,57,6,499
VL-1015,2026-06,18,28,25,276,42,85,82,4,464
VL-1015,2026-07,14,26,25,136,43,95,45,4,415
VL-1015,2026-08,8,10,12,82,18,34,38,2,525
VL-1016,2025-12,1,1,1,9,1,3,5,0,495
VL-1016,2026-01,1,1,1,10,1,3,8,0,438
VL-1016,2026-02,0,0,0,0,0,0,0,0,
VL-1016,2026-03,1,1,1,14,1,5,3,0,1493
VL-1016,2026-04,1,1,2,14,2,3,6,0,520
VL-1016,2026-05,1,1,1,9,1,5,6,0,465
VL-1016,2026-06,2,2,2,21,2,10,13,1,549
VL-1016,2026-07,3,5,2,27,2,13,22,0,417
VL-1016,2026-08,2,2,3,28,5,11,11,0,428
VL-1017,2024-03,11,20,15,133,21,70,75,4,458
VL-1017,2024-04,9,15,20,138,26,39,39,7,564
VL-1017,2024-05,8,11,6,71,8,45,25,5,467
VL-1017,2024-06,14,22,23,141,35,44,63,7,477
VL-1017,2024-07,9,14,16,79,28,61,61,1,481
VL-1017,2024-08,7,13,11,62,17,45,56,2,495
VL-1017,2024-09,9,13,14,112,17,35,46,0,349
VL-1017,2024-10,12,16,18,102,27,60,67,2,496
VL-1017,2024-11,12,22,14,107,27,77,36,3,455
VL-1017,2024-12,8,13,16,86,22,52,64,0,418
VL-1017,2025-01,15,27,30,150,58,93,78,7,414
VL-1017,2025-02,12,14,18,123,27,65,62,8,428
VL-1017,2025-03,6,8,10,59,16,30,36,4,545
VL-1017,2025-04,12,21,17,187,33,54,38,8,482
VL-1017,2025-05,10,14,18,93,32,55,62,2,453
VL-1017,2025-06,10,19,20,117,30,58,58,6,478
VL-1017,2025-07,11,17,26,140,36,44,79,1,487
VL-1017,2025-08,3,5,7,38,10,12,22,0,521
VL-1017,2025-09,13,24,16,143,20,46,90,1,484
VL-1017,2025-10,4,7,6,59,7,22,20,3,354
VL-1017,2025-11,15,28,18,151,24,65,81,1,556
VL-1017,2025-12,5,9,5,50,6,32,29,0,358
VL-1017,2026-01,18,26,48,259,84,74,150,11,508
VL-1017,2026-02,13,19,22,172,26,60,64,4,465
VL-1017,2026-03,11,17,14,161,19,54,59,4,1410
VL-1017,2026-04,11,21,18,93,22,58,45,3,518
VL-1017,2026-05,8,10,19,109,29,36,44,5,479
VL-1017,2026-06,10,15,20,127,27,30,66,3,512
VL-1017,2026-07,14,22,22,205,33,54,58,4,511
VL-1017,2026-08,9,15,18,139,28,53,67,2,539
VL-1018,2024-03,14,21,31,180,52,84,98,9,414
VL-1018,2024-04,10,19,17,134,31,63,83,6,482
VL-1018,2024-05,10,14,14,105,21,62,40,7,482
VL-1018,2024-06,10,15,18,113,33,52,73,2,527
VL-1018,2024-07,10,14,21,145,35,34,48,7,540
VL-1018,2024-08,8,12,8,90,13,36,46,3,512
VL-1018,2024-09,10,15,15,100,28,30,42,5,538
VL-1018,2024-10,13,22,27,149,37,83,115,2,488
VL-1018,2024-11,16,30,22,207,29,89,143,4,549
VL-1018,2024-12,7,8,13,78,16,21,40,0,486
VL-1018,2025-01,11,18,15,117,18,70,39,3,483
VL-1018,2025-02,12,23,16,120,24,37,78,8,489
VL-1018,2025-03,10,18,23,114,30,60,72,0,395
VL-1018,2025-04,13,24,31,172,53,86,71,7,587
VL-1018,2025-05,7,10,14,105,24,41,61,1,491
VL-1018,2025-06,9,12,19,121,33,60,75,2,459
VL-1018,2025-07,9,11,9,98,16,56,47,4,556
VL-1018,2025-08,11,19,15,136,20,54,95,6,519
VL-1018,2025-09,16,28,32,165,38,75,74,8,472
VL-1018,2025-10,11,21,15,101,20,58,95,6,481
VL-1018,2025-11,12,14,29,169,52,40,101,4,545
VL-1018,2025-12,10,18,17,107,22,60,34,4,525
VL-1018,2026-01,12,19,14,147,19,72,76,2,539
VL-1018,2026-02,10,17,13,152,22,43,74,4,553
VL-1018,2026-03,10,18,19,142,33,45,73,2,1330
VL-1018,2026-04,19,31,24,171,36,78,67,13,474
VL-1018,2026-05,16,26,35,234,45,49,136,3,466
VL-1018,2026-06,7,13,9,60,11,43,34,2,452
VL-1018,2026-07,9,14,18,124,33,28,64,6,529
VL-1018,2026-08,17,25,27,209,38,87,152,8,495
VL-1019,2024-03,7,10,12,93,18,48,45,0,451
VL-1019,2024-04,13,21,12,137,22,69,70,0,412
VL-1019,2024-05,12,22,26,131,36,76,48,7,431
VL-1019,2024-06,5,7,5,64,9,15,34,1,484
VL-1019,2024-07,12,17,12,106,21,69,82,5,541
VL-1019,2024-08,10,19,23,141,39,44,66,7,469
VL-1019,2024-09,10,12,24,144,46,48,84,5,540
VL-1019,2024-10,11,18,12,120,16,57,88,6,431
VL-1019,2024-11,8,12,17,111,31,32,47,1,474
VL-1019,2024-12,8,14,16,109,31,41,66,6,503
VL-1019,2025-01,9,15,15,122,22,30,39,4,462
VL-1019,2025-02,11,19,9,94,15,52,96,8,566
VL-1019,2025-03,14,21,19,126,31,60,82,9,423
VL-1019,2025-04,12,17,30,185,42,36,44,7,393
VL-1019,2025-05,11,13,12,115,23,43,46,3,473
VL-1019,2025-06,11,17,21,132,26,35,65,4,349
VL-1019,2025-07,10,14,15,130,25,31,40,2,574
VL-1019,2025-08,11,19,14,92,22,39,39,5,435
VL-1019,2025-09,18,34,42,254,57,117,82,4,457
VL-1019,2025-10,8,10,9,82,15,55,61,5,470
VL-1019,2025-11,9,14,12,90,19,42,66,1,717
VL-1019,2025-12,10,14,18,133,22,66,54,7,529
VL-1019,2026-01,13,20,36,174,63,62,91,2,456
VL-1019,2026-02,12,15,32,181,46,37,45,8,549
VL-1019,2026-03,10,13,12,86,15,43,31,6,1382
VL-1019,2026-04,11,15,24,158,44,55,84,7,430
VL-1019,2026-05,8,9,9,81,17,52,67,4,465
VL-1019,2026-06,13,23,18,126,24,90,89,8,524
VL-1019,2026-07,14,17,17,130,23,53,44,6,485
VL-1019,2026-08,11,19,13,93,18,34,83,8,465
VL-1020,2026-03,7,12,13,78,20,47,34,0,1370
VL-1020,2026-04,8,12,20,97,33,37,70,4,544
VL-1020,2026-05,9,13,16,93,27,46,56,0,546
VL-1020,2026-06,7,9,8,92,13,22,56,2,351
VL-1020,2026-07,9,14,23,118,35,50,51,5,480
VL-1020,2026-08,5,6,10,75,12,20,20,3,492
VL-1021,2024-03,3,5,2,26,2,14,14,2,490
VL-1021,2024-04,1,1,1,8,1,4,7,0,416
VL-1021,2024-05,3,3,4,45,5,9,18,0,462
VL-1021,2024-06,2,3,3,28,3,8,8,1,504
VL-1021,2024-07,2,3,2,18,3,7,17,0,510
VL-1021,2024-08,2,3,3,23,5,6,9,0,482
VL-1021,2024-09,2,3,3,26,4,6,13,1,438
VL-1021,2024-10,2,3,4,27,5,11,11,1,455
VL-1021,2024-11,1,1,0,8,0,6,7,0,495
VL-1021,2024-12,1,1,1,8,1,3,4,0,452
VL-1021,2025-01,2,2,3,29,4,7,7,0,489
VL-1021,2025-02,1,1,2,11,3,6,3,0,554
VL-1021,2025-03,1,1,2,12,3,5,5,0,479
VL-1021,2025-04,2,3,4,23,5,12,16,0,441
VL-1021,2025-05,1,1,1,11,1,6,4,0,444
VL-1021,2025-06,3,4,4,29,6,11,20,0,512
VL-1021,2025-07,1,1,1,9,1,5,6,0,457
VL-1021,2025-08,1,1,1,10,1,5,7,0,430
VL-1021,2025-09,1,1,1,13,1,3,5,0,542
VL-1021,2025-10,3,4,4,31,6,9,23,1,469
VL-1021,2025-11,2,3,5,30,8,12,17,0,577
VL-1021,2025-12,1,1,0,8,0,5,4,0,469
VL-1021,2026-01,1,1,1,13,1,5,8,0,454
VL-1021,2026-02,3,4,2,27,3,10,12,1,499
VL-1021,2026-03,2,2,2,17,3,11,6,1,1345
VL-1021,2026-04,2,2,3,18,4,9,13,1,519
VL-1021,2026-05,3,4,5,31,6,9,22,2,394
VL-1021,2026-06,2,3,2,17,2,6,7,0,468
VL-1021,2026-07,2,2,3,22,5,6,6,0,498
VL-1021,2026-08,2,3,3,21,4,9,12,1,484
VL-1022,2024-03,8,15,10,81,15,51,66,1,534
VL-1022,2024-04,13,25,27,166,33,41,78,1,445
VL-1022,2024-05,7,10,11,68,15,31,24,0,583
VL-1022,2024-06,7,12,9,78,16,22,33,3,473
VL-1022,2024-07,11,14,19,116,24,37,95,0,442
VL-1022,2024-08,11,21,18,95,30,56,76,5,450
VL-1022,2024-09,10,15,11,90,21,64,34,3,452
VL-1022,2024-10,8,12,6,68,11,28,41,3,435
VL-1022,2024-11,19,35,24,264,35,103,149,11,494
VL-1022,2024-12,5,8,7,73,10,18,37,0,489
VL-1022,2025-01,10,13,28,143,34,54,49,5,404
VL-1022,2025-02,9,13,10,96,15,56,38,3,535
VL-1022,2025-03,11,15,16,158,24,57,74,1,453
VL-1022,2025-04,8,13,12,112,16,44,32,6,467
VL-1022,2025-05,11,19,15,145,26,57,56,8,441
VL-1022,2025-06,8,11,21,120,31,27,61,5,382
VL-1022,2025-07,13,23,20,137,30,42,93,4,476
VL-1022,2025-08,12,16,11,109,18,53,72,8,464
VL-1022,2025-09,11,15,17,111,32,75,47,2,488
VL-1022,2025-10,11,21,16,96,19,39,85,5,446
VL-1022,2025-11,10,17,19,124,25,64,84,7,655
VL-1022,2025-12,6,7,5,51,9,19,26,0,441
VL-1022,2026-01,9,14,13,111,19,47,57,5,542
VL-1022,2026-02,10,13,9,90,16,62,74,3,426
VL-1022,2026-03,11,19,19,122,36,61,64,5,1346
VL-1022,2026-04,10,17,8,86,11,37,62,7,424
VL-1022,2026-05,9,12,20,123,29,34,44,2,494
VL-1022,2026-06,11,15,13,132,21,59,92,1,493
VL-1022,2026-07,14,18,31,213,57,97,114,6,508
VL-1022,2026-08,9,12,18,89,32,51,51,3,518
VL-1023,2025-11,3,5,5,37,7,18,16,2,669
VL-1023,2025-12,5,7,7,72,9,24,31,3,485
VL-1023,2026-01,6,7,15,88,23,25,22,3,492
VL-1023,2026-02,6,11,15,74,24,36,40,1,442
VL-1023,2026-03,9,16,11,86,21,51,29,2,1389
VL-1023,2026-04,6,10,13,70,25,21,23,1,483
VL-1023,2026-05,7,12,20,101,29,25,47,2,530
VL-1023,2026-06,7,11,18,108,32,24,44,2,509
VL-1023,2026-07,6,10,8,64,11,19,53,3,418
VL-1023,2026-08,8,14,15,121,19,54,56,3,566
VL-1024,2024-03,8,9,15,110,18,31,38,5,548
VL-1024,2024-04,14,24,22,213,43,80,114,10,461
VL-1024,2024-05,6,7,18,89,35,35,38,2,451
VL-1024,2024-06,9,15,14,139,20,56,73,5,544
VL-1024,2024-07,10,17,20,122,39,45,45,1,454
VL-1024,2024-08,9,12,21,103,36,40,63,4,517
VL-1024,2024-09,12,22,33,163,52,82,46,3,481
VL-1024,2024-10,8,14,12,72,21,39,71,4,488
VL-1024,2024-11,7,9,8,74,10,24,56,1,474
VL-1024,2024-12,8,11,8,85,12,48,46,2,487
VL-1024,2025-01,10,17,11,106,19,65,37,7,469
VL-1024,2025-02,13,15,20,172,24,59,59,5,496
VL-1024,2025-03,13,23,22,136,41,82,101,7,495
VL-1024,2025-04,10,16,17,135,27,66,89,1,433
VL-1024,2025-05,12,14,23,133,29,77,93,6,451
VL-1024,2025-06,12,22,27,143,40,44,65,2,580
VL-1024,2025-07,12,16,21,154,35,76,70,8,480
VL-1024,2025-08,12,23,33,167,53,42,59,7,556
VL-1024,2025-09,10,16,13,123,19,35,42,2,497
VL-1024,2025-10,7,12,8,76,13,35,40,3,410
VL-1024,2025-11,15,28,25,152,40,88,134,4,508
VL-1024,2025-12,6,9,13,64,22,18,34,3,479
VL-1024,2026-01,11,18,32,160,43,73,35,4,521
VL-1024,2026-02,18,35,28,265,34,98,56,11,447
VL-1024,2026-03,12,16,17,171,21,64,100,4,1309
VL-1024,2026-04,9,11,25,133,43,42,56,6,514
VL-1024,2026-05,10,14,12,106,23,32,60,3,503
VL-1024,2026-06,10,15,23,118,40,32,34,6,454
VL-1024,2026-07,16,20,22,233,32,87,66,2,462
VL-1024,2026-08,11,17,17,130,30,72,56,8,484
VL-1025,2024-03,6,10,11,62,17,28,53,0,488
VL-1025,2024-04,9,10,18,89,35,30,28,4,454
VL-1025,2024-05,16,26,38,211,65,81,66,7,588
VL-1025,2024-06,16,27,41,213,70,87,92,8,425
VL-1025,2024-07,12,14,19,136,26,67,65,6,383
VL-1025,2024-08,12,15,26,157,46,36,70,8,516
VL-1025,2024-09,11,14,26,128,36,37,69,1,461
VL-1025,2024-10,12,14,21,126,38,48,44,6,371
VL-1025,2024-11,13,21,36,202,43,66,54,8,470
VL-1025,2024-12,8,14,7,67,10,31,31,5,523
VL-1025,2025-01,11,17,26,154,34,43,92,4,477
VL-1025,2025-02,14,24,24,131,33,71,95,6,506
VL-1025,2025-03,11,17,17,166,28,67,49,6,411
VL-1025,2025-04,11,15,18,168,21,65,54,7,472
VL-1025,2025-05,11,16,20,134,30,61,93,0,415
VL-1025,2025-06,15,19,34,183,58,103,96,1,486
VL-1025,2025-07,10,19,24,124,47,39,69,6,476
VL-1025,2025-08,11,17,19,127,32,39,60,8,444
VL-1025,2025-09,12,17,37,183,55,65,40,3,491
VL-1025,2025-10,11,15,20,110,33,34,55,2,535
VL-1025,2025-11,13,20,26,167,32,55,105,5,596
VL-1025,2025-12,10,16,24,120,45,67,74,5,426
VL-1025,2026-01,13,21,13,126,20,42,82,4,401
VL-1025,2026-02,15,23,34,189,47,88,97,0,555
VL-1025,2026-03,9,16,23,125,39,57,51,4,1357
VL-1025,2026-04,12,23,36,181,54,63,50,0,461
VL-1025,2026-05,10,15,9,92,12,35,34,1,528
VL-1025,2026-06,16,28,19,140,24,103,129,9,529
VL-1025,2026-07,14,27,27,139,46,76,114,7,470
VL-1025,2026-08,9,17,14,96,17,47,70,5,520
VL-1026,2024-03,7,13,7,64,11,44,25,0,455
VL-1026,2024-04,7,12,14,100,25,28,45,1,406
VL-1026,2024-05,10,13,16,143,25,36,70,0,481
VL-1026,2024-06,11,16,14,150,17,35,92,7,523
VL-1026,2024-07,11,16,18,106,22,39,56,1,524
VL-1026,2024-08,10,13,17,141,32,44,87,2,403
VL-1026,2024-09,12,21,36,185,48,76,72,0,503
VL-1026,2024-10,11,18,29,159,54,40,86,5,394
VL-1026,2024-11,8,15,11,89,19,30,48,5,433
VL-1026,2024-12,5,7,12,63,18,16,40,0,517
VL-1026,2025-01,14,23,17,164,27,68,97,8,514
VL-1026,2025-02,7,10,20,96,34,38,32,2,454
VL-1026,2025-03,7,9,14,83,19,36,62,0,393
VL-1026,2025-04,9,17,12,107,22,51,63,2,419
VL-1026,2025-05,11,19,13,138,25,50,59,5,449
VL-1026,2025-06,8,10,21,123,37,40,66,5,478
VL-1026,2025-07,18,30,26,180,47,57,147,4,401
VL-1026,2025-08,6,9,10,75,18,38,34,4,437
VL-1026,2025-09,12,19,30,162,37,56,102,6,479
VL-1026,2025-10,12,20,21,184,29,76,57,5,465
VL-1026,2025-11,7,13,8,72,11,39,25,4,598
VL-1026,2025-12,8,12,15,106,25,47,60,1,519
VL-1026,2026-01,8,13,16,108,22,32,27,4,544
VL-1026,2026-02,10,19,11,93,21,45,67,0,551
VL-1026,2026-03,12,22,28,140,40,51,68,5,1446
VL-1026,2026-04,10,19,24,135,33,57,67,7,456
VL-1026,2026-05,12,22,20,170,37,79,65,8,386
VL-1026,2026-06,8,15,14,73,20,53,54,6,375
VL-1026,2026-07,9,17,23,118,38,56,61,0,459
VL-1026,2026-08,13,25,22,157,34,75,77,5,466
VL-1027,2024-03,2,2,3,18,4,11,9,1,374
VL-1027,2024-04,3,5,3,30,4,18,9,2,524
VL-1027,2024-05,1,1,1,11,1,3,3,0,571
VL-1027,2024-06,3,4,6,40,11,20,20,0,509
VL-1027,2024-07,3,4,6,44,8,15,12,1,410
VL-1027,2024-08,1,1,2,13,3,4,8,0,465
VL-1027,2024-09,2,2,5,24,8,7,17,1,501
VL-1027,2024-10,1,1,1,11,1,4,5,0,490
VL-1027,2024-11,3,4,5,30,7,13,17,1,460
VL-1027,2024-12,1,1,2,15,3,5,7,0,468
VL-1027,2025-01,3,3,6,45,11,20,26,2,529
VL-1027,2025-02,3,4,4,35,7,12,9,1,560
VL-1027,2025-03,1,1,2,13,2,3,5,0,474
VL-1027,2025-04,2,3,2,16,3,6,6,1,453
VL-1027,2025-05,2,2,3,21,4,9,13,1,468
VL-1027,2025-06,2,2,2,24,3,7,12,1,452
VL-1027,2025-07,1,1,2,14,3,3,8,0,435
VL-1027,2025-08,2,3,3,27,5,10,17,1,500
VL-1027,2025-09,1,1,1,10,1,4,6,0,575
VL-1027,2025-10,2,3,2,18,3,12,11,1,396
VL-1027,2025-11,2,2,4,27,6,13,6,0,658
VL-1027,2025-12,2,3,3,22,3,12,16,1,550
VL-1027,2026-01,1,1,2,15,3,5,5,0,421
VL-1027,2026-02,2,3,4,29,7,11,10,0,472
VL-1027,2026-03,2,3,2,29,3,12,11,0,1376
VL-1027,2026-04,1,1,0,9,0,4,3,0,517
VL-1027,2026-05,2,3,4,29,6,6,11,0,525
VL-1027,2026-06,1,1,2,15,3,6,8,0,495
VL-1027,2026-07,1,1,1,13,1,6,8,0,479
VL-1027,2026-08,2,3,4,21,5,10,13,0,519
VL-1028,2024-03,1,1,1,9,1,4,3,0,498
VL-1028,2024-04,4,5,7,47,10,24,24,1,505
VL-1028,2024-05,2,3,3,19,3,11,16,1,519
VL-1028,2024-06,1,1,1,8,1,4,4,0,481
VL-1028,2024-07,2,2,2,24,3,8,8,0,452
VL-1028,2024-08,1,1,1,10,1,3,6,0,511
VL-1028,2024-09,1,1,2,14,2,6,3,0,461
VL-1028,2024-10,3,4,3,38,5,15,26,2,472
VL-1028,2024-11,2,3,3,29,4,12,11,0,473
VL-1028,2024-12,0,0,0,0,0,0,0,0,
VL-1028,2025-01,2,3,2,18,3,8,15,1,492
VL-1028,2025-02,0,0,0,0,0,0,0,0,
VL-1028,2025-03,1,1,1,11,1,5,5,0,446
VL-1028,2025-04,2,2,2,26,3,11,12,1,521
VL-1028,2025-05,3,5,5,30,6,18,9,0,526
VL-1028,2025-06,1,1,2,13,3,3,3,0,474
VL-1028,2025-07,1,1,2,10,3,5,4,0,449
VL-1028,2025-08,1,1,1,14,1,5,6,0,522
VL-1028,2025-09,1,1,2,15,3,3,7,0,558
VL-1028,2025-10,3,5,4,35,5,20,15,1,452
VL-1028,2025-11,1,1,2,14,3,4,7,0,613
VL-1028,2025-12,2,3,4,29,6,12,12,0,380
VL-1028,2026-01,2,3,2,22,2,13,9,0,481
VL-1028,2026-02,2,3,2,19,2,10,11,0,511
VL-1028,2026-03,2,3,2,19,3,8,9,1,1355
VL-1028,2026-04,2,3,4,31,5,9,7,0,506
VL-1028,2026-05,1,1,1,12,1,5,3,0,562
VL-1028,2026-06,3,4,3,44,4,9,9,0,450
VL-1028,2026-07,2,3,2,18,2,8,6,0,550
VL-1028,2026-08,2,3,4,28,6,13,13,0,444
VL-1029,2026-03,1,1,1,9,1,4,4,0,1362
VL-1029,2026-04,1,1,2,14,3,5,8,0,510
VL-1029,2026-05,1,1,1,14,1,4,4,0,512
VL-1029,2026-06,1,1,1,11,1,3,6,0,500
VL-1029,2026-07,1,1,1,11,1,4,5,0,467
VL-1029,2026-08,1,1,0,10,0,5,7,0,500
VL-1030,2024-03,10,18,23,116,40,51,71,6,506
VL-1030,2024-04,12,17,17,178,26,54,88,5,477
VL-1030,2024-05,13,15,32,192,56,70,65,2,516
VL-1030,2024-06,5,9,8,55,13,31,27,3,474
VL-1030,2024-07,12,22,30,168,46,73,41,0,423
VL-1030,2024-08,13,18,31,201,51,53,88,7,447
VL-1030,2024-09,8,10,10,69,15,55,55,2,469
VL-1030,2024-10,11,13,21,143,30,36,46,1,484
VL-1030,2024-11,6,10,11,84,15,18,32,0,513
VL-1030,2024-12,10,16,23,134,32,37,75,5,476
VL-1030,2025-01,12,21,16,177,28,53,76,8,451
VL-1030,2025-02,11,20,26,160,34,52,67,5,433
VL-1030,2025-03,14,16,13,144,22,58,98,4,442
VL-1030,2025-04,7,12,16,83,25,44,60,1,460
VL-1030,2025-05,14,18,23,144,37,82,98,2,458
VL-1030,2025-06,11,16,19,98,27,44,45,7,539
VL-1030,2025-07,11,18,17,137,24,51,36,6,539
VL-1030,2025-08,8,14,20,113,38,53,47,2,483
VL-1030,2025-09,13,17,34,197,59,60,43,8,488
VL-1030,2025-10,9,11,18,134,24,30,54,6,483
VL-1030,2025-11,15,23,19,151,29,86,93,4,575
VL-1030,2025-12,4,6,6,43,9,17,18,0,477
VL-1030,2026-01,9,13,14,124,16,43,71,0,429
VL-1030,2026-02,9,15,13,129,21,32,52,5,562
VL-1030,2026-03,17,28,41,217,67,86,80,8,1392
VL-1030,2026-04,10,16,14,140,19,38,31,2,455
VL-1030,2026-05,16,28,39,239,59,104,55,9,519
VL-1030,2026-06,5,6,4,50,5,29,24,3,500
VL-1030,2026-07,9,14,12,127,19,57,28,3,527
VL-1030,2026-08,9,10,11,114,20,42,70,2,525
VL-1031,2024-03,1,1,1,11,1,3,4,0,536
VL-1031,2024-04,1,1,1,9,1,5,3,0,478
VL-1031,2024-05,1,1,1,9,1,6,6,0,519
VL-1031,2024-06,1,1,1,10,1,6,5,0,452
VL-1031,2024-07,1,1,1,10,1,5,4,0,387
VL-1031,2024-08,2,2,1,18,1,9,17,0,484
VL-1031,2024-09,2,3,4,20,4,10,17,0,510
VL-1031,2024-10,1,1,1,11,1,4,8,0,501
VL-1031,2024-11,2,3,2,26,2,7,13,0,417
VL-1031,2024-12,1,1,1,10,1,3,6,0,503
VL-1031,2025-01,2,2,2,20,2,8,15,0,494
VL-1031,2025-02,1,1,1,10,1,4,6,0,482
VL-1031,2025-03,1,1,2,12,2,6,5,0,478
VL-1031,2025-04,1,1,1,9,1,4,3,0,521
VL-1031,2025-05,2,3,2,24,3,8,17,0,494
VL-1031,2025-06,1,1,1,14,1,5,6,0,539
VL-1031,2025-07,2,2,3,26,4,12,9,0,437
VL-1031,2025-08,2,3,2,17,3,11,11,1,519
VL-1031,2025-09,3,5,5,26,6,19,26,0,511
VL-1031,2025-10,2,3,3,17,4,11,12,0,470
VL-1031,2025-11,2,3,2,21,3,9,9,1,552
VL-1031,2025-12,3,5,5,46,7,19,25,1,535
VL-1031,2026-01,1,1,2,15,3,3,7,0,504
VL-1031,2026-02,1,1,1,13,1,4,8,0,484
VL-1031,2026-03,0,0,0,0,0,0,0,0,
VL-1031,2026-04,2,3,6,29,9,9,9,0,553
VL-1031,2026-05,2,3,2,22,3,8,12,1,491
VL-1031,2026-06,1,1,2,12,3,4,8,0,484
VL-1031,2026-07,1,1,1,9,1,5,7,0,458
VL-1031,2026-08,1,1,1,12,1,6,8,0,530
VL-1032,2024-03,13,15,23,142,30,76,113,1,571
VL-1032,2024-04,10,13,19,123,26,56,61,1,538
VL-1032,2024-05,15,25,37,205,53,64,129,4,474
VL-1032,2024-06,9,10,23,138,29,45,79,2,501
VL-1032,2024-07,11,21,18,139,26,69,72,5,558
VL-1032,2024-08,9,13,17,127,25,51,67,4,451
VL-1032,2024-09,12,16,20,166,31,55,68,2,487
VL-1032,2024-10,14,24,18,151,29,53,48,10,493
VL-1032,2024-11,8,13,13,87,22,35,37,4,428
VL-1032,2024-12,10,15,22,117,38,40,89,6,441
VL-1032,2025-01,12,16,14,108,25,67,81,8,546
VL-1032,2025-02,9,17,12,91,23,27,54,3,435
VL-1032,2025-03,9,10,12,86,18,36,47,2,542
VL-1032,2025-04,12,15,25,158,30,80,104,1,510
VL-1032,2025-05,8,15,10,67,13,38,32,2,451
VL-1032,2025-06,5,6,9,55,15,18,41,3,548
VL-1032,2025-07,15,24,27,201,49,80,60,11,418
VL-1032,2025-08,7,9,9,102,17,35,34,5,359
VL-1032,2025-09,16,30,31,211,51,60,59,0,535
VL-1032,2025-10,9,16,19,134,36,57,47,0,533
VL-1032,2025-11,12,23,29,152,36,46,98,5,721
VL-1032,2025-12,10,15,14,92,24,40,82,4,518
VL-1032,2026-01,9,11,10,109,15,31,30,0,509
VL-1032,2026-02,9,15,22,132,30,41,51,3,486
VL-1032,2026-03,12,23,24,135,34,58,103,8,1287
VL-1032,2026-04,17,23,47,256,67,56,88,12,437
VL-1032,2026-05,13,16,18,171,35,86,57,1,439
VL-1032,2026-06,12,21,19,180,35,83,90,6,421
VL-1032,2026-07,16,31,26,194,40,87,140,5,550
VL-1032,2026-08,10,16,9,97,16,69,85,2,421
VL-1033,2024-03,6,11,11,62,17,25,51,3,473
VL-1033,2024-04,9,15,18,92,32,58,70,3,423
VL-1033,2024-05,11,19,20,152,30,64,51,0,495
VL-1033,2024-06,11,13,19,113,35,72,83,8,559
VL-1033,2024-07,11,21,21,116,29,51,89,1,490
VL-1033,2024-08,10,13,14,108,24,50,61,7,484
VL-1033,2024-09,13,17,17,124,24,76,97,3,541
VL-1033,2024-10,11,16,18,114,33,63,55,5,489
VL-1033,2024-11,12,15,16,153,21,49,53,5,462
VL-1033,2024-12,8,14,12,87,18,46,51,2,523
VL-1033,2025-01,6,10,5,58,7,19,33,4,500
VL-1033,2025-02,12,14,24,151,46,79,73,4,477
VL-1033,2025-03,13,16,13,145,16,69,50,3,436
VL-1033,2025-04,10,12,11,85,18,54,33,7,504
VL-1033,2025-05,14,19,11,124,17,77,76,2,565
VL-1033,2025-06,13,25,24,125,37,85,41,9,527
VL-1033,2025-07,16,30,21,157,41,74,106,9,541
VL-1033,2025-08,5,6,13,77,21,16,33,1,404
VL-1033,2025-09,10,13,13,89,17,41,42,0,451
VL-1033,2025-10,9,17,12,133,23,39,58,5,519
VL-1033,2025-11,12,18,32,164,50,45,89,1,648
VL-1033,2025-12,11,18,27,167,45,56,68,6,440
VL-1033,2026-01,8,15,8,73,11,36,40,3,526
VL-1033,2026-02,12,20,10,108,12,53,48,4,536
VL-1033,2026-03,9,15,24,117,40,55,48,3,1409
VL-1033,2026-04,12,18,26,164,49,41,48,7,536
VL-1033,2026-05,10,18,10,93,16,55,36,3,537
VL-1033,2026-06,9,16,17,113,29,56,42,0,467
VL-1033,2026-07,13,22,28,173,55,47,69,2,443
VL-1033,2026-08,15,22,19,176,24,92,130,7,481
VL-1034,2026-01,9,11,25,133,44,32,44,5,505
VL-1034,2026-02,7,12,14,87,27,29,62,1,532
VL-1034,2026-03,7,12,16,101,22,41,34,4,1345
VL-1034,2026-04,7,12,17,85,32,26,54,3,536
VL-1034,2026-05,5,6,9,66,15,27,16,0,551
VL-1034,2026-06,6,11,9,62,13,24,30,3,559
VL-1034,2026-07,10,12,27,141,35,41,80,2,474
VL-1034,2026-08,5,6,6,42,9,21,18,1,462
VL-1035,2024-03,11,19,21,170,32,53,62,6,489
VL-1035,2024-04,10,18,8,86,11,51,57,6,478
VL-1035,2024-05,17,32,44,234,54,70,53,0,530
VL-1035,2024-06,9,14,15,100,23,45,78,4,443
VL-1035,2024-07,12,20,35,181,47,77,87,8,473
VL-1035,2024-08,14,26,11,119,16,46,123,1,513
VL-1035,2024-09,14,25,21,162,40,79,68,8,446
VL-1035,2024-10,12,17,23,123,40,80,103,8,534
VL-1035,2024-11,10,12,18,127,25,49,62,3,453
VL-1035,2024-12,6,9,12,68,21,21,29,3,421
VL-1035,2025-01,11,18,17,111,25,74,82,2,508
VL-1035,2025-02,12,20,26,137,38,37,96,0,478
VL-1035,2025-03,13,17,20,111,29,72,108,8,546
VL-1035,2025-04,11,20,16,131,31,33,92,5,435
VL-1035,2025-05,8,14,12,112,20,46,50,2,494
VL-1035,2025-06,11,13,12,117,21,56,84,7,379
VL-1035,2025-07,7,13,11,89,14,33,21,0,531
VL-1035,2025-08,13,24,22,148,37,59,56,2,506
VL-1035,2025-09,8,14,13,117,20,25,57,0,428
VL-1035,2025-10,12,21,19,118,23,70,86,3,502
VL-1035,2025-11,10,18,24,149,37,38,79,5,564
VL-1035,2025-12,8,14,12,91,22,34,67,1,450
VL-1035,2026-01,6,7,14,78,18,30,40,0,517
VL-1035,2026-02,7,9,9,98,16,43,36,3,472
VL-1035,2026-03,7,11,9,60,17,40,44,2,1401
VL-1035,2026-04,12,21,27,173,46,82,56,9,499
VL-1035,2026-05,10,17,31,152,54,43,51,6,461
VL-1035,2026-06,12,23,16,108,26,78,61,4,487
VL-1035,2026-07,7,9,9,73,14,21,36,0,533
VL-1035,2026-08,10,17,11,111,15,67,47,7,489
VL-1036,2024-03,12,20,15,156,19,51,99,6,541
VL-1036,2024-04,10,19,14,106,17,32,60,7,473
VL-1036,2024-05,15,21,23,135,32,104,97,1,467
VL-1036,2024-06,8,12,14,85,16,31,44,3,454
VL-1036,2024-07,12,15,11,101,13,59,90,3,395
VL-1036,2024-08,14,21,17,134,29,46,97,1,395
VL-1036,2024-09,9,15,13,103,20,53,68,5,509
VL-1036,2024-10,12,22,19,166,27,52,97,2,476
VL-1036,2024-11,10,13,11,103,21,58,50,6,491
VL-1036,2024-12,8,15,16,101,29,55,31,2,549
VL-1036,2025-01,11,13,18,138,26,53,65,1,497
VL-1036,2025-02,15,26,31,191,59,94,112,3,447
VL-1036,2025-03,13,25,15,153,20,75,95,7,548
VL-1036,2025-04,9,12,14,131,27,53,70,0,512
VL-1036,2025-05,7,13,10,67,17,45,24,5,443
VL-1036,2025-06,11,19,28,169,38,44,71,7,467
VL-1036,2025-07,14,25,31,196,58,84,53,2,456
VL-1036,2025-08,15,22,44,219,56,71,130,4,517
VL-1036,2025-09,12,20,24,117,31,53,87,3,522
VL-1036,2025-10,15,24,32,210,60,68,73,5,516
VL-1036,2025-11,12,19,21,109,38,53,39,7,632
VL-1036,2025-12,12,17,23,151,45,66,73,0,511
VL-1036,2026-01,7,13,19,96,34,26,62,3,535
VL-1036,2026-02,15,22,25,148,48,73,85,11,494
VL-1036,2026-03,14,21,40,210,65,94,48,7,1330
VL-1036,2026-04,10,18,13,100,20,40,87,4,422
VL-1036,2026-05,10,13,26,141,37,60,34,0,550
VL-1036,2026-06,12,16,17,147,31,45,77,7,527
VL-1036,2026-07,9,11,16,107,25,48,48,6,539
VL-1036,2026-08,10,16,15,102,26,63,88,6,585
VL-1037,2025-08,7,10,11,105,15,22,42,0,559
VL-1037,2025-09,4,7,9,56,10,26,12,2,477
VL-1037,2025-10,5,7,8,67,13,34,16,0,498
VL-1037,2025-11,8,15,14,117,19,46,67,0,587
VL-1037,2025-12,6,10,14,73,26,24,31,2,465
VL-1037,2026-01,6,11,10,58,19,36,50,4,553
VL-1037,2026-02,8,12,11,93,14,51,57,2,376
VL-1037,2026-03,5,7,12,75,23,22,17,0,1350
VL-1037,2026-04,5,8,8,61,10,22,17,3,478
VL-1037,2026-05,7,8,14,108,23,47,44,2,456
VL-1037,2026-06,6,9,13,90,21,26,29,3,494
VL-1037,2026-07,6,8,5,55,6,41,41,4,473
VL-1037,2026-08,4,6,7,34,11,16,14,0,471
VL-1038,2024-03,11,15,15,124,26,56,54,1,517
VL-1038,2024-04,10,18,15,140,26,69,55,6,483
VL-1038,2024-05,13,22,23,177,27,70,46,0,419
VL-1038,2024-06,8,10,18,124,29,34,71,2,477
VL-1038,2024-07,8,10,10,99,12,52,68,2,445
VL-1038,2024-08,10,18,15,128,23,34,80,3,419
VL-1038,2024-09,9,16,14,135,25,56,38,3,442
VL-1038,2024-10,12,20,19,133,31,82,54,8,528
VL-1038,2024-11,7,12,15,105,23,38,44,2,493
VL-1038,2024-12,8,10,9,78,13,43,65,2,409
VL-1038,2025-01,9,14,21,109,33,53,49,1,482
VL-1038,2025-02,11,15,10,107,18,69,49,6,460
VL-1038,2025-03,10,19,19,93,26,67,83,6,465
VL-1038,2025-04,13,17,24,130,35,90,116,7,482
VL-1038,2025-05,14,26,19,143,33,58,71,6,500
VL-1038,2025-06,12,16,16,126,30,59,56,5,505
VL-1038,2025-07,13,20,35,170,68,63,109,4,530
VL-1038,2025-08,11,14,24,141,39,69,53,1,417
VL-1038,2025-09,8,14,17,88,20,24,62,6,451
VL-1038,2025-10,9,15,19,130,36,40,64,6,499
VL-1038,2025-11,6,10,8,68,11,27,51,4,606
VL-1038,2025-12,8,15,16,109,25,54,34,1,427
VL-1038,2026-01,11,20,16,115,29,35,65,3,517
VL-1038,2026-02,8,15,18,102,33,51,52,3,489
VL-1038,2026-03,9,16,11,84,16,29,32,6,1395
VL-1038,2026-04,15,22,25,204,40,87,92,5,438
VL-1038,2026-05,11,20,18,113,34,64,55,7,466
VL-1038,2026-06,13,15,20,109,30,72,112,1,522
VL-1038,2026-07,11,20,20,134,39,62,78,3,479
VL-1038,2026-08,9,15,11,118,17,44,27,5,421
VL-1039,2024-03,2,3,4,31,5,11,6,0,510
VL-1039,2024-04,2,3,4,23,6,13,15,0,459
VL-1039,2024-05,0,0,0,0,0,0,0,0,
VL-1039,2024-06,1,1,1,12,1,3,6,0,453
VL-1039,2024-07,1,1,1,12,1,3,4,0,469
VL-1039,2024-08,1,1,1,9,1,5,5,0,409
VL-1039,2024-09,1,1,1,8,1,6,4,0,489
VL-1039,2024-10,1,1,0,9,0,6,6,0,474
VL-1039,2024-11,2,2,2,24,3,11,10,0,446
VL-1039,2024-12,2,3,3,18,4,10,13,0,557
VL-1039,2025-01,2,2,2,23,2,10,11,0,536
VL-1039,2025-02,1,1,2,15,2,3,5,0,485
VL-1039,2025-03,3,5,6,31,8,13,15,1,474
VL-1039,2025-04,2,2,4,29,5,10,7,0,476
VL-1039,2025-05,0,0,0,0,0,0,0,0,
VL-1039,2025-06,3,4,5,34,9,13,9,1,487
VL-1039,2025-07,3,4,5,25,6,17,15,1,496
VL-1039,2025-08,2,3,4,26,6,9,15,0,451
VL-1039,2025-09,2,3,4,25,6,7,10,0,461
VL-1039,2025-10,1,1,1,9,1,3,3,0,461
VL-1039,2025-11,2,2,3,22,4,12,15,1,660
VL-1039,2025-12,1,1,1,15,1,6,6,0,490
VL-1039,2026-01,1,1,2,13,2,6,5,0,488
VL-1039,2026-02,1,1,2,13,3,3,3,0,442
VL-1039,2026-03,2,2,3,22,5,8,16,0,1278
VL-1039,2026-04,2,3,5,27,6,11,11,0,465
VL-1039,2026-05,2,2,3,24,4,12,7,0,467
VL-1039,2026-06,1,1,1,12,1,4,4,0,460
VL-1039,2026-07,2,3,3,17,3,8,8,0,406
VL-1039,2026-08,1,1,1,9,1,6,3,0,585
VL-1040,2024-03,17,31,45,253,62,87,103,12,517
VL-1040,2024-04,10,12,12,89,23,44,51,3,424
VL-1040,2024-05,11,21,28,143,35,44,71,1,457
VL-1040,2024-06,14,21,24,205,29,50,51,7,447
VL-1040,2024-07,15,23,17,183,28,89,49,2,409
VL-1040,2024-08,10,16,24,131,46,32,38,4,447
VL-1040,2024-09,11,14,19,164,24,60,89,3,443
VL-1040,2024-10,7,13,18,94,29,42,36,0,532
VL-1040,2024-11,2,3,3,23,5,11,8,0,505
VL-1040,2024-12,7,11,13,75,21,24,32,0,488
VL-1040,2025-01,11,15,23,125,45,63,35,8,472
VL-1040,2025-02,10,13,13,132,16,34,58,7,496
VL-1040,2025-03,13,20,19,122,24,81,102,1,435
VL-1040,2025-04,11,17,29,153,49,41,40,7,455
VL-1040,2025-05,8,15,11,83,17,39,66,0,443
VL-1040,2025-06,11,20,28,141,43,50,67,1,535
VL-1040,2025-07,8,13,12,118,17,27,63,0,467
VL-1040,2025-08,9,16,17,86,29,39,52,2,503
VL-1040,2025-09,12,17,13,140,17,70,52,2,499
VL-1040,2025-10,8,12,13,120,17,53,45,5,436
VL-1040,2025-11,9,17,12,77,21,53,65,0,581
VL-1040,2025-12,8,10,16,124,27,24,47,0,396
VL-1040,2026-01,8,14,8,69,13,55,63,1,538
VL-1040,2026-02,11,16,12,130,21,40,51,2,448
VL-1040,2026-03,6,8,18,93,24,19,33,3,1355
VL-1040,2026-04,15,21,20,135,24,55,116,1,494
VL-1040,2026-05,11,15,24,153,29,33,60,1,535
VL-1040,2026-06,8,13,9,93,13,25,29,2,470
VL-1040,2026-07,11,17,32,163,45,51,44,1,539
VL-1040,2026-08,13,21,13,111,20,73,114,10,526
VL-1150,2024-03,10,12,48,191,91,63,60,0,464
VL-1150,2024-04,17,29,145,517,249,205,170,5,576
VL-1150,2024-05,19,30,57,365,68,118,98,4,485
VL-1150,2024-06,21,30,104,434,133,213,235,3,430
VL-1150,2024-07,14,19,78,276,147,158,179,1,451
VL-1150,2024-08,17,28,143,444,177,112,196,0,534
VL-1150,2024-09,11,15,51,239,93,65,108,4,406
VL-1150,2024-10,11,21,76,236,127,97,123,2,485
VL-1150,2024-11,11,13,104,316,163,107,78,1,443
VL-1150,2024-12,14,24,40,268,71,124,71,4,564
VL-1150,2025-01,12,18,56,292,76,140,146,2,451
VL-1150,2025-02,17,28,132,380,240,166,112,1,421
VL-1150,2025-03,16,25,58,294,88,162,110,6,450
VL-1150,2025-04,15,20,86,267,168,170,98,6,490
VL-1150,2025-05,15,28,83,465,143,107,122,4,591
VL-1150,2025-06,13,24,37,250,66,122,90,1,463
VL-1150,2025-07,18,28,60,336,108,205,173,8,428
VL-1150,2025-08,11,19,67,247,115,120,68,0,498
VL-1150,2025-09,15,28,90,328,160,128,128,3,403
VL-1150,2025-10,19,35,76,494,135,137,201,6,473
VL-1150,2025-11,22,26,123,614,150,212,329,3,593
VL-1150,2025-12,16,23,67,315,118,132,143,3,452
VL-1150,2026-01,20,34,96,530,122,243,289,7,451
VL-1150,2026-02,22,43,168,685,319,263,181,0,404
VL-1150,2026-03,15,26,53,333,78,102,130,0,1431
VL-1150,2026-04,21,30,141,424,170,262,314,4,467
VL-1150,2026-05,15,27,60,339,83,173,79,2,523
VL-1150,2026-06,14,20,79,441,140,135,127,1,414
VL-1150,2026-07,20,36,133,605,178,210,284,9,540
VL-1150,2026-08,11,14,87,297,157,134,58,1,463
VL-1151,2024-03,22,39,157,590,205,265,270,9,481
VL-1151,2024-04,15,23,94,328,120,111,121,5,397
VL-1151,2024-05,14,22,92,438,176,78,158,2,549
VL-1151,2024-06,14,19,90,278,111,85,125,1,495
VL-1151,2024-07,14,19,63,332,86,132,182,2,463
VL-1151,2024-08,14,26,92,402,174,151,79,1,511
VL-1151,2024-09,15,22,91,269,164,89,126,3,434
VL-1151,2024-10,8,10,61,196,97,54,64,1,464
VL-1151,2024-11,11,21,59,332,102,73,100,3,414
VL-1151,2024-12,11,20,42,283,83,91,139,1,518
VL-1151,2025-01,19,28,146,488,278,237,145,1,542
VL-1151,2025-02,19,33,119,396,220,188,158,2,531
VL-1151,2025-03,13,21,73,285,119,95,174,3,422
VL-1151,2025-04,18,24,87,358,142,220,117,8,462
VL-1151,2025-05,18,35,78,376,140,109,233,5,457
VL-1151,2025-06,22,30,172,689,260,267,256,2,516
VL-1151,2025-07,18,23,117,452,173,224,242,6,481
VL-1151,2025-08,12,16,60,282,75,136,70,4,437
VL-1151,2025-09,22,29,206,683,265,121,114,1,472
VL-1151,2025-10,15,28,82,287,101,183,176,6,516
VL-1151,2025-11,10,16,76,222,136,89,115,0,596
VL-1151,2025-12,14,22,72,329,136,83,74,1,477
VL-1151,2026-01,22,42,93,449,149,147,283,6,507
VL-1151,2026-02,16,28,46,295,77,109,226,2,464
VL-1151,2026-03,21,27,192,574,304,239,130,3,1359
VL-1151,2026-04,19,27,168,560,265,120,213,6,449
VL-1151,2026-05,14,22,137,439,179,82,131,0,481
VL-1151,2026-06,17,32,110,405,138,157,141,4,446
VL-1151,2026-07,13,22,99,358,162,108,181,1,494
VL-1151,2026-08,18,34,125,452,204,162,109,3,497
VL-1152,2024-03,8,11,27,172,46,47,60,2,445
VL-1152,2024-04,16,21,98,405,118,131,104,4,476
VL-1152,2024-05,16,25,144,519,252,193,125,6,410
VL-1152,2024-06,8,10,33,146,53,68,116,3,480
VL-1152,2024-07,16,26,145,518,220,193,183,0,466
VL-1152,2024-08,10,17,99,291,186,82,68,3,516
VL-1152,2024-09,12,22,60,282,72,110,169,3,490
VL-1152,2024-10,17,33,127,438,169,121,161,5,502
VL-1152,2024-11,19,35,85,406,160,155,255,1,440
VL-1152,2024-12,14,20,68,444,133,110,167,6,456
VL-1152,2025-01,19,25,173,542,319,172,188,0,432
VL-1152,2025-02,13,20,61,275,114,80,73,4,401
VL-1152,2025-03,17,33,105,488,183,209,213,8,451
VL-1152,2025-04,22,33,128,711,209,242,299,7,439
VL-1152,2025-05,22,40,83,546,100,153,187,4,487
VL-1152,2025-06,19,30,198,596,339,178,250,7,477
VL-1152,2025-07,16,19,127,435,202,183,190,4,400
VL-1152,2025-08,20,24,110,377,184,178,117,8,474
VL-1152,2025-09,22,38,185,565,268,205,198,5,527
VL-1152,2025-10,20,30,124,607,222,183,176,7,455
VL-1152,2025-11,10,15,72,321,100,71,130,2,629
VL-1152,2025-12,18,35,75,315,92,97,224,2,470
VL-1152,2026-01,21,37,143,642,211,210,250,2,537
VL-1152,2026-02,13,25,76,421,133,104,152,2,473
VL-1152,2026-03,17,31,69,402,114,130,226,1,1446
VL-1152,2026-04,16,28,71,403,117,110,102,7,431
VL-1152,2026-05,17,22,117,378,173,202,131,7,483
VL-1152,2026-06,14,21,78,260,151,125,187,6,495
VL-1152,2026-07,17,32,137,516,213,166,214,7,443
VL-1152,2026-08,18,31,96,495,150,142,159,2,482
VL-1153,2025-12,5,7,31,131,59,59,27,0,397
VL-1153,2026-01,14,19,61,254,73,135,167,5,437
VL-1153,2026-02,12,15,84,380,105,140,124,5,483
VL-1153,2026-03,12,23,75,275,120,120,105,2,1435
VL-1153,2026-04,9,17,42,191,77,86,86,0,442
VL-1153,2026-05,8,13,55,204,70,69,81,0,461
VL-1153,2026-06,11,17,81,243,101,90,96,2,464
VL-1153,2026-07,11,16,85,269,138,130,120,5,473
VL-1153,2026-08,10,13,102,302,188,56,82,1,453
VL-1154,2024-03,19,34,119,540,167,129,177,0,493
VL-1154,2024-04,17,29,90,344,163,104,245,6,597
VL-1154,2024-05,15,29,101,377,190,155,142,5,614
VL-1154,2024-06,20,32,172,512,229,155,137,5,633
VL-1154,2024-07,15,25,59,352,84,181,113,7,617
VL-1154,2024-08,15,27,78,346,133,180,125,0,619
VL-1154,2024-09,12,22,51,265,61,70,105,3,581
VL-1154,2024-10,16,25,73,469,140,176,153,3,624
VL-1154,2024-11,19,31,53,342,95,104,181,6,613
VL-1154,2024-12,12,19,65,333,123,99,81,0,579
VL-1154,2025-01,22,37,239,714,380,203,241,2,624
VL-1154,2025-02,18,35,102,369,155,205,107,8,560
VL-1154,2025-03,15,23,50,296,89,86,208,0,537
VL-1154,2025-04,15,25,59,281,83,145,115,0,591
VL-1154,2025-05,11,21,76,230,128,94,65,4,527
VL-1154,2025-06,12,20,97,327,163,113,69,1,583
VL-1154,2025-07,14,17,95,280,131,114,115,0,616
VL-1154,2025-08,13,17,141,414,200,135,103,0,651
VL-1154,2025-09,17,25,118,381,158,187,97,8,554
VL-1154,2025-10,18,30,85,379,107,223,98,2,591
VL-1154,2025-11,22,39,159,529,244,169,286,6,716
VL-1154,2025-12,10,14,59,308,111,97,139,0,627
VL-1154,2026-01,13,19,91,275,166,132,90,5,621
VL-1154,2026-02,7,9,41,159,59,75,45,2,573
VL-1154,2026-03,15,21,82,304,121,117,205,0,1504
VL-1154,2026-04,13,24,56,236,103,163,156,0,620
VL-1154,2026-05,10,15,49,274,83,79,145,1,515
VL-1154,2026-06,17,26,84,350,166,154,197,0,532
VL-1154,2026-07,15,24,127,429,204,94,119,5,642
VL-1154,2026-08,9,15,28,181,34,107,88,1,583
VL-1164,2024-03,20,35,85,361,147,120,157,2,470
VL-1164,2024-04,20,27,109,609,146,183,283,2,481
VL-1164,2024-05,18,25,81,446,113,217,263,5,507
VL-1164,2024-06,11,16,53,243,90,133,62,2,445
VL-1164,2024-07,16,20,115,490,214,186,153,4,470
VL-1164,2024-08,14,26,94,386,159,160,194,5,574
VL-1164,2024-09,22,43,190,559,303,198,182,7,460
VL-1164,2024-10,15,18,87,345,140,108,148,2,506
VL-1164,2024-11,11,18,50,251,74,70,132,3,549
VL-1164,2024-12,16,19,60,364,99,144,98,3,445
VL-1164,2025-01,16,31,101,395,134,141,170,2,485
VL-1164,2025-02,15,26,104,457,200,95,159,3,503
VL-1164,2025-03,12,23,79,234,110,79,95,2,493
VL-1164,2025-04,15,27,82,448,138,179,125,6,549
VL-1164,2025-05,14,26,66,299,125,160,203,4,486
VL-1164,2025-06,17,25,106,398,170,136,111,0,484
VL-1164,2025-07,10,13,73,308,112,59,145,2,539
VL-1164,2025-08,14,19,115,348,148,122,147,1,432
VL-1164,2025-09,13,16,65,379,128,124,105,1,436
VL-1164,2025-10,21,27,172,558,341,140,134,6,484
VL-1164,2025-11,20,38,100,472,132,246,154,5,662
VL-1164,2025-12,6,11,23,145,45,68,71,0,479
VL-1164,2026-01,18,31,72,341,130,214,92,2,436
VL-1164,2026-02,12,18,63,213,112,110,93,3,448
VL-1164,2026-03,22,43,151,469,296,176,302,2,1411
VL-1164,2026-04,21,34,217,633,348,234,278,7,420
VL-1164,2026-05,11,16,108,311,212,74,71,5,465
VL-1164,2026-06,16,23,73,378,129,159,201,2,475
VL-1164,2026-07,19,26,94,446,113,144,206,5,463
VL-1164,2026-08,19,31,144,604,264,169,284,6,484
VL-1165,2024-03,2,3,10,61,13,18,28,0,522
VL-1165,2024-04,4,5,16,102,22,24,26,0,519
VL-1165,2024-05,3,3,16,85,28,29,33,0,499
VL-1165,2024-06,2,3,18,64,29,12,15,0,508
VL-1165,2024-07,2,3,17,64,32,15,22,0,494
VL-1165,2024-08,2,2,17,60,25,24,19,0,465
VL-1165,2024-09,2,2,11,38,19,11,26,0,458
VL-1165,2024-10,4,7,29,104,56,23,44,1,492
VL-1165,2024-11,2,2,7,42,12,20,20,0,543
VL-1165,2024-12,1,1,8,27,12,8,8,0,395
VL-1165,2025-01,3,5,16,85,30,31,27,0,374
VL-1165,2025-02,2,3,13,60,16,19,14,0,487
VL-1165,2025-03,2,3,11,53,13,22,14,0,504
VL-1165,2025-04,3,4,12,60,19,30,32,0,476
VL-1165,2025-05,4,7,27,118,37,45,20,0,502
VL-1165,2025-06,3,3,19,56,28,28,28,0,498
VL-1165,2025-07,1,1,3,24,4,6,14,0,444
VL-1165,2025-08,3,5,17,66,29,22,37,0,422
VL-1165,2025-09,2,2,7,51,9,24,29,0,471
VL-1165,2025-10,1,1,10,31,19,9,13,0,466
VL-1165,2025-11,3,5,16,77,25,27,35,0,670
VL-1165,2025-12,1,1,9,31,11,10,11,0,543
VL-1165,2026-01,2,3,12,56,15,19,15,0,445
VL-1165,2026-02,1,1,5,28,8,6,5,0,519
VL-1165,2026-03,2,2,12,38,18,10,14,0,1380
VL-1165,2026-04,3,5,14,95,21,30,25,1,492
VL-1165,2026-05,4,7,32,121,60,24,23,0,528
VL-1165,2026-06,3,3,28,94,40,24,30,0,466
VL-1165,2026-07,2,3,16,62,20,13,24,0,455
VL-1165,2026-08,2,3,13,58,19,23,27,0,498
VL-1166,2024-03,14,23,81,326,157,163,99,1,459
VL-1166,2024-04,22,43,134,712,173,267,113,3,456
VL-1166,2024-05,10,15,58,215,104,63,71,3,447
VL-1166,2024-06,11,15,101,300,132,64,150,2,489
VL-1166,2024-07,10,12,49,319,90,89,144,2,462
VL-1166,2024-08,10,19,43,267,63,76,106,1,531
VL-1166,2024-09,22,40,122,390,150,127,133,4,475
VL-1166,2024-10,14,25,96,329,170,137,120,5,516
VL-1166,2024-11,21,30,161,597,258,239,288,6,475
VL-1166,2024-12,9,12,59,218,110,108,116,2,526
VL-1166,2025-01,22,40,83,469,121,274,137,0,467
VL-1166,2025-02,12,18,37,230,56,77,119,2,488
VL-1166,2025-03,15,29,96,420,136,131,194,7,455
VL-1166,2025-04,16,26,134,466,170,125,189,4,429
VL-1166,2025-05,16,31,139,414,213,198,84,7,490
VL-1166,2025-06,13,23,61,352,94,133,102,5,470
VL-1166,2025-07,20,25,123,552,151,182,198,3,432
VL-1166,2025-08,17,25,90,298,149,187,233,2,503
VL-1166,2025-09,16,19,61,283,97,160,151,5,376
VL-1166,2025-10,14,17,74,313,140,168,201,0,511
VL-1166,2025-11,22,33,77,402,99,262,313,8,560
VL-1166,2025-12,16,23,119,457,164,116,148,4,509
VL-1166,2026-01,16,27,120,418,177,107,84,2,424
VL-1166,2026-02,17,30,62,380,98,108,174,1,501
VL-1166,2026-03,18,26,187,563,325,108,237,4,1361
VL-1166,2026-04,17,22,91,502,118,113,197,2,522
VL-1166,2026-05,7,11,48,185,60,57,43,0,565
VL-1166,2026-06,22,30,105,504,202,222,307,4,471
VL-1166,2026-07,22,42,122,394,233,249,117,10,524
VL-1166,2026-08,15,24,52,332,97,136,139,6,505
VL-1167,2025-01,10,17,51,269,66,94,99,2,494
VL-1167,2025-02,12,18,85,324,132,64,158,3,500
VL-1167,2025-03,11,17,55,261,94,75,139,0,485
VL-1167,2025-04,11,16,42,199,58,129,130,4,512
VL-1167,2025-05,12,17,99,331,161,111,66,1,537
VL-1167,2025-06,12,14,51,234,93,110,115,1,551
VL-1167,2025-07,9,15,48,180,66,56,88,2,463
VL-1167,2025-08,3,4,14,76,19,36,15,0,493
VL-1167,2025-09,7,13,32,132,55,65,43,3,438
VL-1167,2025-10,12,17,50,318,91,116,88,4,421
VL-1167,2025-11,11,17,86,333,111,119,121,4,529
VL-1167,2025-12,8,12,55,250,102,77,63,3,522
VL-1167,2026-01,14,27,102,325,200,94,147,2,461
VL-1167,2026-02,10,15,70,275,118,73,141,2,440
VL-1167,2026-03,11,16,52,324,62,87,90,0,1376
VL-1167,2026-04,8,14,45,176,89,73,89,0,559
VL-1167,2026-05,9,15,35,188,54,91,126,3,441
VL-1167,2026-06,12,17,72,360,93,131,108,3,518
VL-1167,2026-07,9,15,62,229,76,107,53,4,477
VL-1167,2026-08,15,28,110,366,190,117,144,1,487
VL-1168,2024-03,22,41,154,605,302,134,185,4,418
VL-1168,2024-04,22,38,122,503,172,206,300,7,496
VL-1168,2024-05,13,21,112,346,140,75,116,5,497
VL-1168,2024-06,14,18,55,333,79,104,166,0,531
VL-1168,2024-07,17,33,130,467,234,181,90,0,496
VL-1168,2024-08,13,24,42,278,77,77,174,1,555
VL-1168,2024-09,15,27,63,387,99,117,221,5,566
VL-1168,2024-10,16,30,95,389,161,177,196,4,491
VL-1168,2024-11,19,34,95,457,159,104,149,5,472
VL-1168,2024-12,18,27,81,376,110,207,157,4,456
VL-1168,2025-01,22,31,173,634,269,242,279,7,400
VL-1168,2025-02,16,31,93,486,181,116,113,4,426
VL-1168,2025-03,18,28,97,394,148,120,91,3,579
VL-1168,2025-04,17,22,82,378,125,124,216,6,376
VL-1168,2025-05,20,38,155,569,307,207,258,3,509
VL-1168,2025-06,21,38,150,673,234,253,222,1,505
VL-1168,2025-07,20,30,146,418,179,215,221,7,441
VL-1168,2025-08,15,23,93,383,167,135,174,0,584
VL-1168,2025-09,14,21,90,294,155,167,71,0,465
VL-1168,2025-10,22,39,89,592,177,267,137,0,458
VL-1168,2025-11,17,27,80,322,97,177,133,3,588
VL-1168,2025-12,10,13,64,217,77,61,57,4,508
VL-1168,2026-01,14,16,48,317,72,129,134,5,416
VL-1168,2026-02,11,15,57,280,106,62,155,2,409
VL-1168,2026-03,14,19,81,402,153,140,73,1,1369
VL-1168,2026-04,11,13,88,263,118,125,140,4,466
VL-1168,2026-05,21,38,136,590,211,237,276,5,474
VL-1168,2026-06,11,19,39,200,62,119,129,0,515
VL-1168,2026-07,19,31,73,394,124,113,130,1,617
VL-1168,2026-08,14,18,46,281,77,174,155,6,511
VL-1169,2024-03,17,30,75,395,97,208,224,2,424
VL-1169,2024-04,22,41,200,589,257,195,284,0,442
VL-1169,2024-05,17,32,103,329,126,133,190,3,535
VL-1169,2024-06,16,28,147,489,279,160,163,5,578
VL-1169,2024-07,18,27,102,476,128,156,110,7,490
VL-1169,2024-08,15,19,53,344,99,126,157,6,445
VL-1169,2024-09,16,20,129,450,243,118,214,6,472
VL-1169,2024-10,22,37,142,602,181,209,248,3,517
VL-1169,2024-11,17,25,155,502,280,170,140,7,485
VL-1169,2024-12,8,15,76,235,126,73,49,1,529
VL-1169,2025-01,14,19,88,394,175,133,129,5,422
VL-1169,2025-02,20,33,147,430,287,138,228,3,485
VL-1169,2025-03,12,20,84,254,163,138,150,1,475
VL-1169,2025-04,14,18,58,315,91,175,96,5,488
VL-1169,2025-05,12,22,46,261,84,150,124,3,393
VL-1169,2025-06,22,39,150,486,186,220,286,1,457
VL-1169,2025-07,9,14,47,234,66,100,98,2,468
VL-1169,2025-08,11,17,100,332,128,131,154,0,480
VL-1169,2025-09,16,31,116,344,228,127,200,1,422
VL-1169,2025-10,18,33,130,494,213,193,172,2,510
VL-1169,2025-11,19,27,76,424,110,103,226,1,687
VL-1169,2025-12,14,24,88,357,145,123,123,3,447
VL-1169,2026-01,9,12,33,187,41,59,105,4,459
VL-1169,2026-02,18,29,61,368,106,190,242,2,531
VL-1169,2026-03,12,17,88,336,142,146,76,0,1392
VL-1169,2026-04,16,31,111,492,158,179,170,0,442
VL-1169,2026-05,19,36,132,419,240,135,172,7,512
VL-1169,2026-06,9,10,43,162,57,56,91,1,472
VL-1169,2026-07,17,28,84,517,139,152,208,3,590
VL-1169,2026-08,18,31,110,541,196,206,211,3,472
VL-1170,2024-03,13,16,72,408,89,129,108,3,469
VL-1170,2024-04,17,27,84,488,115,185,142,1,447
VL-1170,2024-05,13,17,83,412,151,85,104,2,474
VL-1170,2024-06,13,22,130,417,218,142,192,5,507
VL-1170,2024-07,18,23,86,432,168,216,252,6,465
VL-1170,2024-08,12,22,55,244,103,76,142,4,429
VL-1170,2024-09,16,22,84,368,155,186,106,6,568
VL-1170,2024-10,22,37,80,418,135,146,292,8,441
VL-1170,2024-11,21,39,124,422,173,133,284,6,430
VL-1170,2024-12,17,31,88,490,113,116,235,0,429
VL-1170,2025-01,16,23,100,350,197,190,184,5,454
VL-1170,2025-02,21,40,152,445,198,171,261,1,456
VL-1170,2025-03,21,34,139,562,241,147,151,1,440
VL-1170,2025-04,12,23,64,326,123,122,127,0,524
VL-1170,2025-05,15,19,113,436,170,157,168,2,449
VL-1170,2025-06,22,31,145,604,268,153,288,4,488
VL-1170,2025-07,14,22,57,351,113,115,207,6,520
VL-1170,2025-08,16,23,115,375,218,145,200,3,545
VL-1170,2025-09,15,24,100,416,170,117,212,4,511
VL-1170,2025-10,20,28,124,505,173,173,170,0,501
VL-1170,2025-11,18,33,136,501,201,137,112,0,547
VL-1170,2025-12,9,11,26,161,41,56,131,2,485
VL-1170,2026-01,13,23,79,349,99,100,153,3,431
VL-1170,2026-02,22,42,191,685,328,223,110,6,399
VL-1170,2026-03,21,39,181,614,263,199,260,8,1370
VL-1170,2026-04,22,40,208,626,413,139,237,1,546
VL-1170,2026-05,15,26,104,317,129,179,83,6,433
VL-1170,2026-06,13,24,100,351,148,126,177,1,415
VL-1170,2026-07,22,43,98,502,150,173,212,2,529
VL-1170,2026-08,16,30,94,346,142,132,150,5,478
VL-1171,2024-03,18,21,140,462,224,197,155,3,488
VL-1171,2024-04,13,16,56,238,109,112,169,1,488
VL-1171,2024-05,18,31,152,462,193,157,117,6,536
VL-1171,2024-06,20,34,102,375,166,194,276,0,447
VL-1171,2024-07,22,33,104,525,147,243,142,8,479
VL-1171,2024-08,5,8,23,92,30,50,64,1,489
VL-1171,2024-09,19,22,160,578,313,200,229,4,480
VL-1171,2024-10,19,35,111,422,181,139,108,1,478
VL-1171,2024-11,22,33,122,604,151,260,255,3,440
VL-1171,2024-12,12,21,103,384,147,93,168,2,482
VL-1171,2025-01,20,35,60,391,98,141,176,4,546
VL-1171,2025-02,9,14,57,277,86,52,113,0,422
VL-1171,2025-03,20,38,122,516,147,247,120,3,470
VL-1171,2025-04,16,20,99,402,146,113,140,6,571
VL-1171,2025-05,13,20,75,394,147,110,186,4,555
VL-1171,2025-06,22,36,248,713,409,222,257,9,492
VL-1171,2025-07,20,33,129,488,189,194,204,3,438
VL-1171,2025-08,16,21,109,495,175,140,227,4,484
VL-1171,2025-09,22,32,161,510,233,123,271,0,550
VL-1171,2025-10,18,27,99,477,156,120,265,2,531
VL-1171,2025-11,18,29,72,415,116,221,115,6,642
VL-1171,2025-12,15,19,132,409,192,163,148,5,452
VL-1171,2026-01,14,24,51,335,87,129,109,2,419
VL-1171,2026-02,16,22,132,383,205,180,125,3,533
VL-1171,2026-03,16,30,109,507,189,114,180,4,1432
VL-1171,2026-04,18,23,71,453,128,127,157,6,422
VL-1171,2026-05,17,25,69,371,119,146,246,3,506
VL-1171,2026-06,8,15,48,166,77,72,58,3,479
VL-1171,2026-07,18,26,163,551,211,100,105,5,551
VL-1171,2026-08,17,31,89,469,123,120,221,7,509
VL-1172,2024-03,19,37,111,385,152,187,104,6,431
VL-1172,2024-04,15,24,82,360,126,186,113,0,473
VL-1172,2024-05,18,22,195,561,270,205,225,3,405
VL-1172,2024-06,17,29,86,489,150,132,93,0,345
VL-1172,2024-07,16,30,116,438,221,157,223,6,525
VL-1172,2024-08,14,18,58,290,80,132,162,1,480
VL-1172,2024-09,11,20,46,262,58,63,128,0,519
VL-1172,2024-10,19,32,78,519,126,209,108,4,402
VL-1172,2024-11,17,31,188,551,229,126,204,2,449
VL-1172,2024-12,9,11,62,243,111,103,104,3,533
VL-1172,2025-01,18,23,178,578,247,101,249,4,446
VL-1172,2025-02,21,28,174,563,279,198,173,2,437
VL-1172,2025-03,6,7,20,131,27,34,64,0,507
VL-1172,2025-04,15,24,86,275,150,149,98,1,439
VL-1172,2025-05,17,25,62,365,114,102,209,4,586
VL-1172,2025-06,15,29,114,350,184,177,195,3,593
VL-1172,2025-07,15,22,81,321,140,91,169,3,544
VL-1172,2025-08,12,20,51,282,62,147,104,1,442
VL-1172,2025-09,19,27,175,547,330,148,255,6,453
VL-1172,2025-10,18,30,96,547,164,170,214,2,447
VL-1172,2025-11,18,32,141,500,242,162,203,1,599
VL-1172,2025-12,17,26,88,400,143,157,227,5,458
VL-1172,2026-01,12,19,121,369,235,112,136,1,539
VL-1172,2026-02,15,25,68,343,85,157,80,3,532
VL-1172,2026-03,14,23,81,317,151,88,192,6,1374
VL-1172,2026-04,10,12,53,186,73,66,137,0,512
VL-1172,2026-05,13,16,39,244,75,140,190,0,519
VL-1172,2026-06,20,27,80,534,154,213,199,3,454
VL-1172,2026-07,9,17,72,235,100,58,72,3,440
VL-1172,2026-08,14,22,51,329,95,144,91,5,446
VL-1173,2024-03,14,24,72,279,99,170,158,6,461
VL-1173,2024-04,13,17,80,397,102,135,119,2,520
VL-1173,2024-05,11,18,56,199,89,64,99,3,406
VL-1173,2024-06,14,20,90,340,129,125,104,1,467
VL-1173,2024-07,16,30,149,517,277,127,134,4,435
VL-1173,2024-08,22,32,120,631,146,220,324,9,501
VL-1173,2024-09,15,24,63,300,115,142,87,6,438
VL-1173,2024-10,21,30,189,582,341,125,181,9,431
VL-1173,2024-11,21,32,106,444,186,150,296,7,533
VL-1173,2024-12,7,8,32,155,61,82,84,0,524
VL-1173,2025-01,12,15,76,318,113,96,166,5,499
VL-1173,2025-02,17,28,58,383,104,151,124,1,466
VL-1173,2025-03,21,33,103,442,190,145,190,3,524
VL-1173,2025-04,17,29,71,356,136,145,123,6,478
VL-1173,2025-05,15,28,82,385,141,152,177,6,549
VL-1173,2025-06,17,27,130,410,177,115,138,2,527
VL-1173,2025-07,20,24,182,560,248,215,205,3,500
VL-1173,2025-08,20,37,205,591,376,199,292,8,452
VL-1173,2025-09,16,28,67,349,102,167,123,3,426
VL-1173,2025-10,15,28,52,268,97,104,172,5,541
VL-1173,2025-11,19,32,158,519,293,110,121,8,626
VL-1173,2025-12,15,21,74,345,120,107,158,1,466
VL-1173,2026-01,20,34,109,431,133,238,269,9,409
VL-1173,2026-02,20,33,178,509,292,152,116,4,466
VL-1173,2026-03,20,36,141,447,215,238,171,0,1374
VL-1173,2026-04,4,7,24,86,47,25,30,0,394
VL-1173,2026-05,19,24,139,406,213,186,141,8,427
VL-1173,2026-06,15,23,132,384,204,146,191,2,410
VL-1173,2026-07,21,28,126,568,205,162,285,7,462
VL-1173,2026-08,16,27,84,323,137,167,105,4,494
VL-1174,2024-03,17,22,127,388,208,198,226,3,538
VL-1174,2024-04,17,28,159,482,238,179,116,4,488
VL-1174,2024-05,18,22,174,556,330,102,258,1,422
VL-1174,2024-06,18,30,104,345,151,140,241,5,484
VL-1174,2024-07,11,14,50,197,81,134,99,0,442
VL-1174,2024-08,17,24,100,322,120,206,110,4,501
VL-1174,2024-09,11,16,81,346,119,103,160,4,482
VL-1174,2024-10,14,23,133,408,223,139,121,1,492
VL-1174,2024-11,22,41,143,710,197,216,181,6,465
VL-1174,2024-12,7,10,35,127,54,46,43,3,518
VL-1174,2025-01,17,20,99,330,188,102,237,5,433
VL-1174,2025-02,16,30,88,293,169,196,175,7,434
VL-1174,2025-03,18,29,80,394,117,122,147,4,478
VL-1174,2025-04,18,29,99,432,122,145,188,5,475
VL-1174,2025-05,16,28,82,383,149,195,217,1,468
VL-1174,2025-06,21,40,100,448,170,140,154,7,466
VL-1174,2025-07,10,15,46,268,88,70,67,3,488
VL-1174,2025-08,15,29,69,275,133,131,105,1,560
VL-1174,2025-09,17,33,128,489,241,195,125,6,483
VL-1174,2025-10,16,31,85,322,135,129,97,6,512
VL-1174,2025-11,18,35,124,541,225,100,224,5,633
VL-1174,2025-12,10,16,48,215,78,64,89,2,482
VL-1174,2026-01,19,23,92,378,147,139,231,1,468
VL-1174,2026-02,17,20,70,361,89,145,147,1,473
VL-1174,2026-03,20,30,123,484,164,111,158,3,1356
VL-1174,2026-04,17,27,144,549,221,206,184,4,475
VL-1174,2026-05,16,27,107,417,212,148,121,5,549
VL-1174,2026-06,11,15,80,339,122,99,105,0,438
VL-1174,2026-07,20,30,117,516,168,194,193,9,425
VL-1174,2026-08,13,23,124,421,167,87,177,6,478
VL-1175,2024-03,10,12,33,202,47,97,147,3,446
VL-1175,2024-04,15,26,60,342,112,118,127,3,420
VL-1175,2024-05,13,25,44,253,83,148,87,5,467
VL-1175,2024-06,14,26,131,449,233,85,87,0,458
VL-1175,2024-07,7,11,34,186,47,65,97,2,436
VL-1175,2024-08,11,19,71,254,139,67,110,2,489
VL-1175,2024-09,22,32,118,581,148,257,241,4,460
VL-1175,2024-10,22,35,85,469,105,190,110,2,423
VL-1175,2024-11,13,19,71,253,88,128,119,6,448
VL-1175,2024-12,17,30,83,359,104,176,209,6,448
VL-1175,2025-01,14,19,70,259,110,171,112,6,427
VL-1175,2025-02,11,16,83,298,150,130,152,1,485
VL-1175,2025-03,21,25,99,638,186,190,276,8,509
VL-1175,2025-04,22,28,121,512,237,250,264,10,442
VL-1175,2025-05,14,25,113,415,192,165,113,6,477
VL-1175,2025-06,22,26,174,544,214,122,218,1,398
VL-1175,2025-07,19,25,85,476,127,165,283,0,438
VL-1175,2025-08,10,15,61,202,119,63,135,0,427
VL-1175,2025-09,21,29,74,433,124,233,240,0,453
VL-1175,2025-10,16,29,156,500,204,143,206,0,487
VL-1175,2025-11,21,40,72,428,135,146,197,9,610
VL-1175,2025-12,11,21,43,239,84,77,130,2,441
VL-1175,2026-01,17,27,89,414,151,91,137,0,553
VL-1175,2026-02,22,39,162,712,309,221,245,5,450
VL-1175,2026-03,18,25,74,392,141,199,257,5,1366
VL-1175,2026-04,13,19,136,415,163,78,145,2,459
VL-1175,2026-05,16,28,108,328,182,192,207,2,469
VL-1175,2026-06,19,31,129,545,159,172,180,2,489
VL-1175,2026-07,20,28,141,569,259,128,265,9,488
VL-1175,2026-08,18,22,92,425,140,184,94,2,416
VL-1176,2025-02,9,11,65,226,94,66,119,1,512
VL-1176,2025-03,6,8,36,182,55,48,55,0,451
VL-1176,2025-04,12,15,125,380,194,74,160,4,498
VL-1176,2025-05,9,10,61,209,91,55,68,3,512
VL-1176,2025-06,13,19,127,417,249,103,182,0,492
VL-1176,2025-07,10,13,45,255,78,100,82,2,497
VL-1176,2025-08,7,11,46,147,64,64,60,1,455
VL-1176,2025-09,4,7,19,75,27,32,20,1,427
VL-1176,2025-10,7,12,63,215,110,66,93,2,497
VL-1176,2025-11,11,14,60,210,96,95,71,4,633
VL-1176,2025-12,11,13,99,349,128,95,88,0,567
VL-1176,2026-01,15,29,107,422,144,134,164,6,522
VL-1176,2026-02,9,13,68,267,113,55,59,2,432
VL-1176,2026-03,9,14,88,258,127,62,50,2,1343
VL-1176,2026-04,10,17,74,225,105,58,109,2,438
VL-1176,2026-05,9,11,28,169,35,59,122,0,493
VL-1176,2026-06,9,14,42,249,75,60,92,3,479
VL-1176,2026-07,12,17,133,383,260,112,91,3,436
VL-1176,2026-08,10,16,66,248,84,125,138,0,503
VL-1218,2025-08,6,7,15,137,21,22,121,1,504
VL-1218,2025-09,9,10,13,141,19,74,88,1,491
VL-1218,2025-10,13,19,16,205,21,96,107,1,491
VL-1218,2025-11,13,23,26,212,51,81,139,1,558
VL-1218,2025-12,9,17,18,117,23,52,174,1,480
VL-1218,2026-01,12,20,22,235,35,80,162,4,543
VL-1218,2026-02,9,14,26,170,51,42,178,2,538
VL-1218,2026-03,10,13,14,127,24,69,104,3,1381
VL-1218,2026-04,11,15,28,190,37,68,202,0,492
VL-1218,2026-05,11,17,21,179,30,87,135,1,558
VL-1218,2026-06,10,19,19,197,37,73,93,0,421
VL-1218,2026-07,10,19,28,171,49,76,141,2,532
VL-1218,2026-08,4,6,11,74,20,31,70,1,554
VL-1229,2025-04,9,11,11,132,21,41,107,0,483
VL-1229,2025-05,13,18,20,230,39,61,157,4,387
VL-1229,2025-06,11,20,23,172,37,88,212,2,511
VL-1229,2025-07,9,16,31,191,54,39,137,0,516
VL-1229,2025-08,9,12,28,172,39,45,143,2,470
VL-1229,2025-09,13,25,26,235,34,88,250,0,480
VL-1229,2025-10,10,19,25,187,42,45,109,0,486
VL-1229,2025-11,12,20,14,190,24,70,104,3,635
VL-1229,2025-12,6,9,9,95,16,45,121,0,414
VL-1229,2026-01,12,22,23,201,42,47,167,3,545
VL-1229,2026-02,6,8,16,119,29,43,47,0,456
VL-1229,2026-03,11,14,22,169,43,52,106,2,1381
VL-1229,2026-04,13,22,35,301,44,95,161,3,533
VL-1229,2026-05,9,14,29,182,45,45,149,3,495
VL-1229,2026-06,9,13,11,160,20,43,63,3,468
VL-1229,2026-07,12,20,12,156,19,72,135,0,459
VL-1229,2026-08,8,10,17,138,26,64,121,2,526
VL-1230,2024-03,11,21,13,140,22,50,219,1,515
VL-1230,2024-04,21,28,47,306,77,160,394,5,456
VL-1230,2024-05,8,10,16,110,28,37,118,0,448
VL-1230,2024-06,20,27,33,273,61,107,192,2,431
VL-1230,2024-07,8,9,31,186,58,34,129,1,474
VL-1230,2024-08,13,15,33,281,58,108,209,2,461
VL-1230,2024-09,17,27,50,388,63,85,147,2,521
VL-1230,2024-10,13,24,23,243,42,88,118,2,426
VL-1230,2024-11,8,12,14,164,24,38,136,2,409
VL-1230,2024-12,14,27,32,322,46,86,162,4,511
VL-1230,2025-01,17,31,19,217,26,83,284,3,464
VL-1230,2025-02,18,26,64,391,124,149,315,6,560
VL-1230,2025-03,12,20,19,250,26,47,248,3,450
VL-1230,2025-04,22,38,45,409,86,89,432,7,546
VL-1230,2025-05,11,21,25,173,43,58,185,2,456
VL-1230,2025-06,20,35,40,256,65,122,284,5,565
VL-1230,2025-07,12,17,17,199,29,65,97,1,478
VL-1230,2025-08,15,25,39,244,57,100,240,4,455
VL-1230,2025-09,17,21,26,334,39,65,201,0,577
VL-1230,2025-10,15,25,33,222,59,92,131,4,458
VL-1230,2025-11,20,30,36,354,49,113,323,1,655
VL-1230,2025-12,12,21,22,164,30,48,147,3,384
VL-1230,2026-01,11,20,21,252,32,73,77,0,492
VL-1230,2026-02,22,26,64,479,103,156,386,2,459
VL-1230,2026-03,15,20,22,278,33,105,173,3,1382
VL-1230,2026-04,11,21,34,213,67,72,156,2,506
VL-1230,2026-05,13,24,30,221,48,106,257,4,495
VL-1230,2026-06,15,20,39,260,49,85,128,3,484
VL-1230,2026-07,12,15,32,243,41,63,177,1,506
VL-1230,2026-08,14,22,39,246,66,75,284,0,494
VL-1003,2024-03,10,15,13,147,20,57,86,6,450
VL-1003,2024-04,15,21,25,162,45,54,89,7,458
VL-1003,2024-05,16,31,17,167,31,63,118,9,503
VL-1003,2024-06,14,22,35,188,49,52,64,4,434
VL-1003,2024-07,19,32,52,266,91,110,163,3,558
VL-1003,2024-08,10,17,22,132,29,60,50,4,406
VL-1003,2024-09,12,17,12,110,14,83,62,5,494
VL-1003,2024-10,18,27,39,280,47,72,136,9,509
VL-1003,2024-11,10,19,12,138,18,65,34,3,485
VL-1003,2024-12,11,20,13,111,22,40,36,7,487
VL-1003,2025-01,11,18,15,126,29,63,46,2,445
VL-1003,2025-02,11,21,19,140,32,54,92,7,413
VL-1003,2025-03,18,33,44,261,68,85,138,5,515
VL-1003,2025-04,17,20,25,255,30,96,102,13,548
VL-1003,2025-05,9,16,14,104,25,51,30,6,450
VL-1003,2025-06,12,22,26,149,32,57,71,7,449
VL-1003,2025-07,11,14,12,132,20,62,65,2,479
VL-1003,2025-08,14,24,18,192,34,67,61,2,463
VL-1003,2025-09,14,17,39,201,77,70,96,2,450
VL-1003,2025-10,13,21,36,183,71,39,98,0,477
VL-1003,2025-11,15,29,27,176,48,48,93,7,533
VL-1003,2025-12,3,4,3,26,3,14,11,0,497
VL-1003,2026-01,15,29,24,186,31,62,95,7,445
VL-1003,2026-02,9,16,14,77,25,61,69,6,427
VL-1003,2026-03,22,30,34,316,49,108,90,9,1396
VL-1003,2026-04,6,7,12,90,17,25,38,3,537
VL-1003,2026-05,18,27,30,240,47,64,65,12,451
VL-1003,2026-06,9,17,12,107,19,59,37,0,502
VL-1003,2026-07,14,23,32,188,50,42,71,10,431
VL-1003,2026-08,9,17,16,102,21,39,53,1,459
VL-1041,2025-06,10,12,18,149,28,64,69,6,487
VL-1041,2025-07,6,11,12,70,21,36,35,1,435
VL-1041,2025-08,6,8,12,69,23,33,37,2,484
VL-1041,2025-09,9,14,17,114,20,61,55,5,471
VL-1041,2025-10,9,12,17,112,23,34,51,6,545
VL-1041,2025-11,8,12,12,104,17,25,55,6,587
VL-1041,2025-12,5,9,8,66,13,32,18,3,457
VL-1041,2026-01,8,14,15,110,24,49,71,0,432
VL-1041,2026-02,7,11,18,92,33,25,58,1,470
VL-1041,2026-03,7,11,8,77,15,37,54,2,1407
VL-1041,2026-04,7,13,8,66,15,32,35,3,487
VL-1041,2026-05,9,13,10,87,17,57,35,3,482
VL-1041,2026-06,8,12,18,103,30,53,55,2,450
VL-1041,2026-07,7,12,19,98,30,31,56,2,482
VL-1041,2026-08,7,9,12,75,20,32,21,0,460
VL-1042,2024-03,17,31,28,182,50,91,134,6,534
VL-1042,2024-04,9,17,16,83,19,41,30,1,487
VL-1042,2024-05,17,22,18,191,30,99,119,5,485
VL-1042,2024-06,16,29,37,183,67,86,49,10,465
VL-1042,2024-07,12,18,11,115,19,74,44,4,425
VL-1042,2024-08,9,11,13,96,22,54,51,6,424
VL-1042,2024-09,15,21,22,232,43,100,65,5,359
VL-1042,2024-10,10,12,14,140,20,66,77,5,449
VL-1042,2024-11,17,23,26,144,46,96,70,4,442
VL-1042,2024-12,9,11,19,132,31,27,64,0,422
VL-1042,2025-01,13,21,21,194,38,75,85,3,548
VL-1042,2025-02,12,15,21,134,35,56,81,3,487
VL-1042,2025-03,11,17,19,104,24,40,96,1,466
VL-1042,2025-04,8,11,9,68,13,52,44,0,472
VL-1042,2025-05,11,19,20,143,38,44,43,4,511
VL-1042,2025-06,17,27,15,158,23,106,56,10,425
VL-1042,2025-07,22,38,50,299,95,100,74,15,487
VL-1042,2025-08,8,12,12,68,14,44,35,0,547
VL-1042,2025-09,11,15,21,167,34,46,80,4,406
VL-1042,2025-10,11,13,18,130,25,59,34,1,490
VL-1042,2025-11,15,18,16,173,22,62,72,1,648
VL-1042,2025-12,13,17,17,136,29,43,50,5,495
VL-1042,2026-01,17,31,26,168,47,116,142,6,435
VL-1042,2026-02,13,18,19,174,30,79,94,4,476
VL-1042,2026-03,13,23,36,191,46,43,51,5,1331
VL-1042,2026-04,16,26,24,152,47,85,140,2,526
VL-1042,2026-05,10,15,29,152,49,30,70,4,471
VL-1042,2026-06,14,17,21,164,30,44,68,2,526
VL-1042,2026-07,11,18,22,141,41,59,71,7,485
VL-1042,2026-08,13,22,22,144,37,79,49,6,454
VL-1043,2024-03,2,2,3,18,5,6,7,0,533
VL-1043,2024-04,3,4,6,39,11,14,14,0,527
VL-1043,2024-05,1,1,1,12,1,4,6,0,454
VL-1043,2024-06,1,1,1,11,1,6,5,0,442
VL-1043,2024-07,1,1,1,12,1,4,6,0,497
VL-1043,2024-08,2,3,3,17,4,13,9,0,512
VL-1043,2024-09,3,3,6,30,9,16,17,1,566
VL-1043,2024-10,2,2,4,29,6,8,17,1,495
VL-1043,2024-11,3,5,8,39,15,19,22,1,498
VL-1043,2024-12,1,1,2,14,2,6,6,0,463
VL-1043,2025-01,3,4,6,35,7,19,12,1,399
VL-1043,2025-02,1,1,1,14,1,3,3,0,496
VL-1043,2025-03,2,3,3,27,4,11,12,1,503
VL-1043,2025-04,2,3,3,27,5,10,16,1,587
VL-1043,2025-05,2,3,3,29,5,9,13,0,488
VL-1043,2025-06,2,3,5,30,6,7,13,1,376
VL-1043,2025-07,2,2,3,23,5,9,8,1,500
VL-1043,2025-08,1,1,1,13,1,5,5,0,492
VL-1043,2025-09,2,2,4,21,5,11,8,1,459
VL-1043,2025-10,3,3,6,43,11,19,13,2,424
VL-1043,2025-11,2,3,2,27,3,12,15,0,605
VL-1043,2025-12,2,3,4,24,5,7,6,0,522
VL-1043,2026-01,3,5,8,42,15,17,16,0,441
VL-1043,2026-02,2,2,3,22,4,9,8,0,443
VL-1043,2026-03,1,1,1,10,1,6,3,0,1336
VL-1043,2026-04,2,3,4,25,7,7,15,0,425
VL-1043,2026-05,3,5,3,28,4,17,12,0,529
VL-1043,2026-06,1,1,1,13,1,3,4,0,420
VL-1043,2026-07,1,1,0,9,0,5,3,0,472
VL-1043,2026-08,3,3,5,30,7,17,26,2,382
VL-1044,2024-03,2,3,4,28,5,10,8,0,466
VL-1044,2024-04,2,2,4,23,4,13,11,0,456
VL-1044,2024-05,2,3,3,23,3,7,9,0,544
VL-1044,2024-06,2,2,2,27,2,13,9,0,501
VL-1044,2024-07,2,3,3,21,4,6,17,1,466
VL-1044,2024-08,1,1,1,13,1,6,4,0,565
VL-1044,2024-09,3,5,6,45,11,16,16,1,431
VL-1044,2024-10,1,1,2,11,3,4,7,0,495
VL-1044,2024-11,1,1,1,13,1,6,3,0,459
VL-1044,2024-12,2,3,2,22,2,9,12,0,435
VL-1044,2025-01,2,2,3,26,3,8,11,1,486
VL-1044,2025-02,1,1,1,9,1,4,8,0,546
VL-1044,2025-03,2,3,2,18,2,9,9,0,485
VL-1044,2025-04,2,2,3,24,3,13,8,0,413
VL-1044,2025-05,3,3,3,33,4,15,17,0,470
VL-1044,2025-06,3,3,3,32,3,12,12,0,543
VL-1044,2025-07,1,1,1,9,1,3,7,0,372
VL-1044,2025-08,1,1,1,13,1,4,8,0,530
VL-1044,2025-09,2,2,2,17,2,10,13,0,450
VL-1044,2025-10,3,4,8,44,13,20,23,2,481
VL-1044,2025-11,2,3,3,24,4,8,14,0,615
VL-1044,2025-12,2,2,5,30,6,9,15,0,485
VL-1044,2026-01,1,1,1,12,1,6,7,0,446
VL-1044,2026-02,4,4,4,35,5,19,20,2,480
VL-1044,2026-03,2,2,2,17,3,11,8,1,1448
VL-1044,2026-04,3,5,2,27,2,13,26,0,511
VL-1044,2026-05,3,5,3,32,5,19,17,0,549
VL-1044,2026-06,2,3,3,25,4,7,17,0,513
VL-1044,2026-07,1,1,1,12,1,6,4,0,451
VL-1044,2026-08,1,1,1,8,1,3,8,0,476
VL-1045,2024-03,16,31,22,136,33,49,96,9,460
VL-1045,2024-04,11,20,24,149,40,66,89,8,462
VL-1045,2024-05,14,21,15,134,25,84,118,3,464
VL-1045,2024-06,13,24,17,129,24,60,114,6,487
VL-1045,2024-07,11,19,33,166,64,34,73,1,510
VL-1045,2024-08,10,15,19,129,33,40,73,5,485
VL-1045,2024-09,8,11,15,95,18,41,64,2,499
VL-1045,2024-10,19,27,40,200,61,104,86,5,532
VL-1045,2024-11,16,21,20,139,31,62,111,5,416
VL-1045,2024-12,11,19,20,125,35,75,38,3,466
VL-1045,2025-01,10,13,21,151,27,49,59,4,532
VL-1045,2025-02,7,9,14,89,27,30,34,0,510
VL-1045,2025-03,15,27,39,205,66,48,103,8,443
VL-1045,2025-04,16,23,29,170,42,49,67,8,509
VL-1045,2025-05,12,19,18,123,30,66,89,1,560
VL-1045,2025-06,18,26,26,172,44,56,117,5,477
VL-1045,2025-07,16,22,34,218,53,88,140,6,438
VL-1045,2025-08,13,21,28,183,36,75,56,6,473
VL-1045,2025-09,11,20,14,140,25,40,75,7,461
VL-1045,2025-10,17,29,23,194,30,101,71,3,431
VL-1045,2025-11,12,18,29,175,55,59,98,9,596
VL-1045,2025-12,10,17,26,150,50,46,78,3,460
VL-1045,2026-01,13,18,14,133,19,90,78,0,475
VL-1045,2026-02,10,16,25,130,48,62,68,4,528
VL-1045,2026-03,17,27,22,155,31,76,117,3,1358
VL-1045,2026-04,9,11,14,115,27,49,61,2,561
VL-1045,2026-05,10,16,12,121,16,66,37,6,489
VL-1045,2026-06,14,20,32,200,51,43,116,1,533
VL-1045,2026-07,11,19,15,116,20,72,94,3,493
VL-1045,2026-08,13,24,28,145,47,47,97,7,497
VL-1046,2024-10,5,8,12,65,18,32,22,3,449
VL-1046,2024-11,9,15,8,81,9,29,61,3,432
VL-1046,2024-12,7,13,7,64,8,30,33,1,460
VL-1046,2025-01,9,15,24,131,34,32,67,4,504
VL-1046,2025-02,7,10,10,90,16,44,34,3,461
VL-1046,2025-03,9,16,15,136,18,45,61,0,500
VL-1046,2025-04,6,11,11,88,17,40,52,4,509
VL-1046,2025-05,6,9,13,74,21,19,24,0,508
VL-1046,2025-06,11,15,16,97,26,64,95,2,473
VL-1046,2025-07,9,12,15,130,20,41,30,2,536
VL-1046,2025-08,3,5,2,27,2,13,23,0,509
VL-1046,2025-09,7,12,9,92,16,40,32,5,442
VL-1046,2025-10,9,13,24,127,39,60,44,0,433
VL-1046,2025-11,4,6,11,54,20,23,35,2,648
VL-1046,2025-12,6,8,10,64,14,36,43,3,477
VL-1046,2026-01,8,14,8,83,11,37,67,2,400
VL-1046,2026-02,7,11,15,85,24,41,28,3,500
VL-1046,2026-03,8,11,20,107,38,40,30,2,1366
VL-1046,2026-04,8,15,16,85,25,35,32,3,495
VL-1046,2026-05,7,9,9,96,14,25,33,0,444
VL-1046,2026-06,7,10,15,100,28,33,43,5,462
VL-1046,2026-07,8,10,14,114,25,39,28,3,411
VL-1046,2026-08,8,12,10,75,16,46,59,0,456
VL-1047,2025-07,9,10,14,94,27,58,34,3,419
VL-1047,2025-08,6,11,5,63,8,21,53,0,454
VL-1047,2025-09,6,11,13,77,16,40,27,2,399
VL-1047,2025-10,12,15,22,182,27,47,45,2,493
VL-1047,2025-11,7,9,9,93,11,35,59,0,591
VL-1047,2025-12,6,7,10,65,15,24,42,0,454
VL-1047,2026-01,10,18,8,85,13,57,42,2,435
VL-1047,2026-02,8,15,14,98,25,29,68,2,521
VL-1047,2026-03,9,12,24,122,34,60,64,3,1428
VL-1047,2026-04,8,14,12,70,19,54,27,3,413
VL-1047,2026-05,7,10,9,88,13,36,36,3,439
VL-1047,2026-06,2,2,4,28,7,11,17,0,398
VL-1047,2026-07,7,10,19,95,35,25,62,2,448
VL-1047,2026-08,11,14,23,149,33,68,66,2,476
VL-1048,2024-03,16,30,27,232,49,65,131,10,466
VL-1048,2024-04,13,24,35,190,47,54,107,3,525
VL-1048,2024-05,12,15,30,175,46,48,47,1,507
VL-1048,2024-06,14,17,18,164,26,94,53,3,530
VL-1048,2024-07,12,20,15,104,27,66,83,7,572
VL-1048,2024-08,9,16,10,120,16,61,48,4,465
VL-1048,2024-09,11,20,19,132,32,75,52,0,506
VL-1048,2024-10,5,9,13,74,23,30,33,3,487
VL-1048,2024-11,16,23,21,172,25,90,126,2,525
VL-1048,2024-12,10,17,10,111,17,65,58,1,547
VL-1048,2025-01,14,21,22,168,27,71,77,11,475
VL-1048,2025-02,9,12,15,112,23,50,31,0,426
VL-1048,2025-03,10,14,11,90,20,42,53,2,500
VL-1048,2025-04,15,23,28,145,34,76,63,10,450
VL-1048,2025-05,13,17,35,177,60,57,87,6,509
VL-1048,2025-06,12,22,30,178,52,36,61,4,490
VL-1048,2025-07,12,18,19,132,32,55,86,7,501
VL-1048,2025-08,12,19,9,101,13,51,79,5,490
VL-1048,2025-09,14,23,31,201,58,57,79,9,480
VL-1048,2025-10,15,21,23,162,29,71,115,3,496
VL-1048,2025-11,12,15,23,128,28,67,107,0,586
VL-1048,2025-12,9,11,11,98,20,28,49,1,508
VL-1048,2026-01,15,28,41,218,66,46,115,1,470
VL-1048,2026-02,13,25,39,188,60,46,97,2,479
VL-1048,2026-03,17,29,16,160,26,77,103,9,1449
VL-1048,2026-04,15,20,20,177,27,89,48,6,453
VL-1048,2026-05,8,15,18,98,33,54,55,3,480
VL-1048,2026-06,14,25,21,120,33,86,74,2,481
VL-1048,2026-07,12,23,18,124,23,68,85,5,436
VL-1048,2026-08,8,10,7,71,8,37,66,0,495
VL-1049,2024-03,13,24,17,165,24,90,58,1,490
VL-1049,2024-04,14,18,23,166,43,57,80,5,472
VL-1049,2024-05,10,18,13,111,17,52,82,1,489
VL-1049,2024-06,16,22,17,156,25,69,75,4,451
VL-1049,2024-07,13,19,18,161,34,40,109,0,466
VL-1049,2024-08,9,15,17,103,33,43,53,5,535
VL-1049,2024-09,12,17,20,128,27,44,78,1,440
VL-1049,2024-10,9,17,24,126,38,60,48,0,436
VL-1049,2024-11,12,20,30,163,56,38,84,2,519
VL-1049,2024-12,7,9,16,101,20,28,54,2,467
VL-1049,2025-01,11,17,22,124,43,63,82,6,500
VL-1049,2025-02,13,21,21,131,32,85,47,6,366
VL-1049,2025-03,16,28,41,244,76,68,51,7,500
VL-1049,2025-04,11,16,11,128,20,34,57,8,452
VL-1049,2025-05,11,13,18,142,24,52,56,0,469
VL-1049,2025-06,9,13,22,134,41,60,51,2,438
VL-1049,2025-07,11,19,26,127,46,64,77,0,407
VL-1049,2025-08,11,20,13,115,19,39,60,1,454
VL-1049,2025-09,13,15,33,178,57,51,76,4,446
VL-1049,2025-10,13,15,34,185,46,90,79,5,550
VL-1049,2025-11,15,24,39,207,65,101,74,6,659
VL-1049,2025-12,10,17,13,148,20,38,51,6,440
VL-1049,2026-01,13,16,26,196,40,51,65,6,429
VL-1049,2026-02,12,18,26,133,31,81,106,4,524
VL-1049,2026-03,17,20,43,251,56,97,81,12,1402
VL-1049,2026-04,13,23,27,184,51,47,108,2,486
VL-1049,2026-05,12,22,32,158,40,77,46,6,470
VL-1049,2026-06,10,12,13,108,23,53,34,2,474
VL-1049,2026-07,17,20,40,223,65,54,89,1,449
VL-1049,2026-08,11,13,21,134,29,45,95,1,492
VL-1050,2024-03,9,10,21,124,40,32,78,4,522
VL-1050,2024-04,9,13,16,88,23,56,71,7,418
VL-1050,2024-05,13,16,40,198,64,70,94,2,471
VL-1050,2024-06,17,23,37,245,47,99,128,4,537
VL-1050,2024-07,16,24,44,226,79,102,117,6,470
VL-1050,2024-08,13,20,16,185,30,41,71,3,511
VL-1050,2024-09,9,15,11,111,16,30,29,5,532
VL-1050,2024-10,14,18,18,165,35,66,91,5,476
VL-1050,2024-11,15,28,32,203,53,69,93,0,482
VL-1050,2024-12,14,20,29,185,47,61,95,0,500
VL-1050,2025-01,19,30,48,261,60,98,170,5,478
VL-1050,2025-02,9,12,15,98,27,28,69,4,494
VL-1050,2025-03,12,15,25,178,36,76,59,8,529
VL-1050,2025-04,13,15,20,168,30,79,88,7,424
VL-1050,2025-05,12,14,14,136,24,49,36,8,544
VL-1050,2025-06,12,19,20,169,34,38,90,8,483
VL-1050,2025-07,9,15,12,130,20,56,70,0,443
VL-1050,2025-08,9,16,16,112,24,43,54,6,494
VL-1050,2025-09,14,21,23,157,38,88,91,4,484
VL-1050,2025-10,1,1,1,14,1,5,5,0,490
VL-1050,2025-11,19,28,33,223,53,61,101,13,580
VL-1050,2025-12,5,8,11,73,13,24,31,2,567
VL-1050,2026-01,15,20,15,168,28,59,99,1,511
VL-1050,2026-02,9,12,21,106,27,34,31,2,444
VL-1050,2026-03,14,20,22,144,29,81,125,5,1416
VL-1050,2026-04,7,11,7,76,13,41,49,4,478
VL-1050,2026-05,14,20,30,181,37,87,125,9,464
VL-1050,2026-06,16,26,27,235,40,57,77,3,494
VL-1050,2026-07,16,25,23,234,43,59,95,1,446
VL-1050,2026-08,13,17,28,141,46,77,108,5,476
VL-1051,2024-03,9,16,22,123,31,62,27,4,557
VL-1051,2024-04,11,17,17,136,33,66,95,2,453
VL-1051,2024-05,12,20,18,160,33,81,80,4,536
VL-1051,2024-06,11,20,19,166,27,52,45,4,422
VL-1051,2024-07,18,33,38,223,71,73,113,1,507
VL-1051,2024-08,11,17,15,92,24,66,43,2,480
VL-1051,2024-09,17,27,25,216,45,101,124,2,501
VL-1051,2024-10,13,19,29,152,46,45,84,0,464
VL-1051,2024-11,18,25,31,204,46,75,84,4,474
VL-1051,2024-12,7,10,6,71,8,41,61,3,518
VL-1051,2025-01,10,12,9,95,12,51,40,0,467
VL-1051,2025-02,13,20,18,112,34,63,105,1,427
VL-1051,2025-03,13,24,28,136,49,46,66,2,484
VL-1051,2025-04,9,15,19,99,24,33,27,3,466
VL-1051,2025-05,14,23,21,175,40,42,87,2,493
VL-1051,2025-06,14,19,22,145,40,91,95,4,492
VL-1051,2025-07,15,18,36,231,45,64,68,10,496
VL-1051,2025-08,10,14,9,95,13,41,86,6,478
VL-1051,2025-09,16,26,39,246,47,70,94,6,556
VL-1051,2025-10,16,25,27,234,33,108,125,12,502
VL-1051,2025-11,17,30,30,190,46,63,125,10,562
VL-1051,2025-12,11,16,14,146,26,56,47,6,474
VL-1051,2026-01,14,21,22,208,40,55,113,1,440
VL-1051,2026-02,11,17,21,151,31,68,51,5,412
VL-1051,2026-03,15,26,12,135,23,45,69,5,1398
VL-1051,2026-04,9,17,15,75,28,32,80,2,348
VL-1051,2026-05,10,18,11,104,16,55,47,3,402
VL-1051,2026-06,12,19,22,158,40,60,104,1,523
VL-1051,2026-07,14,20,31,149,42,87,85,10,502
VL-1051,2026-08,11,13,17,113,31,72,42,7,471
VL-1052,2024-03,16,24,20,220,30,83,140,5,506
VL-1052,2024-04,21,34,51,247,80,79,180,3,504
VL-1052,2024-05,8,9,12,88,18,44,29,4,435
VL-1052,2024-06,12,17,11,120,13,75,50,3,488
VL-1052,2024-07,22,43,17,189,22,116,184,2,413
VL-1052,2024-08,10,13,29,140,50,69,71,4,380
VL-1052,2024-09,10,12,17,102,29,61,69,1,400
VL-1052,2024-10,10,13,15,133,27,34,80,4,540
VL-1052,2024-11,12,15,19,104,35,45,65,2,446
VL-1052,2024-12,9,10,16,109,30,52,51,2,445
VL-1052,2025-01,16,25,40,220,59,73,95,10,456
VL-1052,2025-02,12,21,14,133,27,57,94,7,370
VL-1052,2025-03,15,21,15,141,27,64,55,10,454
VL-1052,2025-04,15,27,31,233,40,75,71,0,480
VL-1052,2025-05,13,20,13,126,25,71,112,5,396
VL-1052,2025-06,11,14,20,142,32,51,69,7,374
VL-1052,2025-07,9,11,16,131,29,31,65,3,460
VL-1052,2025-08,12,20,21,103,25,43,83,3,496
VL-1052,2025-09,17,26,27,175,45,73,140,1,488
VL-1052,2025-10,12,16,23,147,42,36,107,0,482
VL-1052,2025-11,14,26,14,136,24,45,68,6,591
VL-1052,2025-12,8,13,12,110,21,27,60,3,491
VL-1052,2026-01,13,22,22,130,38,77,46,8,474
VL-1052,2026-02,17,24,46,258,61,93,84,5,503
VL-1052,2026-03,14,27,34,201,53,70,43,5,1368
VL-1052,2026-04,14,25,32,193,57,80,97,7,460
VL-1052,2026-05,12,23,21,179,38,42,41,4,473
VL-1052,2026-06,16,19,33,239,58,74,53,10,431
VL-1052,2026-07,12,15,24,126,30,44,97,5,522
VL-1052,2026-08,12,19,27,143,38,79,97,8,447
VL-1053,2024-03,14,25,23,129,38,50,78,11,468
VL-1053,2024-04,13,17,22,112,42,49,43,1,500
VL-1053,2024-05,9,16,15,99,28,34,45,6,471
VL-1053,2024-06,5,6,11,63,14,16,17,2,483
VL-1053,2024-07,13,21,14,138,19,68,113,9,501
VL-1053,2024-08,10,19,9,89,17,68,63,6,545
VL-1053,2024-09,15,29,21,138,34,99,128,11,503
VL-1053,2024-10,11,17,16,125,31,48,34,6,508
VL-1053,2024-11,11,16,20,120,31,37,45,5,492
VL-1053,2024-12,9,17,22,118,32,38,78,6,533
VL-1053,2025-01,12,20,35,172,62,47,72,9,498
VL-1053,2025-02,12,15,12,105,14,66,65,4,349
VL-1053,2025-03,10,18,23,111,39,32,47,2,542
VL-1053,2025-04,14,19,25,133,37,43,96,0,532
VL-1053,2025-05,13,20,9,109,15,44,80,5,522
VL-1053,2025-06,14,17,24,155,33,73,43,6,485
VL-1053,2025-07,10,15,28,135,52,58,46,1,496
VL-1053,2025-08,15,26,31,208,41,104,118,8,546
VL-1053,2025-09,8,9,13,82,17,47,44,1,475
VL-1053,2025-10,13,15,20,194,39,70,108,2,530
VL-1053,2025-11,13,18,19,186,31,74,56,2,709
VL-1053,2025-12,8,11,12,92,18,36,65,0,526
VL-1053,2026-01,15,21,29,146,51,71,118,0,481
VL-1053,2026-02,15,22,22,137,42,61,100,4,463
VL-1053,2026-03,14,19,33,205,43,73,54,4,1419
VL-1053,2026-04,19,33,23,206,30,96,129,10,550
VL-1053,2026-05,9,15,19,139,26,33,39,1,515
VL-1053,2026-06,14,16,21,172,26,65,68,10,524
VL-1053,2026-07,8,13,16,82,30,55,57,0,428
VL-1053,2026-08,14,17,21,125,25,58,63,4,461
VL-1054,2025-12,1,1,0,8,0,6,7,0,522
VL-1054,2026-01,2,3,4,22,5,6,10,0,552
VL-1054,2026-02,1,1,1,12,1,6,8,0,486
VL-1054,2026-03,1,1,2,13,3,5,6,0,1356
VL-1054,2026-04,1,1,2,12,3,4,4,0,473
VL-1054,2026-05,1,1,1,10,1,6,8,0,446
VL-1054,2026-06,2,3,2,19,2,11,7,0,512
VL-1054,2026-07,3,4,4,34,7,17,12,1,484
VL-1054,2026-08,1,1,1,10,1,6,3,0,436
VL-1055,2024-03,15,19,43,227,63,101,103,3,532
VL-1055,2024-04,9,14,13,102,25,32,30,1,482
VL-1055,2024-05,12,15,24,183,29,69,75,3,472
VL-1055,2024-06,8,13,19,122,24,26,47,2,394
VL-1055,2024-07,13,16,18,116,35,75,44,8,470
VL-1055,2024-08,15,29,26,138,32,103,118,9,421
VL-1055,2024-09,15,27,18,154,30,98,54,5,562
VL-1055,2024-10,12,18,23,165,33,51,71,6,487
VL-1055,2024-11,7,9,10,75,15,37,57,2,522
VL-1055,2024-12,11,18,16,123,19,46,70,7,544
VL-1055,2025-01,14,18,16,132,21,55,71,8,451
VL-1055,2025-02,11,20,26,145,45,41,57,5,589
VL-1055,2025-03,12,23,22,136,42,46,43,1,494
VL-1055,2025-04,16,25,21,141,27,59,55,3,541
VL-1055,2025-05,10,14,18,145,27,50,54,4,486
VL-1055,2025-06,17,20,39,232,68,117,126,7,455
VL-1055,2025-07,13,24,27,169,53,39,109,10,552
VL-1055,2025-08,9,14,14,96,22,62,29,1,410
VL-1055,2025-09,13,18,32,173,43,52,109,8,490
VL-1055,2025-10,18,26,26,232,42,63,111,0,527
VL-1055,2025-11,11,14,19,108,31,38,36,2,646
VL-1055,2025-12,9,14,14,108,25,31,75,4,535
VL-1055,2026-01,11,21,23,140,38,72,67,2,439
VL-1055,2026-02,16,26,31,175,45,69,65,6,454
VL-1055,2026-03,17,26,34,244,53,112,140,12,1431
VL-1055,2026-04,13,24,26,134,46,65,84,9,543
VL-1055,2026-05,18,35,31,232,58,65,145,5,535
VL-1055,2026-06,16,27,31,229,55,68,79,8,435
VL-1055,2026-07,8,13,12,105,16,45,47,4,463
VL-1055,2026-08,8,15,16,79,21,35,49,1,488
VL-1056,2024-03,12,18,19,163,25,41,81,8,454
VL-1056,2024-04,11,20,17,110,28,40,41,2,586
VL-1056,2024-05,10,17,16,89,26,67,44,5,458
VL-1056,2024-06,13,21,25,136,49,39,90,0,483
VL-1056,2024-07,12,17,22,161,37,41,44,2,460
VL-1056,2024-08,15,20,36,178,52,76,66,1,520
VL-1056,2024-09,13,24,31,150,60,51,113,3,414
VL-1056,2024-10,17,23,34,181,53,116,92,0,503
VL-1056,2024-11,16,27,32,188,42,105,85,9,464
VL-1056,2024-12,9,17,21,136,26,55,72,6,561
VL-1056,2025-01,13,17,22,130,41,50,104,7,498
VL-1056,2025-02,8,14,22,108,41,51,51,3,426
VL-1056,2025-03,11,21,17,143,21,58,34,2,490
VL-1056,2025-04,19,37,43,263,72,74,63,5,396
VL-1056,2025-05,8,15,10,113,12,36,27,6,469
VL-1056,2025-06,12,18,32,160,59,82,54,7,485
VL-1056,2025-07,13,24,28,157,46,72,92,6,447
VL-1056,2025-08,11,18,22,146,43,33,38,3,470
VL-1056,2025-09,12,21,13,122,16,82,62,0,501
VL-1056,2025-10,16,27,44,247,82,55,78,7,470
VL-1056,2025-11,14,24,19,130,28,78,49,8,647
VL-1056,2025-12,10,13,26,145,31,37,66,4,462
VL-1056,2026-01,18,25,26,269,40,107,151,6,483
VL-1056,2026-02,16,21,41,246,80,69,49,8,504
VL-1056,2026-03,12,15,17,130,22,81,41,3,1481
VL-1056,2026-04,10,16,10,100,19,37,63,7,488
VL-1056,2026-05,14,24,26,183,45,54,76,6,481
VL-1056,2026-06,9,17,10,90,19,41,56,4,474
VL-1056,2026-07,12,15,13,125,22,57,71,4,547
VL-1056,2026-08,12,23,35,184,55,76,50,3,489
VL-1057,2024-03,11,18,23,116,36,59,81,2,499
VL-1057,2024-04,16,30,30,202,38,87,83,3,455
VL-1057,2024-05,13,22,30,184,42,86,68,5,513
VL-1057,2024-06,18,33,31,201,58,123,68,11,531
VL-1057,2024-07,9,17,21,114,41,36,60,3,447
VL-1057,2024-08,14,24,30,193,45,72,114,5,531
VL-1057,2024-09,14,24,18,119,22,42,79,4,467
VL-1057,2024-10,13,16,16,157,23,80,70,5,441
VL-1057,2024-11,13,21,36,180,49,39,115,5,509
VL-1057,2024-12,11,18,11,96,21,73,90,0,505
VL-1057,2025-01,15,19,29,139,55,71,85,11,486
VL-1057,2025-02,12,23,25,139,49,69,39,4,481
VL-1057,2025-03,9,12,21,110,34,31,45,3,590
VL-1057,2025-04,12,23,15,117,25,82,57,4,475
VL-1057,2025-05,15,19,23,162,38,51,126,5,501
VL-1057,2025-06,10,12,20,103,31,60,37,3,538
VL-1057,2025-07,17,21,35,190,64,72,73,5,475
VL-1057,2025-08,10,13,14,85,21,50,60,3,500
VL-1057,2025-09,15,21,23,167,27,83,126,5,472
VL-1057,2025-10,13,16,22,201,31,84,113,9,510
VL-1057,2025-11,7,8,10,103,18,39,41,2,640
VL-1057,2025-12,7,13,10,60,19,48,32,3,542
VL-1057,2026-01,16,21,12,138,15,100,127,9,525
VL-1057,2026-02,12,19,37,182,70,37,61,8,415
VL-1057,2026-03,11,13,20,109,35,60,87,3,1423
VL-1057,2026-04,14,24,28,174,33,79,115,1,410
VL-1057,2026-05,16,25,24,235,34,99,50,0,512
VL-1057,2026-06,12,14,12,122,14,72,37,6,444
VL-1057,2026-07,12,17,19,107,32,36,94,6,412
VL-1057,2026-08,13,16,18,126,23,50,40,3,423
VL-1058,2024-11,8,15,10,88,13,35,66,2,424
VL-1058,2024-12,7,8,10,68,17,35,49,2,460
VL-1058,2025-01,9,14,13,75,16,45,29,1,523
VL-1058,2025-02,7,12,17,91,20,29,37,1,419
VL-1058,2025-03,7,12,9,89,10,29,53,4,502
VL-1058,2025-04,6,11,7,75,13,35,48,1,448
VL-1058,2025-05,10,17,15,137,23,36,38,7,459
VL-1058,2025-06,6,11,7,53,11,30,35,4,491
VL-1058,2025-07,6,11,6,57,7,29,43,0,479
VL-1058,2025-08,11,18,33,163,55,35,84,5,526
VL-1058,2025-09,6,7,7,58,11,33,31,2,410
VL-1058,2025-10,5,9,7,51,13,34,37,2,546
VL-1058,2025-11,8,15,19,100,30,26,24,2,575
VL-1058,2025-12,6,9,13,73,18,27,31,3,619
VL-1058,2026-01,10,13,25,155,45,31,40,5,460
VL-1058,2026-02,8,12,14,88,25,47,57,2,432
VL-1058,2026-03,5,7,8,65,15,25,19,1,1341
VL-1058,2026-04,5,9,5,48,6,31,33,1,519
VL-1058,2026-05,8,10,9,79,13,45,42,2,600
VL-1058,2026-06,6,9,16,91,20,25,19,2,519
VL-1058,2026-07,5,7,9,60,11,27,19,2,469
VL-1058,2026-08,6,11,13,68,20,23,27,3,409
VL-1059,2026-01,7,12,12,106,17,47,38,4,424
VL-1059,2026-02,7,11,9,79,13,43,43,0,444
VL-1059,2026-03,8,15,9,71,12,29,33,1,1459
VL-1059,2026-04,6,9,10,66,14,25,53,2,404
VL-1059,2026-05,9,15,12,87,21,28,40,5,397
VL-1059,2026-06,11,19,12,101,20,58,87,3,514
VL-1059,2026-07,10,12,19,126,25,67,34,7,531
VL-1059,2026-08,8,11,10,78,14,35,60,1,379
VL-1060,2024-03,11,19,21,106,33,35,38,7,539
VL-1060,2024-04,8,15,11,94,16,25,64,5,503
VL-1060,2024-05,18,30,29,265,52,113,135,4,501
VL-1060,2024-06,16,23,19,138,37,72,138,6,475
VL-1060,2024-07,16,19,26,137,43,62,101,5,458
VL-1060,2024-08,11,17,14,98,21,47,60,8,495
VL-1060,2024-09,8,14,11,84,14,48,56,1,483
VL-1060,2024-10,10,13,15,131,27,52,76,3,403
VL-1060,2024-11,14,21,26,190,44,71,88,7,470
VL-1060,2024-12,7,13,13,101,22,41,27,0,533
VL-1060,2025-01,19,29,42,275,55,105,63,0,394
VL-1060,2025-02,11,20,20,137,32,73,38,8,442
VL-1060,2025-03,10,18,18,151,30,44,75,2,479
VL-1060,2025-04,13,18,17,112,21,71,70,4,488
VL-1060,2025-05,12,14,18,154,22,71,68,3,533
VL-1060,2025-06,19,27,16,179,22,70,72,4,461
VL-1060,2025-07,10,15,19,104,33,30,66,7,491
VL-1060,2025-08,9,11,11,90,18,34,44,5,506
VL-1060,2025-09,16,23,33,188,62,111,81,3,477
VL-1060,2025-10,13,21,14,160,27,50,62,4,466
VL-1060,2025-11,10,16,19,111,23,30,31,5,623
VL-1060,2025-12,10,12,10,90,19,41,79,7,482
VL-1060,2026-01,16,26,24,172,37,96,105,9,475
VL-1060,2026-02,15,27,34,209,42,101,71,8,482
VL-1060,2026-03,12,19,12,108,21,40,87,2,1444
VL-1060,2026-04,14,20,17,158,26,94,89,7,499
VL-1060,2026-05,15,24,17,144,33,67,81,0,508
VL-1060,2026-06,15,25,32,210,62,61,71,11,505
VL-1060,2026-07,11,18,27,154,36,34,56,7,448
VL-1060,2026-08,13,24,17,176,30,59,83,5,446
VL-1061,2024-03,15,23,31,193,38,73,109,6,399
VL-1061,2024-04,20,37,32,191,44,119,115,11,449
VL-1061,2024-05,19,28,30,278,59,109,136,4,477
VL-1061,2024-06,9,14,18,116,35,42,76,2,506
VL-1061,2024-07,16,28,24,190,46,105,54,12,460
VL-1061,2024-08,9,14,10,100,16,34,64,5,396
VL-1061,2024-09,11,15,18,139,29,42,37,4,512
VL-1061,2024-10,10,14,18,100,35,36,41,1,492
VL-1061,2024-11,16,22,36,210,47,70,99,12,487
VL-1061,2024-12,6,11,8,70,9,30,22,1,459
VL-1061,2025-01,18,30,45,238,74,102,128,7,410
VL-1061,2025-02,8,10,7,75,13,38,61,2,506
VL-1061,2025-03,7,9,12,99,17,26,55,0,533
VL-1061,2025-04,13,16,25,172,49,69,93,9,562
VL-1061,2025-05,13,19,23,130,32,43,61,4,406
VL-1061,2025-06,13,19,17,173,22,79,39,4,492
VL-1061,2025-07,14,24,40,200,57,79,119,11,484
VL-1061,2025-08,15,25,17,181,21,80,85,8,481
VL-1061,2025-09,7,12,10,62,12,23,49,3,446
VL-1061,2025-10,12,15,15,135,19,54,49,1,432
VL-1061,2025-11,12,19,23,118,32,64,36,5,586
VL-1061,2025-12,6,10,11,93,20,32,20,3,467
VL-1061,2026-01,15,28,25,176,35,99,92,7,415
VL-1061,2026-02,10,18,10,87,19,39,31,2,469
VL-1061,2026-03,15,18,22,188,38,88,123,7,1329
VL-1061,2026-04,14,21,18,184,33,60,96,1,490
VL-1061,2026-05,12,15,28,157,48,56,92,8,421
VL-1061,2026-06,13,23,16,116,25,61,56,4,393
VL-1061,2026-07,17,23,18,177,27,98,132,12,533
VL-1061,2026-08,11,19,22,122,32,61,73,0,435
VL-1062,2024-03,1,1,1,11,1,3,7,0,454
VL-1062,2024-04,2,2,2,18,3,12,7,0,470
VL-1062,2024-05,2,3,3,25,5,8,15,0,533
VL-1062,2024-06,3,3,6,40,10,13,18,1,493
VL-1062,2024-07,1,1,1,12,1,6,7,0,509
VL-1062,2024-08,1,1,1,14,1,3,4,0,466
VL-1062,2024-09,1,1,1,12,1,5,4,0,506
VL-1062,2024-10,2,3,4,25,4,10,13,1,566
VL-1062,2024-11,4,6,8,47,10,19,25,1,588
VL-1062,2024-12,0,0,0,0,0,0,0,0,
VL-1062,2025-01,2,3,4,27,6,13,6,1,399
VL-1062,2025-02,3,5,3,28,5,17,22,1,454
VL-1062,2025-03,2,2,3,17,4,9,10,0,493
VL-1062,2025-04,2,2,2,17,2,9,15,0,527
VL-1062,2025-05,1,1,1,10,1,4,3,0,442
VL-1062,2025-06,1,1,2,13,2,4,6,0,528
VL-1062,2025-07,2,3,5,27,8,10,8,0,447
VL-1062,2025-08,3,4,4,46,4,14,17,1,538
VL-1062,2025-09,2,3,2,17,3,12,16,0,581
VL-1062,2025-10,1,1,1,14,1,3,7,0,514
VL-1062,2025-11,1,1,1,10,1,3,3,0,561
VL-1062,2025-12,1,1,1,12,1,5,8,0,564
VL-1062,2026-01,2,3,3,23,4,11,11,0,576
VL-1062,2026-02,2,3,3,24,4,9,12,0,540
VL-1062,2026-03,1,1,1,13,1,3,3,0,1388
VL-1062,2026-04,1,1,2,15,3,4,3,0,489
VL-1062,2026-05,2,2,3,21,5,13,17,0,544
VL-1062,2026-06,4,5,7,44,10,16,29,2,578
VL-1062,2026-07,3,5,5,36,9,11,12,2,462
VL-1062,2026-08,4,7,6,34,9,25,35,2,494
VL-1063,2024-03,15,19,25,143,40,50,86,7,591
VL-1063,2024-04,17,27,24,161,46,51,53,12,510
VL-1063,2024-05,13,20,24,121,31,43,54,4,474
VL-1063,2024-06,17,25,28,151,53,56,91,7,501
VL-1063,2024-07,16,31,33,184,44,60,102,12,465
VL-1063,2024-08,11,20,8,93,11,44,92,2,471
VL-1063,2024-09,11,16,18,164,34,48,54,1,431
VL-1063,2024-10,11,13,32,171,53,54,89,3,501
VL-1063,2024-11,14,24,21,168,26,48,97,5,353
VL-1063,2024-12,7,9,16,85,21,45,28,3,519
VL-1063,2025-01,11,18,18,145,23,61,92,0,456
VL-1063,2025-02,12,23,26,164,38,69,77,0,463
VL-1063,2025-03,13,22,15,131,26,74,98,6,445
VL-1063,2025-04,16,22,29,248,37,66,88,11,414
VL-1063,2025-05,11,17,18,133,31,74,76,7,471
VL-1063,2025-06,11,19,15,130,21,63,45,5,408
VL-1063,2025-07,10,12,26,148,31,35,41,4,529
VL-1063,2025-08,12,18,17,173,25,71,59,6,475
VL-1063,2025-09,10,16,14,149,23,58,85,0,450
VL-1063,2025-10,12,15,15,174,20,62,53,4,419
VL-1063,2025-11,17,21,28,198,41,84,68,8,648
VL-1063,2025-12,6,7,7,52,12,25,46,1,450
VL-1063,2026-01,7,8,9,74,15,39,37,0,447
VL-1063,2026-02,11,20,13,112,25,35,96,2,507
VL-1063,2026-03,11,18,14,123,17,76,60,2,1401
VL-1063,2026-04,12,16,36,175,69,37,77,2,450
VL-1063,2026-05,11,21,22,127,37,56,67,3,514
VL-1063,2026-06,12,21,15,162,25,76,64,0,509
VL-1063,2026-07,11,14,17,100,21,64,92,6,611
VL-1063,2026-08,16,24,24,247,37,77,107,9,559
VL-1064,2025-09,5,7,10,69,16,31,35,1,468
VL-1064,2025-10,9,12,16,132,19,40,33,2,462
VL-1064,2025-11,6,9,14,76,19,24,20,3,677
VL-1064,2025-12,5,8,7,59,11,32,28,1,530
VL-1064,2026-01,7,12,9,62,12,32,56,0,464
VL-1064,2026-02,8,11,23,114,40,42,49,4,504
VL-1064,2026-03,7,13,16,100,22,29,43,4,1387
VL-1064,2026-04,7,13,15,104,28,31,57,5,521
VL-1064,2026-05,10,17,10,113,18,66,60,0,505
VL-1064,2026-06,3,4,5,41,8,14,11,0,497
VL-1064,2026-07,5,7,12,64,16,24,17,1,437
VL-1064,2026-08,8,14,13,104,15,46,52,3,387
VL-1065,2026-02,1,1,1,11,1,4,7,0,454
VL-1065,2026-03,1,1,1,12,1,5,3,0,1378
VL-1065,2026-04,1,1,1,11,1,6,4,0,448
VL-1065,2026-05,2,3,4,26,7,10,13,0,516
VL-1065,2026-06,1,1,1,14,1,3,8,0,512
VL-1065,2026-07,2,3,4,20,5,10,14,0,499
VL-1065,2026-08,1,1,2,13,2,4,6,0,491
VL-1136,2024-03,20,33,120,418,226,147,265,2,476
VL-1136,2024-04,19,34,72,469,105,137,206,1,509
VL-1136,2024-05,20,24,122,530,158,183,270,2,469
VL-1136,2024-06,22,27,188,556,312,179,221,2,456
VL-1136,2024-07,22,31,88,392,151,204,209,9,423
VL-1136,2024-08,22,39,214,625,379,121,224,7,431
VL-1136,2024-09,22,39,156,646,202,238,118,1,503
VL-1136,2024-10,20,26,117,625,218,204,243,5,475
VL-1136,2024-11,13,24,119,351,211,89,189,3,510
VL-1136,2024-12,5,7,34,133,54,49,35,0,471
VL-1136,2025-01,17,30,99,326,135,124,166,5,469
VL-1136,2025-02,19,35,191,596,348,231,244,2,442
VL-1136,2025-03,17,31,105,400,162,147,186,1,454
VL-1136,2025-04,14,17,121,399,228,100,132,4,477
VL-1136,2025-05,21,28,83,416,139,226,226,1,462
VL-1136,2025-06,22,36,110,691,216,208,325,5,425
VL-1136,2025-07,17,27,109,542,212,140,147,2,448
VL-1136,2025-08,22,41,137,669,168,138,308,7,512
VL-1136,2025-09,22,38,129,711,162,198,318,6,486
VL-1136,2025-10,19,37,90,397,163,152,240,1,462
VL-1136,2025-11,18,26,136,473,264,130,216,6,609
VL-1136,2025-12,18,23,73,326,94,148,193,5,429
VL-1136,2026-01,18,31,146,515,244,176,157,0,547
VL-1136,2026-02,19,28,94,611,146,226,232,7,460
VL-1136,2026-03,22,29,143,514,196,177,220,1,1371
VL-1136,2026-04,22,31,126,600,219,240,235,5,448
VL-1136,2026-05,18,28,174,508,250,207,181,5,486
VL-1136,2026-06,13,25,85,395,167,104,187,3,545
VL-1136,2026-07,21,29,114,449,145,217,282,4,515
VL-1136,2026-08,20,33,163,475,325,212,145,4,486
VL-1137,2025-12,10,13,50,320,94,119,61,3,493
VL-1137,2026-01,7,10,38,133,70,52,90,3,435
VL-1137,2026-02,15,21,54,324,85,163,210,1,453
VL-1137,2026-03,11,18,119,345,185,110,145,2,1340
VL-1137,2026-04,12,21,45,305,54,118,122,0,514
VL-1137,2026-05,12,16,60,326,104,126,61,4,495
VL-1137,2026-06,12,15,68,265,118,80,64,5,384
VL-1137,2026-07,13,23,104,392,199,155,66,4,547
VL-1137,2026-08,11,14,43,216,60,98,156,1,479
VL-1138,2026-04,12,16,106,384,192,114,106,0,494
VL-1138,2026-05,16,31,171,496,321,105,230,3,481
VL-1138,2026-06,12,21,80,331,117,125,71,1,517
VL-1138,2026-07,15,21,105,316,167,181,167,0,454
VL-1138,2026-08,8,11,28,148,46,49,76,3,481
VL-1139,2024-03,18,26,71,468,90,192,110,3,461
VL-1139,2024-04,22,36,153,473,295,160,112,5,436
VL-1139,2024-05,16,23,109,484,153,144,117,5,419
VL-1139,2024-06,15,22,74,318,147,141,221,0,482
VL-1139,2024-07,15,25,120,465,144,85,160,1,515
VL-1139,2024-08,15,27,75,452,102,119,203,1,481
VL-1139,2024-09,22,30,133,397,181,228,134,4,431
VL-1139,2024-10,17,28,50,320,67,129,90,0,433
VL-1139,2024-11,22,27,149,494,263,168,188,2,509
VL-1139,2024-12,12,19,108,323,158,146,113,2,477
VL-1139,2025-01,17,23,92,512,150,156,159,5,393
VL-1139,2025-02,17,32,89,378,139,201,212,6,537
VL-1139,2025-03,20,31,69,389,83,245,233,2,449
VL-1139,2025-04,22,38,155,648,195,216,262,2,497
VL-1139,2025-05,16,27,78,344,148,190,207,3,460
VL-1139,2025-06,22,29,155,573,272,125,298,1,403
VL-1139,2025-07,18,29,93,381,135,123,181,1,518
VL-1139,2025-08,18,26,128,433,243,153,209,7,524
VL-1139,2025-09,14,18,54,357,86,125,207,6,463
VL-1139,2025-10,22,36,195,683,305,254,128,8,476
VL-1139,2025-11,19,23,147,434,244,140,158,7,619
VL-1139,2025-12,11,15,53,318,75,124,155,2,486
VL-1139,2026-01,16,19,105,441,179,172,95,7,520
VL-1139,2026-02,18,27,142,449,241,139,107,5,421
VL-1139,2026-03,21,35,135,528,264,235,303,6,1326
VL-1139,2026-04,17,32,107,379,177,173,119,1,461
VL-1139,2026-05,22,39,163,699,236,276,326,10,560
VL-1139,2026-06,22,41,116,439,194,186,286,7,479
VL-1139,2026-07,17,27,103,455,140,191,170,1,481
VL-1139,2026-08,18,23,108,512,172,119,149,2,502
VL-1140,2024-03,13,22,55,299,69,80,70,3,499
VL-1140,2024-04,22,38,129,495,163,129,192,7,477
VL-1140,2024-05,18,34,64,386,110,144,156,4,518
VL-1140,2024-06,10,12,67,227,120,59,103,1,508
VL-1140,2024-07,16,27,142,447,206,167,181,4,488
VL-1140,2024-08,9,12,48,270,83,80,79,4,498
VL-1140,2024-09,12,21,84,383,128,89,80,1,501
VL-1140,2024-10,17,23,98,423,161,197,126,2,458
VL-1140,2024-11,17,31,160,524,277,117,182,0,531
VL-1140,2024-12,15,23,92,324,151,119,170,1,450
VL-1140,2025-01,17,27,119,448,153,139,147,4,482
VL-1140,2025-02,19,32,168,506,239,183,213,0,512
VL-1140,2025-03,21,25,99,482,166,199,274,1,468
VL-1140,2025-04,15,27,122,405,224,185,101,1,447
VL-1140,2025-05,18,35,76,331,150,149,156,4,352
VL-1140,2025-06,18,32,158,477,291,207,263,3,446
VL-1140,2025-07,15,24,125,384,203,184,184,5,397
VL-1140,2025-08,13,24,47,253,89,119,181,2,504
VL-1140,2025-09,22,36,172,510,303,273,161,9,534
VL-1140,2025-10,11,17,37,216,57,105,110,2,438
VL-1140,2025-11,17,24,67,326,121,211,195,0,647
VL-1140,2025-12,16,24,112,440,152,158,153,6,501
VL-1140,2026-01,15,22,95,282,169,108,143,5,529
VL-1140,2026-02,22,27,185,597,329,214,232,9,514
VL-1140,2026-03,22,40,132,437,255,201,201,1,1419
VL-1140,2026-04,17,25,86,383,118,106,165,3,426
VL-1140,2026-05,18,33,90,382,171,213,251,5,443
VL-1140,2026-06,22,42,129,681,174,175,250,2,514
VL-1140,2026-07,20,29,92,415,175,136,181,1,415
VL-1140,2026-08,16,29,145,452,212,177,224,6,493
VL-1141,2024-03,2,2,8,45,14,14,18,0,544
VL-1141,2024-04,3,3,17,69,33,23,33,0,500
VL-1141,2024-05,3,4,19,59,26,25,25,1,506
VL-1141,2024-06,4,6,23,112,40,35,44,0,509
VL-1141,2024-07,4,6,31,95,40,29,26,1,487
VL-1141,2024-08,3,4,27,91,39,37,15,0,491
VL-1141,2024-09,4,7,19,84,32,28,21,1,513
VL-1141,2024-10,4,4,17,106,26,22,24,1,511
VL-1141,2024-11,3,4,12,74,14,21,32,0,450
VL-1141,2024-12,2,2,18,63,30,12,10,0,463
VL-1141,2025-01,4,7,13,89,25,33,46,1,477
VL-1141,2025-02,2,2,12,47,18,18,23,0,552
VL-1141,2025-03,3,4,17,63,32,16,33,1,464
VL-1141,2025-04,3,5,18,54,30,21,16,0,494
VL-1141,2025-05,2,3,12,59,22,17,14,0,528
VL-1141,2025-06,4,5,41,121,51,23,50,1,524
VL-1141,2025-07,3,5,22,91,30,28,25,1,488
VL-1141,2025-08,1,1,4,22,6,7,13,0,498
VL-1141,2025-09,2,3,14,64,25,11,17,0,446
VL-1141,2025-10,3,3,19,89,25,21,22,0,516
VL-1141,2025-11,3,4,14,62,17,34,27,0,633
VL-1141,2025-12,2,3,10,45,16,21,19,0,459
VL-1141,2026-01,3,4,21,67,28,22,33,0,542
VL-1141,2026-02,2,2,14,58,24,14,26,0,476
VL-1141,2026-03,3,3,23,96,41,34,41,0,1348
VL-1141,2026-04,3,4,9,59,14,27,28,1,440
VL-1141,2026-05,2,2,11,46,15,11,21,0,475
VL-1141,2026-06,3,3,16,72,30,20,43,0,519
VL-1141,2026-07,4,5,36,117,64,26,40,1,480
VL-1141,2026-08,2,3,5,35,9,23,27,0,431
VL-1142,2024-03,21,29,134,571,164,168,188,3,465
VL-1142,2024-04,20,37,93,599,126,142,173,7,418
VL-1142,2024-05,19,23,80,364,158,104,138,3,474
VL-1142,2024-06,18,31,125,573,248,156,214,6,459
VL-1142,2024-07,15,18,58,386,94,94,113,4,373
VL-1142,2024-08,21,40,138,610,266,211,266,3,483
VL-1142,2024-09,19,30,154,585,276,197,169,8,551
VL-1142,2024-10,22,39,117,485,215,209,142,9,458
VL-1142,2024-11,19,33,68,345,127,133,225,6,465
VL-1142,2024-12,8,12,84,244,150,50,105,0,408
VL-1142,2025-01,21,27,93,574,153,164,301,0,451
VL-1142,2025-02,15,24,93,403,135,148,102,3,408
VL-1142,2025-03,22,42,119,461,162,186,195,6,489
VL-1142,2025-04,13,25,66,282,114,107,75,1,420
VL-1142,2025-05,21,25,117,510,190,118,235,1,512
VL-1142,2025-06,14,24,120,380,199,114,177,2,387
VL-1142,2025-07,20,30,106,394,182,217,142,9,477
VL-1142,2025-08,17,33,56,355,102,132,86,7,488
VL-1142,2025-09,18,32,99,355,188,200,164,6,559
VL-1142,2025-10,22,33,157,600,267,227,247,7,483
VL-1142,2025-11,13,20,65,246,80,117,194,2,559
VL-1142,2025-12,13,20,85,259,104,129,141,5,434
VL-1142,2026-01,13,17,62,227,96,84,162,3,389
VL-1142,2026-02,20,26,194,576,327,132,125,2,504
VL-1142,2026-03,19,33,72,385,121,214,218,2,1440
VL-1142,2026-04,20,26,92,576,165,188,237,2,492
VL-1142,2026-05,22,30,142,430,209,224,230,0,441
VL-1142,2026-06,18,21,78,324,97,218,226,1,427
VL-1142,2026-07,20,26,133,467,258,216,262,8,473
VL-1142,2026-08,15,26,89,316,123,96,142,4,481
VL-1143,2025-07,14,19,70,270,127,90,93,1,458
VL-1143,2025-08,11,16,70,218,136,133,125,2,516
VL-1143,2025-09,11,14,49,197,91,114,112,2,502
VL-1143,2025-10,8,12,78,247,129,88,73,3,513
VL-1143,2025-11,9,11,66,226,114,60,82,0,713
VL-1143,2025-12,9,12,63,280,111,67,105,0,506
VL-1143,2026-01,12,15,71,289,123,105,157,5,431
VL-1143,2026-02,14,22,110,411,141,158,204,6,443
VL-1143,2026-03,13,20,61,283,118,129,190,2,1395
VL-1143,2026-04,12,17,102,374,133,92,99,4,579
VL-1143,2026-05,14,18,74,269,134,127,109,3,422
VL-1143,2026-06,12,16,91,359,158,77,118,2,499
VL-1143,2026-07,13,23,90,293,138,153,178,5,381
VL-1143,2026-08,12,17,60,262,87,112,141,3,463
VL-1144,2024-03,22,34,150,708,183,235,120,0,455
VL-1144,2024-04,19,26,136,408,256,108,159,1,449
VL-1144,2024-05,17,24,120,540,178,131,241,2,466
VL-1144,2024-06,18,22,136,404,168,156,165,0,492
VL-1144,2024-07,22,42,167,568,294,269,317,4,474
VL-1144,2024-08,13,17,87,257,153,131,68,5,449
VL-1144,2024-09,20,31,91,467,178,168,106,1,474
VL-1144,2024-10,17,29,102,530,130,193,143,5,435
VL-1144,2024-11,16,26,59,371,99,122,175,6,376
VL-1144,2024-12,13,20,61,279,116,161,164,5,513
VL-1144,2025-01,22,42,138,577,271,133,140,5,543
VL-1144,2025-02,21,30,78,421,142,145,231,3,434
VL-1144,2025-03,22,37,121,514,164,259,196,2,499
VL-1144,2025-04,22,30,157,643,260,230,304,7,483
VL-1144,2025-05,22,40,88,522,109,237,185,2,539
VL-1144,2025-06,21,32,174,603,261,214,284,3,485
VL-1144,2025-07,20,37,182,535,330,139,108,6,538
VL-1144,2025-08,22,38,108,557,141,157,192,5,445
VL-1144,2025-09,16,25,73,397,145,135,93,0,401
VL-1144,2025-10,22,28,112,469,203,239,197,2,422
VL-1144,2025-11,22,32,103,534,145,245,207,8,599
VL-1144,2025-12,15,24,50,316,89,159,204,6,455
VL-1144,2026-01,22,40,101,415,141,215,116,8,435
VL-1144,2026-02,22,28,107,686,143,231,267,5,555
VL-1144,2026-03,15,29,58,338,89,129,155,1,1391
VL-1144,2026-04,18,29,129,428,198,104,187,4,463
VL-1144,2026-05,20,39,97,481,140,170,266,5,438
VL-1144,2026-06,22,29,130,672,197,154,279,5,544
VL-1144,2026-07,22,38,102,517,182,181,308,2,468
VL-1144,2026-08,16,27,115,333,169,125,209,6,509
VL-1145,2024-03,22,27,118,678,184,261,139,8,571
VL-1145,2024-04,20,32,194,563,300,247,121,2,510
VL-1145,2024-05,19,29,126,519,204,137,207,7,441
VL-1145,2024-06,20,25,71,425,100,235,150,0,489
VL-1145,2024-07,20,37,102,426,203,217,256,8,548
VL-1145,2024-08,21,36,149,663,208,195,279,1,519
VL-1145,2024-09,22,26,168,623,215,235,130,2,481
VL-1145,2024-10,15,20,88,369,149,185,176,2,491
VL-1145,2024-11,16,22,67,425,126,94,215,0,490
VL-1145,2024-12,20,26,192,555,273,146,279,1,461
VL-1145,2025-01,7,11,42,225,66,42,91,0,521
VL-1145,2025-02,19,29,118,425,169,236,140,5,500
VL-1145,2025-03,16,24,113,480,194,93,132,7,480
VL-1145,2025-04,21,32,233,677,443,194,216,5,463
VL-1145,2025-05,22,28,79,465,120,236,325,2,517
VL-1145,2025-06,22,39,74,455,93,242,305,6,456
VL-1145,2025-07,14,26,96,294,178,125,174,6,504
VL-1145,2025-08,13,20,111,412,214,163,81,5,475
VL-1145,2025-09,18,28,120,549,178,147,241,5,502
VL-1145,2025-10,13,17,76,294,141,77,172,5,398
VL-1145,2025-11,22,41,113,514,155,120,265,8,598
VL-1145,2025-12,12,17,77,347,126,134,71,3,400
VL-1145,2026-01,22,43,95,474,182,146,205,1,509
VL-1145,2026-02,17,29,67,325,133,207,119,7,488
VL-1145,2026-03,21,25,172,500,241,244,176,6,1425
VL-1145,2026-04,22,30,102,652,185,144,195,7,469
VL-1145,2026-05,22,27,166,629,217,194,212,5,549
VL-1145,2026-06,12,21,75,269,113,113,98,2,429
VL-1145,2026-07,16,25,72,477,123,134,105,5,535
VL-1145,2026-08,22,41,214,689,388,225,191,0,476
VL-1146,2025-01,13,20,84,305,135,133,120,6,389
VL-1146,2025-02,15,21,119,362,168,159,121,4,458
VL-1146,2025-03,14,27,73,333,100,141,185,1,452
VL-1146,2025-04,11,19,99,314,123,67,80,0,427
VL-1146,2025-05,9,17,53,255,87,60,96,2,457
VL-1146,2025-06,11,20,43,253,59,98,151,1,502
VL-1146,2025-07,10,18,76,238,119,81,104,4,434
VL-1146,2025-08,11,20,76,350,115,85,161,2,519
VL-1146,2025-09,10,13,47,234,65,59,81,4,483
VL-1146,2025-10,10,16,53,259,98,111,93,0,434
VL-1146,2025-11,9,14,50,270,74,102,123,2,674
VL-1146,2025-12,10,18,83,312,165,92,57,4,413
VL-1146,2026-01,11,19,51,292,83,118,130,1,438
VL-1146,2026-02,15,18,65,375,122,109,210,0,424
VL-1146,2026-03,13,19,114,403,179,75,132,2,1401
VL-1146,2026-04,10,12,65,302,102,103,86,0,438
VL-1146,2026-05,14,20,74,447,121,96,128,0,551
VL-1146,2026-06,14,23,115,330,182,124,118,6,464
VL-1146,2026-07,14,20,105,305,166,101,144,4,572
VL-1146,2026-08,7,12,27,178,34,48,43,2,456
VL-1147,2024-03,16,30,145,467,196,157,109,0,449
VL-1147,2024-04,22,37,89,403,113,169,306,4,486
VL-1147,2024-05,16,20,91,495,127,119,138,1,480
VL-1147,2024-06,13,20,75,393,111,158,154,2,474
VL-1147,2024-07,19,31,125,379,193,230,215,8,450
VL-1147,2024-08,22,40,90,466,158,168,218,7,453
VL-1147,2024-09,22,31,98,499,130,122,292,2,450
VL-1147,2024-10,14,23,120,438,208,118,205,1,488
VL-1147,2024-11,17,21,84,348,155,188,217,6,422
VL-1147,2024-12,16,22,112,402,192,133,134,1,440
VL-1147,2025-01,17,27,154,537,234,101,98,4,504
VL-1147,2025-02,20,30,112,465,212,108,298,2,445
VL-1147,2025-03,15,26,98,472,153,106,163,1,509
VL-1147,2025-04,22,43,91,427,157,127,136,9,435
VL-1147,2025-05,19,36,124,408,163,139,184,6,487
VL-1147,2025-06,14,18,130,440,207,128,174,5,493
VL-1147,2025-07,21,40,157,626,265,113,185,4,404
VL-1147,2025-08,13,17,95,400,181,141,109,4,445
VL-1147,2025-09,12,15,76,313,140,150,126,2,576
VL-1147,2025-10,20,38,165,590,231,149,233,7,463
VL-1147,2025-11,18,32,86,424,142,172,121,5,628
VL-1147,2025-12,5,9,24,130,40,51,67,1,461
VL-1147,2026-01,17,29,80,335,158,133,199,4,520
VL-1147,2026-02,22,30,133,387,179,270,279,5,546
VL-1147,2026-03,17,29,117,537,206,143,215,4,1340
VL-1147,2026-04,19,27,179,522,325,199,261,2,519
VL-1147,2026-05,17,24,123,388,177,138,86,3,403
VL-1147,2026-06,17,31,175,542,336,134,212,5,493
VL-1147,2026-07,9,14,75,273,144,94,129,4,434
VL-1147,2026-08,20,36,94,427,140,225,131,6,488
VL-1148,2024-03,22,33,97,632,147,177,271,6,449
VL-1148,2024-04,10,13,97,294,132,70,120,1,467
VL-1148,2024-05,10,12,52,200,103,110,53,1,509
VL-1148,2024-06,22,43,113,630,166,237,192,10,525
VL-1148,2024-07,22,40,78,480,97,146,287,3,564
VL-1148,2024-08,19,28,86,450,158,171,250,2,472
VL-1148,2024-09,17,29,121,484,227,172,146,1,421
VL-1148,2024-10,15,29,123,483,207,123,93,1,481
VL-1148,2024-11,22,36,215,638,308,210,313,3,356
VL-1148,2024-12,18,22,136,399,238,157,132,1,492
VL-1148,2025-01,21,35,132,460,204,236,201,7,484
VL-1148,2025-02,21,41,170,526,250,263,279,5,420
VL-1148,2025-03,12,22,64,249,84,89,157,1,555
VL-1148,2025-04,16,21,60,299,87,194,124,2,465
VL-1148,2025-05,22,27,147,704,182,257,270,9,464
VL-1148,2025-06,22,43,68,401,119,255,318,2,493
VL-1148,2025-07,5,8,30,148,58,47,33,1,489
VL-1148,2025-08,17,28,139,486,240,182,188,7,468
VL-1148,2025-09,11,21,73,223,128,119,101,4,535
VL-1148,2025-10,22,31,181,705,261,124,143,3,486
VL-1148,2025-11,22,28,81,460,105,223,220,2,619
VL-1148,2025-12,14,19,79,414,128,147,166,4,505
VL-1148,2026-01,18,32,84,502,119,141,196,8,485
VL-1148,2026-02,6,11,46,156,78,52,45,1,453
VL-1148,2026-03,20,34,129,609,222,190,273,8,1407
VL-1148,2026-04,22,38,123,516,237,252,128,6,437
VL-1148,2026-05,16,21,58,315,86,121,111,3,539
VL-1148,2026-06,18,27,107,336,137,200,182,2,519
VL-1148,2026-07,22,35,144,567,231,125,206,8,494
VL-1148,2026-08,14,23,125,382,175,91,78,1,486
VL-1149,2024-03,22,43,169,675,258,138,262,8,474
VL-1149,2024-04,14,23,100,341,179,133,172,4,419
VL-1149,2024-05,20,27,115,450,142,123,213,1,497
VL-1149,2024-06,13,16,67,337,101,155,113,4,450
VL-1149,2024-07,22,33,119,388,194,178,328,0,432
VL-1149,2024-08,12,21,121,365,195,93,83,2,523
VL-1149,2024-09,22,39,88,497,133,187,164,2,497
VL-1149,2024-10,22,37,119,687,200,219,270,6,529
VL-1149,2024-11,18,25,100,499,186,211,258,4,454
VL-1149,2024-12,21,36,106,636,169,213,161,5,488
VL-1149,2025-01,22,30,120,558,169,271,209,1,474
VL-1149,2025-02,14,26,107,437,189,159,150,0,436
VL-1149,2025-03,13,19,48,273,78,157,183,3,496
VL-1149,2025-04,11,18,47,283,63,129,57,0,486
VL-1149,2025-05,17,24,155,452,249,192,137,4,492
VL-1149,2025-06,22,40,119,602,206,159,169,4,499
VL-1149,2025-07,22,37,92,493,133,152,276,1,470
VL-1149,2025-08,19,27,106,532,171,119,141,4,486
VL-1149,2025-09,22,33,120,485,189,213,184,8,452
VL-1149,2025-10,9,13,67,272,99,84,62,0,454
VL-1149,2025-11,22,26,66,400,103,140,232,8,571
VL-1149,2025-12,14,18,60,296,101,103,139,5,558
VL-1149,2026-01,22,27,243,706,304,140,252,0,531
VL-1149,2026-02,20,26,108,507,204,159,188,2,485
VL-1149,2026-03,22,37,180,575,357,157,285,9,1367
VL-1149,2026-04,12,17,66,264,101,145,111,0,443
VL-1149,2026-05,17,28,146,522,243,123,172,3,505
VL-1149,2026-06,8,14,36,172,49,70,112,0,529
VL-1149,2026-07,20,35,120,480,170,121,237,6,440
VL-1149,2026-08,15,25,73,305,114,117,190,1,459
VL-1179,2024-03,18,24,106,325,143,166,107,6,435
VL-1179,2024-04,22,31,190,551,319,214,270,0,512
VL-1179,2024-05,19,36,61,381,83,133,260,1,472
VL-1179,2024-06,13,24,64,420,110,143,123,0,467
VL-1179,2024-07,18,25,72,338,98,211,199,7,526
VL-1179,2024-08,15,25,58,286,104,114,86,1,434
VL-1179,2024-09,21,34,146,650,278,246,172,0,527
VL-1179,2024-10,20,29,178,614,285,204,258,1,461
VL-1179,2024-11,18,35,155,468,223,166,133,0,513
VL-1179,2024-12,15,26,101,410,167,154,192,2,494
VL-1179,2025-01,17,25,63,367,82,174,124,5,489
VL-1179,2025-02,22,34,89,451,177,218,153,7,391
VL-1179,2025-03,17,27,186,537,325,185,120,6,494
VL-1179,2025-04,17,23,78,456,151,112,100,3,454
VL-1179,2025-05,22,38,235,706,356,199,131,10,428
VL-1179,2025-06,22,41,133,643,215,275,272,8,426
VL-1179,2025-07,20,33,184,640,314,139,145,8,612
VL-1179,2025-08,21,26,80,382,129,198,304,2,427
VL-1179,2025-09,16,21,140,439,186,155,158,3,497
VL-1179,2025-10,17,23,169,552,256,121,207,1,523
VL-1179,2025-11,22,42,85,553,165,263,176,6,596
VL-1179,2025-12,14,26,80,267,100,121,78,3,495
VL-1179,2026-01,15,29,53,345,100,115,202,3,487
VL-1179,2026-02,18,34,123,550,183,186,260,4,431
VL-1179,2026-03,14,19,62,343,87,128,156,1,1454
VL-1179,2026-04,19,36,155,504,196,135,223,0,433
VL-1179,2026-05,22,39,93,453,112,236,280,4,450
VL-1179,2026-06,22,29,135,451,198,213,270,1,445
VL-1179,2026-07,22,35,92,444,177,162,205,3,483
VL-1179,2026-08,14,18,78,340,144,122,157,0,425
VL-1180,2025-01,12,20,56,345,104,95,109,5,466
VL-1180,2025-02,8,10,60,205,118,70,56,1,493
VL-1180,2025-03,16,23,78,364,144,111,92,1,415
VL-1180,2025-04,9,15,52,159,90,93,61,3,489
VL-1180,2025-05,16,28,146,510,227,115,238,0,499
VL-1180,2025-06,10,19,46,180,69,70,62,3,459
VL-1180,2025-07,9,10,29,178,45,87,80,1,512
VL-1180,2025-08,14,23,79,325,109,95,107,3,449
VL-1180,2025-09,15,26,130,391,217,83,167,6,465
VL-1180,2025-10,9,17,50,250,69,85,67,2,491
VL-1180,2025-11,12,16,56,346,69,128,99,3,609
VL-1180,2025-12,7,10,21,125,39,39,50,1,512
VL-1180,2026-01,14,22,79,342,126,162,189,3,548
VL-1180,2026-02,9,15,34,211,48,76,64,2,500
VL-1180,2026-03,12,22,63,305,108,115,102,1,1421
VL-1180,2026-04,13,24,46,256,57,94,153,5,493
VL-1180,2026-05,16,31,83,439,101,184,190,0,469
VL-1180,2026-06,8,14,47,225,86,45,82,3,465
VL-1180,2026-07,13,17,96,302,162,143,93,3,482
VL-1180,2026-08,11,15,94,348,185,135,56,0,491
VL-1181,2024-03,9,16,51,202,63,106,97,2,453
VL-1181,2024-04,15,25,105,387,188,128,118,4,439
VL-1181,2024-05,13,15,71,413,97,152,103,3,514
VL-1181,2024-06,16,31,135,414,235,177,145,1,560
VL-1181,2024-07,19,23,144,575,188,151,189,1,513
VL-1181,2024-08,19,34,79,378,130,170,122,2,442
VL-1181,2024-09,15,19,88,334,118,182,115,0,545
VL-1181,2024-10,14,18,78,388,123,173,151,0,358
VL-1181,2024-11,17,21,82,369,138,183,119,8,431
VL-1181,2024-12,19,28,163,516,232,169,170,0,465
VL-1181,2025-01,21,26,105,483,187,117,314,8,412
VL-1181,2025-02,21,35,88,518,143,135,170,2,512
VL-1181,2025-03,22,35,102,553,170,135,207,9,450
VL-1181,2025-04,22,42,135,516,248,151,248,1,438
VL-1181,2025-05,21,41,165,607,303,218,137,2,396
VL-1181,2025-06,22,30,103,598,161,248,277,3,515
VL-1181,2025-07,20,28,153,645,268,145,154,3,470
VL-1181,2025-08,16,23,79,491,127,185,182,1,487
VL-1181,2025-09,20,26,116,371,176,123,232,2,532
VL-1181,2025-10,22,38,124,452,198,163,178,1,434
VL-1181,2025-11,17,29,99,463,168,176,144,0,726
VL-1181,2025-12,15,25,139,465,206,93,157,7,440
VL-1181,2026-01,22,27,229,704,401,273,323,2,460
VL-1181,2026-02,19,30,98,457,177,113,282,1,481
VL-1181,2026-03,22,34,90,455,111,130,261,10,1352
VL-1181,2026-04,17,29,175,546,224,209,228,2,451
VL-1181,2026-05,22,36,102,581,143,261,292,3,494
VL-1181,2026-06,18,28,139,582,266,114,206,3,462
VL-1181,2026-07,12,21,72,285,110,141,121,1,394
VL-1181,2026-08,16,28,48,291,93,156,232,1,403
VL-1182,2026-04,12,15,60,342,92,93,118,1,442
VL-1182,2026-05,8,9,67,192,121,90,63,3,450
VL-1182,2026-06,12,19,85,311,143,70,169,5,515
VL-1182,2026-07,16,19,94,326,151,101,139,5,509
VL-1182,2026-08,9,11,69,265,128,103,63,0,429
VL-1183,2024-03,20,37,125,449,168,210,295,0,475
VL-1183,2024-04,19,29,117,352,183,142,128,0,480
VL-1183,2024-05,15,24,70,306,129,130,119,3,539
VL-1183,2024-06,20,26,170,580,317,116,269,0,517
VL-1183,2024-07,21,26,68,386,108,162,185,3,559
VL-1183,2024-08,14,17,72,375,93,138,98,3,476
VL-1183,2024-09,22,29,176,591,304,232,312,4,463
VL-1183,2024-10,18,29,77,459,112,193,198,7,466
VL-1183,2024-11,20,27,107,403,198,136,186,8,443
VL-1183,2024-12,11,15,53,283,105,136,104,1,548
VL-1183,2025-01,22,30,138,411,251,206,126,5,498
VL-1183,2025-02,22,41,110,713,174,191,284,5,449
VL-1183,2025-03,14,22,71,379,132,146,172,5,383
VL-1183,2025-04,22,30,122,414,234,128,322,10,484
VL-1183,2025-05,22,31,171,650,213,252,289,0,468
VL-1183,2025-06,14,16,107,425,171,123,117,5,495
VL-1183,2025-07,22,35,70,423,126,172,302,5,469
VL-1183,2025-08,18,33,75,359,139,219,268,4,490
VL-1183,2025-09,22,29,155,561,225,210,321,0,583
VL-1183,2025-10,14,20,84,408,147,90,153,2,462
VL-1183,2025-11,22,27,224,704,428,226,302,6,518
VL-1183,2025-12,12,16,71,255,94,100,177,0,445
VL-1183,2026-01,20,37,107,455,174,199,273,1,474
VL-1183,2026-02,22,26,132,642,248,127,315,5,421
VL-1183,2026-03,14,21,75,376,133,81,136,1,1407
VL-1183,2026-04,22,38,125,691,150,148,122,5,449
VL-1183,2026-05,20,35,152,586,239,185,266,0,484
VL-1183,2026-06,9,13,46,287,56,109,46,1,485
VL-1183,2026-07,20,38,133,430,225,220,236,4,483
VL-1183,2026-08,18,25,69,396,126,220,187,6,486
VL-1184,2024-03,17,27,82,418,136,116,102,6,437
VL-1184,2024-04,22,33,193,582,310,261,227,1,494
VL-1184,2024-05,18,35,144,490,246,212,209,5,520
VL-1184,2024-06,14,20,41,252,81,101,131,6,524
VL-1184,2024-07,22,33,149,618,284,206,222,2,528
VL-1184,2024-08,15,28,72,278,97,156,97,0,525
VL-1184,2024-09,20,34,97,572,117,134,250,4,490
VL-1184,2024-10,22,27,89,582,110,186,181,8,513
VL-1184,2024-11,22,42,231,687,380,195,323,6,430
VL-1184,2024-12,13,19,107,354,193,114,104,5,458
VL-1184,2025-01,12,18,63,274,107,100,179,1,521
VL-1184,2025-02,22,37,103,638,150,235,169,8,590
VL-1184,2025-03,16,24,135,483,224,116,239,7,510
VL-1184,2025-04,21,40,142,409,199,170,297,7,421
VL-1184,2025-05,19,36,61,366,100,117,114,2,478
VL-1184,2025-06,15,21,77,380,133,167,98,5,496
VL-1184,2025-07,5,9,35,117,52,35,56,0,469
VL-1184,2025-08,9,15,25,158,33,103,71,0,548
VL-1184,2025-09,22,29,172,593,240,267,138,2,456
VL-1184,2025-10,18,25,103,583,185,185,98,6,512
VL-1184,2025-11,22,33,196,590,301,245,292,6,640
VL-1184,2025-12,10,14,81,321,149,118,107,0,489
VL-1184,2026-01,22,42,102,428,131,135,310,3,580
VL-1184,2026-02,17,30,101,409,155,190,170,0,466
VL-1184,2026-03,16,28,118,351,144,163,110,2,1411
VL-1184,2026-04,21,35,99,398,174,178,144,5,536
VL-1184,2026-05,22,32,168,700,221,210,271,0,563
VL-1184,2026-06,8,10,75,247,115,77,42,1,410
VL-1184,2026-07,22,38,133,679,187,222,254,8,495
VL-1184,2026-08,17,25,62,339,123,199,235,1,461
VL-1219,2024-03,20,29,39,341,62,161,160,2,481
VL-1219,2024-04,18,22,49,313,75,71,338,6,474
VL-1219,2024-05,22,36,37,482,56,162,224,7,489
VL-1219,2024-06,12,23,43,276,64,72,226,4,509
VL-1219,2024-07,16,27,28,306,38,105,308,3,449
VL-1219,2024-08,18,34,35,408,43,86,247,2,485
VL-1219,2024-09,12,22,25,216,39,99,205,4,441
VL-1219,2024-10,17,29,37,239,55,113,318,2,376
VL-1219,2024-11,12,23,27,269,50,45,178,2,400
VL-1219,2024-12,12,17,27,271,45,99,153,2,492
VL-1219,2025-01,8,10,24,149,34,58,114,0,525
VL-1219,2025-02,22,35,37,370,47,133,191,7,563
VL-1219,2025-03,17,29,24,323,33,113,343,0,526
VL-1219,2025-04,18,23,43,361,74,73,221,0,451
VL-1219,2025-05,15,21,43,288,60,90,205,5,462
VL-1219,2025-06,9,16,16,144,25,66,69,1,473
VL-1219,2025-07,22,37,48,395,62,95,445,2,445
VL-1219,2025-08,16,31,34,291,53,110,291,1,463
VL-1219,2025-09,16,20,33,289,62,100,181,5,465
VL-1219,2025-10,13,20,31,220,53,57,222,2,517
VL-1219,2025-11,22,38,27,362,46,119,269,4,618
VL-1219,2025-12,14,21,21,200,30,87,180,4,521
VL-1219,2026-01,22,32,34,349,46,128,438,1,513
VL-1219,2026-02,13,15,14,166,24,47,141,3,452
VL-1219,2026-03,17,31,54,322,72,122,183,3,1395
VL-1219,2026-04,14,25,30,248,37,86,170,4,574
VL-1219,2026-05,12,23,20,208,33,90,223,0,431
VL-1219,2026-06,10,12,22,137,37,49,189,1,502
VL-1219,2026-07,15,21,54,334,72,95,225,4,501
VL-1219,2026-08,14,21,19,190,37,108,230,0,435
VL-1227,2024-03,6,9,17,112,33,27,112,0,507
VL-1227,2024-04,16,28,52,350,89,115,190,4,499
VL-1227,2024-05,21,30,31,326,59,84,354,7,484
VL-1227,2024-06,19,25,62,393,102,134,146,6,405
VL-1227,2024-07,14,24,34,232,67,85,252,0,440
VL-1227,2024-08,13,20,32,209,51,83,166,3,565
VL-1227,2024-09,13,24,18,228,32,70,230,2,386
VL-1227,2024-10,14,24,41,272,68,87,201,1,446
VL-1227,2024-11,19,27,64,430,126,85,176,4,461
VL-1227,2024-12,10,19,26,231,31,81,107,3,481
VL-1227,2025-01,20,29,50,345,63,154,396,5,493
VL-1227,2025-02,17,32,57,371,91,138,280,2,499
VL-1227,2025-03,21,39,57,408,72,103,177,0,472
VL-1227,2025-04,16,29,45,364,88,111,311,4,502
VL-1227,2025-05,17,24,45,357,71,75,305,3,540
VL-1227,2025-06,13,25,35,240,68,95,129,0,550
VL-1227,2025-07,21,28,43,280,54,92,432,1,559
VL-1227,2025-08,15,20,38,267,65,116,287,5,502
VL-1227,2025-09,15,22,28,255,38,65,272,3,461
VL-1227,2025-10,21,28,32,392,44,155,389,2,538
VL-1227,2025-11,21,41,58,383,115,120,152,7,588
VL-1227,2025-12,10,16,23,174,43,51,73,1,443
VL-1227,2026-01,16,24,24,247,29,125,218,5,524
VL-1227,2026-02,20,39,63,432,120,138,312,4,391
VL-1227,2026-03,18,29,38,303,54,147,367,1,1350
VL-1227,2026-04,15,20,28,325,50,72,278,4,409
VL-1227,2026-05,22,34,50,426,69,143,413,6,462
VL-1227,2026-06,15,27,34,350,63,70,183,1,526
VL-1227,2026-07,14,27,22,193,34,86,108,2,448
VL-1227,2026-08,10,12,26,160,46,47,192,0,488
VL-1228,2024-03,22,27,33,419,45,181,208,8,431
VL-1228,2024-04,12,16,15,191,29,84,144,0,544
VL-1228,2024-05,13,25,30,290,45,79,216,2,458
VL-1228,2024-06,13,18,27,253,36,50,218,2,478
VL-1228,2024-07,17,26,25,221,35,96,283,1,478
VL-1228,2024-08,15,26,15,193,26,84,166,2,446
VL-1228,2024-09,12,22,26,257,48,61,184,1,452
VL-1228,2024-10,21,40,29,273,41,114,419,4,501
VL-1228,2024-11,12,15,24,184,32,69,201,4,516
VL-1228,2024-12,12,19,25,152,32,83,108,4,548
VL-1228,2025-01,11,16,16,171,24,53,87,3,453
VL-1228,2025-02,17,30,22,305,38,133,209,0,488
VL-1228,2025-03,22,27,66,430,94,181,345,1,464
VL-1228,2025-04,4,5,6,88,8,15,60,1,463
VL-1228,2025-05,15,28,48,328,85,72,124,1,430
VL-1228,2025-06,11,21,20,242,30,50,215,1,500
VL-1228,2025-07,18,34,39,341,70,65,235,6,414
VL-1228,2025-08,17,20,28,265,53,97,132,1,464
VL-1228,2025-09,8,10,23,159,37,49,166,1,409
VL-1228,2025-10,16,30,32,264,43,76,287,5,410
VL-1228,2025-11,10,17,21,134,32,37,118,2,637
VL-1228,2025-12,16,20,51,353,90,106,314,1,497
VL-1228,2026-01,12,15,17,222,25,69,129,2,490
VL-1228,2026-02,18,33,47,396,66,147,147,1,504
VL-1228,2026-03,13,19,29,217,42,93,167,3,1379
VL-1228,2026-04,19,24,39,344,48,109,388,4,503
VL-1228,2026-05,18,35,46,418,60,147,324,6,501
VL-1228,2026-06,11,13,20,156,29,72,102,3,500
VL-1228,2026-07,17,26,44,268,82,128,152,0,443
VL-1228,2026-08,13,18,38,235,52,72,256,3,444
VL-1004,2024-03,9,11,23,133,37,53,48,4,538
VL-1004,2024-04,11,20,11,115,19,36,67,1,464
VL-1004,2024-05,8,14,14,85,18,30,34,5,538
VL-1004,2024-06,8,10,11,112,21,40,68,3,515
VL-1004,2024-07,6,11,10,67,16,37,20,0,527
VL-1004,2024-08,7,10,13,67,16,48,34,4,479
VL-1004,2024-09,12,20,33,182,50,63,99,5,455
VL-1004,2024-10,8,13,8,85,10,32,37,5,533
VL-1004,2024-11,12,23,24,180,41,81,72,8,416
VL-1004,2024-12,6,9,9,57,12,39,20,2,430
VL-1004,2025-01,7,12,10,68,16,44,42,3,523
VL-1004,2025-02,10,19,9,90,11,68,44,5,524
VL-1004,2025-03,10,14,16,137,19,45,80,0,444
VL-1004,2025-04,8,13,9,79,12,38,47,0,451
VL-1004,2025-05,9,15,14,129,23,33,47,3,423
VL-1004,2025-06,13,21,22,197,38,81,39,6,466
VL-1004,2025-07,12,22,18,168,33,81,104,7,475
VL-1004,2025-08,8,10,7,69,10,35,44,4,459
VL-1004,2025-09,10,19,26,130,42,52,55,5,479
VL-1004,2025-10,10,12,11,97,19,46,52,4,397
VL-1004,2025-11,6,11,8,65,15,29,46,0,570
VL-1004,2025-12,6,8,12,85,23,30,32,4,417
VL-1004,2026-01,11,16,15,167,18,34,80,6,478
VL-1004,2026-02,7,12,8,88,11,27,44,0,475
VL-1004,2026-03,8,10,13,88,18,30,25,4,1412
VL-1004,2026-04,10,12,21,110,25,30,84,3,458
VL-1004,2026-05,12,17,24,157,47,71,101,6,457
VL-1004,2026-06,6,8,13,68,20,22,33,1,532
VL-1004,2026-07,11,15,32,163,40,66,43,7,448
VL-1004,2026-08,7,9,12,84,16,27,54,3,458
VL-1066,2024-03,7,12,17,97,32,40,55,1,666
VL-1066,2024-04,9,15,17,115,30,37,35,2,736
VL-1066,2024-05,5,8,8,56,13,17,26,2,688
VL-1066,2024-06,12,19,23,145,32,78,56,0,729
VL-1066,2024-07,10,17,18,104,31,56,72,2,675
VL-1066,2024-08,7,8,11,73,17,40,23,1,656
VL-1066,2024-09,8,10,12,81,15,40,26,0,723
VL-1066,2024-10,9,14,10,104,13,37,78,5,692
VL-1066,2024-11,11,15,30,167,46,46,64,3,665
VL-1066,2024-12,7,13,10,72,16,43,48,1,706
VL-1066,2025-01,9,12,12,120,22,48,66,4,710
VL-1066,2025-02,8,11,17,114,24,43,42,4,581
VL-1066,2025-03,10,18,29,145,50,31,43,1,678
VL-1066,2025-04,8,9,11,83,18,35,26,5,706
VL-1066,2025-05,8,15,13,85,17,51,60,3,761
VL-1066,2025-06,3,5,5,40,9,13,12,0,769
VL-1066,2025-07,8,15,15,98,26,40,34,5,643
VL-1066,2025-08,8,13,19,118,35,32,47,0,702
VL-1066,2025-09,8,12,14,83,24,53,46,2,755
VL-1066,2025-10,11,20,12,101,17,66,79,5,653
VL-1066,2025-11,8,12,7,68,13,38,42,2,833
VL-1066,2025-12,10,12,22,135,28,58,37,5,703
VL-1066,2026-01,9,14,20,104,24,52,70,0,723
VL-1066,2026-02,10,12,20,103,38,36,37,3,554
VL-1066,2026-03,10,17,18,151,32,41,85,5,1557
VL-1066,2026-04,9,15,17,108,28,37,54,0,705
VL-1066,2026-05,16,19,22,188,27,77,143,8,748
VL-1066,2026-06,11,19,13,119,16,46,82,8,651
VL-1066,2026-07,10,17,14,93,25,45,62,2,747
VL-1066,2026-08,10,19,18,111,26,56,64,4,778
VL-1067,2025-09,4,7,4,40,6,25,18,3,692
VL-1067,2025-10,3,5,5,27,7,9,20,1,659
VL-1067,2025-11,4,7,5,36,6,23,27,0,812
VL-1067,2025-12,6,7,5,58,6,41,22,1,676
VL-1067,2026-01,4,7,7,47,8,12,14,2,700
VL-1067,2026-02,9,13,19,95,37,49,27,2,794
VL-1067,2026-03,8,10,9,80,14,34,36,0,1641
VL-1067,2026-04,6,11,13,83,24,41,18,4,763
VL-1067,2026-05,7,13,14,84,20,34,47,3,622
VL-1067,2026-06,6,11,11,82,18,39,26,4,670
VL-1067,2026-07,5,6,7,61,9,32,19,0,658
VL-1067,2026-08,6,8,12,92,19,25,23,2,647
VL-1068,2024-03,9,15,15,77,20,30,52,1,591
VL-1068,2024-04,9,10,13,96,24,40,42,0,591
VL-1068,2024-05,13,19,27,133,52,86,63,1,496
VL-1068,2024-06,10,13,20,106,26,54,74,7,535
VL-1068,2024-07,8,13,13,109,17,48,40,5,660
VL-1068,2024-08,8,10,16,109,20,41,60,3,504
VL-1068,2024-09,9,13,19,128,32,53,64,0,658
VL-1068,2024-10,12,15,20,171,33,66,42,3,650
VL-1068,2024-11,11,18,24,128,47,68,57,0,546
VL-1068,2024-12,8,13,18,111,22,37,30,3,611
VL-1068,2025-01,7,10,15,75,29,23,26,4,560
VL-1068,2025-02,11,15,16,98,31,73,45,5,579
VL-1068,2025-03,9,13,22,108,31,60,33,4,627
VL-1068,2025-04,8,11,12,87,15,44,29,5,524
VL-1068,2025-05,10,17,17,96,21,69,58,2,522
VL-1068,2025-06,9,17,11,108,16,36,31,3,559
VL-1068,2025-07,10,17,10,108,14,65,59,1,544
VL-1068,2025-08,8,13,6,73,9,30,46,1,590
VL-1068,2025-09,6,11,11,71,15,28,20,1,604
VL-1068,2025-10,13,23,23,121,45,72,108,3,597
VL-1068,2025-11,11,14,23,114,43,51,84,4,751
VL-1068,2025-12,6,10,14,71,17,29,31,0,632
VL-1068,2026-01,12,22,32,180,60,58,79,6,557
VL-1068,2026-02,10,12,24,153,46,60,69,2,567
VL-1068,2026-03,11,19,12,101,16,33,70,6,1539
VL-1068,2026-04,7,8,16,82,19,39,49,3,530
VL-1068,2026-05,13,25,14,113,27,88,92,6,562
VL-1068,2026-06,4,7,9,57,13,26,14,0,576
VL-1068,2026-07,10,13,17,139,29,61,81,7,577
VL-1068,2026-08,6,8,7,69,11,24,19,3,548
VL-1069,2024-03,9,16,21,111,29,61,36,2,656
VL-1069,2024-04,6,7,14,73,26,19,45,2,604
VL-1069,2024-05,14,17,16,137,22,78,87,5,620
VL-1069,2024-06,12,15,21,130,38,52,104,7,647
VL-1069,2024-07,9,16,16,116,24,50,56,4,526
VL-1069,2024-08,12,19,19,109,37,81,42,4,601
VL-1069,2024-09,8,10,14,110,20,34,56,0,680
VL-1069,2024-10,13,18,24,180,46,51,40,4,559
VL-1069,2024-11,11,18,23,159,45,72,51,3,621
VL-1069,2024-12,6,11,15,87,20,27,50,2,535
VL-1069,2025-01,12,21,27,160,34,61,71,7,608
VL-1069,2025-02,8,15,13,69,23,40,40,5,581
VL-1069,2025-03,6,10,17,85,32,18,32,1,702
VL-1069,2025-04,7,11,16,88,31,38,47,2,593
VL-1069,2025-05,6,10,13,75,22,28,25,2,654
VL-1069,2025-06,9,17,20,106,35,60,80,3,605
VL-1069,2025-07,10,19,29,143,37,52,41,4,610
VL-1069,2025-08,9,12,7,78,10,34,69,3,605
VL-1069,2025-09,8,14,17,122,25,46,35,5,529
VL-1069,2025-10,9,13,9,81,12,37,28,6,627
VL-1069,2025-11,9,11,18,102,26,50,40,3,723
VL-1069,2025-12,10,16,17,118,28,41,89,1,634
VL-1069,2026-01,13,24,14,124,18,56,78,6,654
VL-1069,2026-02,13,25,24,119,30,73,100,2,600
VL-1069,2026-03,8,13,12,94,19,52,47,4,1522
VL-1069,2026-04,6,9,14,68,22,39,29,1,526
VL-1069,2026-05,8,12,17,85,31,40,37,3,564
VL-1069,2026-06,9,15,15,88,24,57,27,3,609
VL-1069,2026-07,9,15,13,128,15,62,59,4,549
VL-1069,2026-08,8,14,8,89,10,41,24,1,532
VL-1070,2024-03,11,16,18,147,27,74,79,4,701
VL-1070,2024-04,10,17,12,109,15,34,74,7,657
VL-1070,2024-05,12,17,30,165,43,49,101,8,637
VL-1070,2024-06,6,10,8,55,9,24,40,0,729
VL-1070,2024-07,5,9,10,50,17,25,16,0,644
VL-1070,2024-08,7,9,15,81,29,47,49,5,619
VL-1070,2024-09,12,22,24,119,34,60,36,5,752
VL-1070,2024-10,9,14,24,126,36,60,48,0,667
VL-1070,2024-11,9,15,16,135,27,55,70,2,659
VL-1070,2024-12,7,9,14,76,22,30,60,1,647
VL-1070,2025-01,9,16,14,107,18,30,70,5,668
VL-1070,2025-02,8,10,17,91,32,24,41,0,648
VL-1070,2025-03,9,17,17,84,24,56,37,3,698
VL-1070,2025-04,13,19,17,144,24,90,63,9,643
VL-1070,2025-05,7,13,12,103,20,42,44,0,664
VL-1070,2025-06,8,11,9,103,15,30,39,1,684
VL-1070,2025-07,12,21,18,130,24,42,74,8,728
VL-1070,2025-08,12,15,20,112,33,54,81,0,623
VL-1070,2025-09,9,17,23,121,33,55,52,6,585
VL-1070,2025-10,8,9,15,81,18,53,40,0,588
VL-1070,2025-11,10,16,26,144,45,62,73,0,817
VL-1070,2025-12,8,14,10,80,12,52,51,1,599
VL-1070,2026-01,13,15,39,191,72,72,60,9,705
VL-1070,2026-02,6,10,7,79,11,23,50,2,786
VL-1070,2026-03,7,9,10,95,14,34,29,2,1622
VL-1070,2026-04,9,13,21,122,39,49,57,0,665
VL-1070,2026-05,10,12,23,120,29,38,89,5,679
VL-1070,2026-06,8,15,16,114,30,36,32,4,727
VL-1070,2026-07,12,22,24,137,45,52,106,1,674
VL-1070,2026-08,8,14,12,119,23,33,65,2,733
VL-1071,2025-11,1,1,2,13,2,3,4,0,741
VL-1071,2025-12,0,0,0,0,0,0,0,0,
VL-1071,2026-01,1,1,0,9,0,3,6,0,565
VL-1071,2026-02,3,5,3,28,5,17,15,0,505
VL-1071,2026-03,1,1,1,9,1,3,3,0,1495
VL-1071,2026-04,2,2,2,23,3,12,6,1,576
VL-1071,2026-05,1,1,1,8,1,4,7,0,506
VL-1071,2026-06,1,1,1,9,1,3,3,0,617
VL-1071,2026-07,1,1,2,14,2,4,7,0,540
VL-1071,2026-08,0,0,0,0,0,0,0,0,
VL-1072,2024-03,10,19,14,91,21,65,73,6,568
VL-1072,2024-04,10,13,12,101,16,36,47,6,607
VL-1072,2024-05,6,10,17,92,25,30,33,3,637
VL-1072,2024-06,13,17,19,178,34,41,96,8,645
VL-1072,2024-07,9,15,16,110,25,55,31,3,630
VL-1072,2024-08,8,11,19,112,36,26,54,1,622
VL-1072,2024-09,8,10,9,101,17,38,52,3,644
VL-1072,2024-10,10,17,11,101,14,63,65,0,593
VL-1072,2024-11,8,11,11,93,18,54,40,5,651
VL-1072,2024-12,9,14,14,121,23,56,39,3,573
VL-1072,2025-01,8,13,11,119,20,55,52,4,679
VL-1072,2025-02,6,8,14,73,22,27,48,4,612
VL-1072,2025-03,4,6,4,43,5,27,17,0,572
VL-1072,2025-04,8,9,14,94,25,31,32,5,487
VL-1072,2025-05,10,19,16,109,19,66,74,7,553
VL-1072,2025-06,4,6,6,57,8,27,19,0,582
VL-1072,2025-07,9,16,25,137,37,51,45,3,586
VL-1072,2025-08,7,10,17,108,24,39,21,4,653
VL-1072,2025-09,6,10,9,62,11,22,39,2,632
VL-1072,2025-10,6,10,9,93,16,34,28,3,552
VL-1072,2025-11,9,17,21,130,33,35,61,3,694
VL-1072,2025-12,5,9,10,60,14,17,26,1,621
VL-1072,2026-01,5,6,9,69,14,29,44,1,588
VL-1072,2026-02,6,7,8,75,10,28,42,0,587
VL-1072,2026-03,7,11,7,68,11,30,58,0,1527
VL-1072,2026-04,10,19,14,93,23,36,47,0,546
VL-1072,2026-05,8,12,13,102,25,47,26,4,628
VL-1072,2026-06,5,8,10,63,14,30,40,2,578
VL-1072,2026-07,5,6,7,50,10,26,17,1,529
VL-1072,2026-08,11,14,22,143,42,58,44,6,577
VL-1073,2024-03,9,12,10,76,18,37,54,5,414
VL-1073,2024-04,7,11,14,70,23,44,50,5,509
VL-1073,2024-05,12,17,14,110,20,57,49,7,441
VL-1073,2024-06,9,13,15,118,19,34,31,4,496
VL-1073,2024-07,8,10,22,113,27,37,26,6,470
VL-1073,2024-08,6,11,9,55,14,23,25,1,469
VL-1073,2024-09,12,15,18,107,27,62,66,0,541
VL-1073,2024-10,8,11,8,71,13,38,34,2,489
VL-1073,2024-11,7,11,11,59,21,27,54,3,509
VL-1073,2024-12,6,10,15,93,23,28,47,4,418
VL-1073,2025-01,9,12,18,127,35,43,39,0,418
VL-1073,2025-02,9,13,19,101,31,56,58,5,512
VL-1073,2025-03,7,13,8,70,13,31,62,0,540
VL-1073,2025-04,13,20,21,191,30,62,61,8,457
VL-1073,2025-05,10,12,11,86,16,41,89,5,492
VL-1073,2025-06,5,8,5,44,7,18,42,0,453
VL-1073,2025-07,13,16,18,119,26,77,49,7,431
VL-1073,2025-08,7,9,10,83,17,22,39,4,474
VL-1073,2025-09,8,12,13,110,17,46,69,2,454
VL-1073,2025-10,12,21,22,125,38,59,94,8,451
VL-1073,2025-11,10,15,16,95,29,37,81,5,615
VL-1073,2025-12,7,9,14,73,18,30,46,4,438
VL-1073,2026-01,8,11,10,96,13,44,26,6,482
VL-1073,2026-02,9,11,16,135,25,57,44,0,494
VL-1073,2026-03,16,25,44,224,73,67,125,8,1367
VL-1073,2026-04,12,15,16,164,26,72,38,8,558
VL-1073,2026-05,13,23,23,118,29,40,88,6,517
VL-1073,2026-06,8,10,18,120,32,37,38,5,389
VL-1073,2026-07,9,17,24,120,46,35,71,3,495
VL-1073,2026-08,12,22,15,155,23,75,72,4,427
VL-1074,2024-03,8,12,20,123,26,35,71,5,451
VL-1074,2024-04,7,10,14,102,25,25,38,5,506
VL-1074,2024-05,10,13,20,151,34,41,54,2,514
VL-1074,2024-06,9,14,14,85,23,53,41,4,506
VL-1074,2024-07,7,9,21,105,41,30,42,1,503
VL-1074,2024-08,8,11,19,106,23,46,38,5,421
VL-1074,2024-09,12,17,14,156,21,51,103,3,530
VL-1074,2024-10,7,13,10,83,14,38,29,2,498
VL-1074,2024-11,8,14,11,91,15,32,58,0,396
VL-1074,2024-12,8,10,14,93,27,34,57,5,522
VL-1074,2025-01,6,10,9,77,17,22,52,2,489
VL-1074,2025-02,14,27,24,144,31,70,49,0,467
VL-1074,2025-03,10,16,16,101,28,63,61,5,426
VL-1074,2025-04,8,12,8,78,11,26,61,1,437
VL-1074,2025-05,9,11,13,79,23,59,67,2,451
VL-1074,2025-06,10,19,13,97,25,42,60,5,412
VL-1074,2025-07,10,13,22,125,36,47,41,6,509
VL-1074,2025-08,7,12,7,63,11,35,61,5,517
VL-1074,2025-09,11,21,14,158,22,57,39,1,449
VL-1074,2025-10,9,13,27,135,41,51,35,4,510
VL-1074,2025-11,10,17,22,124,30,51,42,1,597
VL-1074,2025-12,11,17,15,96,19,58,57,7,411
VL-1074,2026-01,8,15,13,74,21,34,61,4,455
VL-1074,2026-02,9,12,22,126,30,31,56,2,458
VL-1074,2026-03,9,17,15,82,23,48,33,0,1396
VL-1074,2026-04,10,18,23,144,43,63,37,1,499
VL-1074,2026-05,7,13,15,80,27,29,37,0,502
VL-1074,2026-06,6,8,14,86,26,18,20,2,468
VL-1074,2026-07,9,11,12,78,20,41,31,6,457
VL-1074,2026-08,9,14,8,83,10,48,76,6,492
VL-1075,2025-11,5,8,6,69,7,33,39,1,635
VL-1075,2025-12,3,4,6,33,10,12,19,2,447
VL-1075,2026-01,7,10,16,80,25,44,36,4,484
VL-1075,2026-02,4,5,4,41,5,25,19,0,493
VL-1075,2026-03,5,6,8,46,13,33,37,2,1398
VL-1075,2026-04,5,9,9,69,12,23,40,1,426
VL-1075,2026-05,5,8,7,42,10,15,15,0,486
VL-1075,2026-06,4,7,5,37,7,20,29,1,458
VL-1075,2026-07,3,4,3,38,4,11,24,0,424
VL-1075,2026-08,5,8,11,54,17,23,23,3,522
VL-1076,2024-03,8,13,13,79,23,37,42,0,455
VL-1076,2024-04,4,6,5,50,7,27,33,0,478
VL-1076,2024-05,9,16,16,129,24,47,51,6,487
VL-1076,2024-06,14,23,21,132,36,68,84,5,393
VL-1076,2024-07,10,17,30,145,47,69,54,1,510
VL-1076,2024-08,13,18,26,181,34,75,81,8,502
VL-1076,2024-09,12,17,12,104,17,59,43,6,523
VL-1076,2024-10,9,15,16,81,27,52,60,5,503
VL-1076,2024-11,8,12,16,116,30,32,38,5,468
VL-1076,2024-12,9,13,25,130,36,30,38,6,394
VL-1076,2025-01,9,17,10,108,15,44,80,5,510
VL-1076,2025-02,10,19,27,148,35,34,43,5,506
VL-1076,2025-03,15,26,33,195,53,93,96,2,550
VL-1076,2025-04,6,11,10,55,15,19,35,2,491
VL-1076,2025-05,11,15,14,93,22,42,97,1,500
VL-1076,2025-06,10,19,21,104,26,33,52,4,461
VL-1076,2025-07,11,14,14,107,24,63,77,8,473
VL-1076,2025-08,10,18,22,133,27,41,82,3,427
VL-1076,2025-09,13,17,13,125,24,85,66,3,486
VL-1076,2025-10,9,11,11,116,13,50,70,0,452
VL-1076,2025-11,10,13,16,129,31,60,39,4,674
VL-1076,2025-12,7,12,9,96,15,46,60,2,396
VL-1076,2026-01,11,18,19,121,36,51,63,2,473
VL-1076,2026-02,7,9,11,78,14,48,33,4,554
VL-1076,2026-03,11,17,15,123,29,75,59,1,1358
VL-1076,2026-04,13,23,16,176,24,55,41,6,523
VL-1076,2026-05,8,15,22,111,26,42,51,5,400
VL-1076,2026-06,6,7,11,67,19,22,25,2,520
VL-1076,2026-07,5,7,6,51,11,21,42,0,502
VL-1076,2026-08,9,17,11,85,17,39,73,0,481
VL-1077,2024-07,1,1,1,12,1,4,7,0,546
VL-1077,2024-08,1,1,1,13,1,3,8,0,446
VL-1077,2024-09,1,1,1,12,1,3,8,0,511
VL-1077,2024-10,1,1,2,15,3,6,7,0,471
VL-1077,2024-11,1,1,1,12,1,4,6,0,435
VL-1077,2024-12,1,1,1,10,1,3,6,0,584
VL-1077,2025-01,2,3,4,29,6,6,13,0,490
VL-1077,2025-02,1,1,1,10,1,3,3,0,523
VL-1077,2025-03,1,1,1,9,1,5,3,0,455
VL-1077,2025-04,1,1,2,14,2,3,7,0,519
VL-1077,2025-05,0,0,0,0,0,0,0,0,
VL-1077,2025-06,0,0,0,0,0,0,0,0,
VL-1077,2025-07,1,1,1,12,1,5,3,0,486
VL-1077,2025-08,1,1,1,10,1,5,8,0,520
VL-1077,2025-09,2,2,3,30,3,13,13,0,447
VL-1077,2025-10,1,1,1,11,1,4,6,0,494
VL-1077,2025-11,0,0,0,0,0,0,0,0,
VL-1077,2025-12,1,1,1,10,1,5,7,0,397
VL-1077,2026-01,1,1,1,12,1,3,3,0,485
VL-1077,2026-02,1,1,1,11,1,6,7,0,521
VL-1077,2026-03,2,2,4,31,4,6,9,0,1442
VL-1077,2026-04,0,0,0,0,0,0,0,0,
VL-1077,2026-05,1,1,0,8,0,5,5,0,473
VL-1077,2026-06,0,0,0,0,0,0,0,0,
VL-1077,2026-07,1,1,2,15,3,5,5,0,443
VL-1077,2026-08,1,1,1,11,1,6,6,0,559
VL-1078,2025-09,6,10,7,51,9,31,19,0,440
VL-1078,2025-10,5,6,8,61,15,28,15,0,499
VL-1078,2025-11,7,13,13,92,20,25,52,4,689
VL-1078,2025-12,4,7,6,53,8,16,32,1,446
VL-1078,2026-01,6,10,8,73,9,34,50,0,425
VL-1078,2026-02,3,5,4,41,7,10,23,1,470
VL-1078,2026-03,6,10,14,75,20,18,20,0,1358
VL-1078,2026-04,6,9,9,55,17,39,45,0,452
VL-1078,2026-05,5,9,4,43,7,33,26,1,460
VL-1078,2026-06,7,8,10,105,19,41,23,3,465
VL-1078,2026-07,4,6,8,45,13,12,31,2,485
VL-1078,2026-08,5,6,8,44,14,28,26,0,423
VL-1079,2024-03,12,16,15,121,27,55,101,3,474
VL-1079,2024-04,13,20,17,112,22,86,55,2,382
VL-1079,2024-05,7,11,20,101,29,42,54,0,526
VL-1079,2024-06,6,10,10,88,12,30,20,0,453
VL-1079,2024-07,10,15,11,97,21,58,57,1,464
VL-1079,2024-08,8,13,15,107,25,47,54,0,470
VL-1079,2024-09,10,16,18,154,33,59,35,4,477
VL-1079,2024-10,8,15,14,69,24,38,56,3,408
VL-1079,2024-11,2,2,3,27,4,10,6,0,523
VL-1079,2024-12,5,7,8,71,13,18,32,3,449
VL-1079,2025-01,5,8,8,43,12,18,38,2,408
VL-1079,2025-02,10,15,16,119,25,47,58,6,455
VL-1079,2025-03,9,16,15,87,18,33,32,2,371
VL-1079,2025-04,7,9,15,107,24,44,54,0,523
VL-1079,2025-05,10,15,20,109,26,42,56,7,477
VL-1079,2025-06,7,10,16,106,28,32,46,1,542
VL-1079,2025-07,9,13,7,81,13,44,32,2,595
VL-1079,2025-08,9,10,14,103,21,57,65,5,508
VL-1079,2025-09,7,12,9,92,17,36,49,1,489
VL-1079,2025-10,7,10,17,87,29,36,60,0,548
VL-1079,2025-11,13,22,27,152,50,84,60,0,606
VL-1079,2025-12,7,13,10,79,18,40,37,0,460
VL-1079,2026-01,7,8,13,63,18,27,36,4,497
VL-1079,2026-02,11,13,27,143,52,50,43,0,545
VL-1079,2026-03,12,15,17,169,33,55,66,6,1461
VL-1079,2026-04,11,20,19,103,31,65,59,8,426
VL-1079,2026-05,10,18,10,87,19,35,85,3,440
VL-1079,2026-06,7,10,11,68,19,38,52,2,506
VL-1079,2026-07,10,19,18,111,23,60,35,7,533
VL-1079,2026-08,9,15,7,79,13,41,38,6,538
VL-1080,2024-03,10,14,13,95,17,59,83,4,520
VL-1080,2024-04,9,16,17,133,30,47,58,6,494
VL-1080,2024-05,5,6,7,63,10,21,15,2,525
VL-1080,2024-06,9,11,11,100,15,37,59,0,489
VL-1080,2024-07,10,16,25,151,48,56,73,5,533
VL-1080,2024-08,8,14,20,115,29,26,28,5,530
VL-1080,2024-09,9,16,16,87,30,30,30,4,461
VL-1080,2024-10,7,12,15,75,27,26,37,4,503
VL-1080,2024-11,8,13,14,102,25,33,59,4,377
VL-1080,2024-12,7,13,11,83,14,33,24,2,544
VL-1080,2025-01,9,16,17,124,33,42,30,4,475
VL-1080,2025-02,9,15,12,78,20,57,33,4,497
VL-1080,2025-03,6,7,10,91,14,19,31,1,453
VL-1080,2025-04,10,18,28,150,43,56,31,4,541
VL-1080,2025-05,11,20,31,163,56,72,64,2,414
VL-1080,2025-06,8,10,9,68,16,44,37,1,503
VL-1080,2025-07,11,20,18,104,28,38,40,1,462
VL-1080,2025-08,5,6,9,74,12,18,44,3,398
VL-1080,2025-09,12,21,12,110,19,68,96,0,564
VL-1080,2025-10,11,14,19,121,25,33,89,0,426
VL-1080,2025-11,9,16,18,106,29,32,37,3,586
VL-1080,2025-12,7,11,13,75,23,31,24,5,415
VL-1080,2026-01,6,10,12,82,14,39,48,4,489
VL-1080,2026-02,9,15,23,126,29,56,35,4,516
VL-1080,2026-03,8,14,10,68,15,34,62,0,1403
VL-1080,2026-04,11,17,25,158,32,36,52,8,538
VL-1080,2026-05,6,7,11,56,16,27,44,1,445
VL-1080,2026-06,6,10,7,74,9,20,39,2,475
VL-1080,2026-07,11,13,26,126,44,72,89,2,433
VL-1080,2026-08,10,19,13,143,21,43,59,5,471
VL-1158,2024-03,9,13,70,258,124,110,101,2,452
VL-1158,2024-04,15,27,70,292,99,88,158,0,474
VL-1158,2024-05,11,15,59,221,101,92,67,5,457
VL-1158,2024-06,16,20,134,497,228,153,180,4,463
VL-1158,2024-07,12,17,109,379,140,109,146,0,448
VL-1158,2024-08,11,14,65,291,82,60,96,1,541
VL-1158,2024-09,12,15,47,218,83,95,80,3,429
VL-1158,2024-10,13,24,48,242,70,158,128,6,483
VL-1158,2024-11,15,23,81,342,158,176,156,7,481
VL-1158,2024-12,9,12,56,168,103,82,45,2,523
VL-1158,2025-01,14,20,111,367,144,134,145,4,592
VL-1158,2025-02,10,18,53,186,83,104,119,3,510
VL-1158,2025-03,10,18,65,286,129,107,107,3,407
VL-1158,2025-04,15,26,98,401,164,116,188,2,471
VL-1158,2025-05,12,17,97,373,187,140,65,4,500
VL-1158,2025-06,14,20,59,250,96,88,136,1,480
VL-1158,2025-07,14,18,50,263,97,147,150,5,512
VL-1158,2025-08,8,14,52,206,83,65,79,2,516
VL-1158,2025-09,13,16,83,364,164,87,181,2,399
VL-1158,2025-10,12,20,78,246,115,114,64,0,466
VL-1158,2025-11,12,15,92,297,182,68,139,1,557
VL-1158,2025-12,11,16,73,320,121,79,106,1,401
VL-1158,2026-01,12,15,52,344,68,128,87,3,473
VL-1158,2026-02,8,14,40,237,58,52,119,1,432
VL-1158,2026-03,11,18,70,280,131,105,156,5,1345
VL-1158,2026-04,13,22,85,371,151,120,114,0,515
VL-1158,2026-05,13,22,39,232,67,72,155,4,478
VL-1158,2026-06,14,22,109,363,153,116,186,0,472
VL-1158,2026-07,8,9,81,241,133,87,58,2,518
VL-1158,2026-08,9,17,38,188,54,78,52,3,521
VL-1159,2025-04,5,7,26,131,32,41,72,0,506
VL-1159,2025-05,6,10,40,149,75,62,76,0,404
VL-1159,2025-06,7,11,34,131,62,55,98,2,469
VL-1159,2025-07,8,11,53,218,69,75,70,0,463
VL-1159,2025-08,7,9,50,203,61,82,103,1,427
VL-1159,2025-09,8,12,71,221,124,58,76,1,441
VL-1159,2025-10,4,7,25,119,41,39,47,0,508
VL-1159,2025-11,6,11,46,138,83,52,60,2,645
VL-1159,2025-12,6,7,57,180,82,33,31,0,461
VL-1159,2026-01,8,12,28,156,52,60,105,3,510
VL-1159,2026-02,7,12,45,205,87,60,47,2,430
VL-1159,2026-03,6,10,41,136,50,71,61,2,1441
VL-1159,2026-04,5,7,27,153,53,36,57,0,497
VL-1159,2026-05,5,8,39,139,65,61,36,0,537
VL-1159,2026-06,9,14,52,181,85,88,71,2,540
VL-1159,2026-07,5,6,40,125,50,51,51,1,539
VL-1159,2026-08,5,7,35,151,69,56,30,0,476
VL-1160,2024-03,12,15,68,274,90,80,141,4,432
VL-1160,2024-04,12,17,64,370,78,70,147,2,475
VL-1160,2024-05,14,20,108,354,135,85,108,2,517
VL-1160,2024-06,13,19,93,378,180,90,93,0,527
VL-1160,2024-07,9,15,51,165,64,103,65,4,507
VL-1160,2024-08,14,24,81,431,121,132,119,1,476
VL-1160,2024-09,13,16,79,382,122,156,84,2,456
VL-1160,2024-10,11,21,85,314,150,111,115,4,510
VL-1160,2024-11,13,19,53,310,74,124,84,3,450
VL-1160,2024-12,12,17,67,274,103,91,164,0,428
VL-1160,2025-01,11,21,60,201,109,109,60,3,451
VL-1160,2025-02,10,19,40,181,73,122,73,4,451
VL-1160,2025-03,9,11,67,224,82,104,61,2,561
VL-1160,2025-04,15,25,86,369,153,96,112,5,431
VL-1160,2025-05,10,16,71,229,87,73,60,2,406
VL-1160,2025-06,13,21,73,354,126,99,186,1,507
VL-1160,2025-07,7,10,46,204,71,66,101,2,482
VL-1160,2025-08,9,13,84,284,134,77,46,2,499
VL-1160,2025-09,15,21,92,467,134,122,79,4,465
VL-1160,2025-10,10,17,70,270,138,123,143,3,412
VL-1160,2025-11,13,20,73,377,128,98,108,0,621
VL-1160,2025-12,7,10,47,142,75,51,85,0,432
VL-1160,2026-01,15,29,48,284,89,84,99,5,556
VL-1160,2026-02,14,26,64,304,97,125,192,0,392
VL-1160,2026-03,14,23,83,278,140,101,130,0,1332
VL-1160,2026-04,8,14,48,234,66,100,97,1,487
VL-1160,2026-05,12,16,75,351,108,83,121,2,489
VL-1160,2026-06,15,22,99,414,177,155,157,2,427
VL-1160,2026-07,18,30,88,437,127,125,182,2,465
VL-1160,2026-08,11,16,71,224,109,100,152,2,509
VL-1188,2026-05,4,6,21,98,39,25,33,1,569
VL-1188,2026-06,7,10,41,176,62,78,54,3,590
VL-1188,2026-07,8,12,40,188,74,63,66,2,605
VL-1188,2026-08,8,14,41,187,50,81,60,0,537
VL-1189,2024-03,11,17,103,307,203,135,154,1,551
VL-1189,2024-04,11,19,45,300,68,72,136,1,571
VL-1189,2024-05,6,8,30,134,46,67,48,1,600
VL-1189,2024-06,7,8,41,176,67,51,71,1,540
VL-1189,2024-07,14,26,49,314,86,117,105,6,650
VL-1189,2024-08,16,21,110,512,157,142,200,6,543
VL-1189,2024-09,10,16,41,214,66,55,149,3,642
VL-1189,2024-10,16,19,106,332,210,188,130,0,528
VL-1189,2024-11,12,18,74,285,125,137,122,0,610
VL-1189,2024-12,14,27,134,446,213,107,149,5,483
VL-1189,2025-01,17,29,121,538,168,173,96,1,523
VL-1189,2025-02,12,17,51,220,93,139,132,5,520
VL-1189,2025-03,9,11,44,171,87,53,45,2,579
VL-1189,2025-04,13,20,96,326,157,109,124,4,587
VL-1189,2025-05,13,23,89,290,117,106,131,0,530
VL-1189,2025-06,17,23,136,430,171,140,117,6,529
VL-1189,2025-07,7,12,32,164,53,55,70,0,600
VL-1189,2025-08,10,18,28,183,41,96,146,0,528
VL-1189,2025-09,9,13,79,254,117,66,60,0,607
VL-1189,2025-10,13,16,69,302,110,87,126,1,590
VL-1189,2025-11,11,18,113,337,146,83,90,3,693
VL-1189,2025-12,9,15,68,287,101,71,132,2,628
VL-1189,2026-01,15,21,129,459,227,83,203,7,599
VL-1189,2026-02,11,14,60,258,82,80,107,0,518
VL-1189,2026-03,7,10,49,174,72,44,49,1,1494
VL-1189,2026-04,11,20,40,225,73,92,108,1,536
VL-1189,2026-05,12,21,100,296,190,135,137,0,672
VL-1189,2026-06,9,17,55,245,76,76,124,3,488
VL-1189,2026-07,8,13,52,213,74,51,67,3,601
VL-1189,2026-08,12,16,106,363,127,91,112,5,612
VL-1190,2024-03,13,20,86,353,171,88,138,4,443
VL-1190,2024-04,10,19,87,288,166,65,102,3,394
VL-1190,2024-05,12,15,73,220,99,77,105,3,442
VL-1190,2024-06,18,29,52,331,89,181,258,3,481
VL-1190,2024-07,13,24,69,396,94,138,156,3,507
VL-1190,2024-08,11,18,82,256,102,122,85,0,459
VL-1190,2024-09,13,19,81,413,108,72,154,3,413
VL-1190,2024-10,9,17,57,272,69,106,130,2,471
VL-1190,2024-11,16,24,119,445,228,142,236,5,509
VL-1190,2024-12,8,14,84,256,106,69,119,1,532
VL-1190,2025-01,8,11,63,188,87,48,114,3,408
VL-1190,2025-02,8,11,24,160,29,82,45,2,433
VL-1190,2025-03,11,16,80,310,124,69,111,0,446
VL-1190,2025-04,17,22,60,324,106,116,131,0,481
VL-1190,2025-05,10,18,78,273,152,97,118,1,492
VL-1190,2025-06,13,18,57,255,108,103,91,4,381
VL-1190,2025-07,17,24,126,364,165,188,126,2,416
VL-1190,2025-08,8,13,51,247,73,90,110,2,359
VL-1190,2025-09,15,21,74,345,102,181,80,6,478
VL-1190,2025-10,7,8,22,145,30,40,52,2,526
VL-1190,2025-11,15,28,66,386,80,127,79,7,548
VL-1190,2025-12,13,24,95,319,117,159,192,6,436
VL-1190,2026-01,11,19,36,215,53,90,134,2,464
VL-1190,2026-02,17,20,105,520,141,211,172,0,492
VL-1190,2026-03,10,17,59,274,77,108,86,2,1364
VL-1190,2026-04,18,31,173,583,345,202,128,3,565
VL-1190,2026-05,11,21,63,212,104,61,94,5,447
VL-1190,2026-06,21,29,129,393,161,208,253,6,462
VL-1190,2026-07,7,12,39,201,53,77,85,0,407
VL-1190,2026-08,15,19,85,336,121,100,128,0,457
VL-1220,2024-03,20,27,41,308,64,156,402,2,480
VL-1220,2024-04,17,32,36,338,67,124,263,3,493
VL-1220,2024-05,19,23,32,240,41,153,343,2,483
VL-1220,2024-06,13,19,27,253,52,51,119,4,556
VL-1220,2024-07,22,32,67,419,121,135,290,3,598
VL-1220,2024-08,14,21,20,253,31,62,264,0,523
VL-1220,2024-09,15,21,23,284,33,120,206,4,392
VL-1220,2024-10,19,36,27,362,45,153,285,3,415
VL-1220,2024-11,10,12,25,177,31,56,132,0,470
VL-1220,2024-12,12,15,15,159,19,86,180,2,524
VL-1220,2025-01,7,8,8,89,11,48,85,1,514
VL-1220,2025-02,13,23,27,200,37,71,150,4,446
VL-1220,2025-03,18,28,38,257,54,129,167,3,528
VL-1220,2025-04,10,19,33,224,53,38,165,1,404
VL-1220,2025-05,11,18,20,184,26,89,223,1,468
VL-1220,2025-06,17,23,32,243,47,66,211,6,373
VL-1220,2025-07,22,34,50,366,85,162,273,4,445
VL-1220,2025-08,16,20,24,267,45,95,151,4,454
VL-1220,2025-09,12,14,23,191,43,60,118,1,488
VL-1220,2025-10,11,14,20,244,24,66,208,3,518
VL-1220,2025-11,22,27,55,366,89,180,187,8,589
VL-1220,2025-12,8,14,20,127,36,54,82,0,523
VL-1220,2026-01,13,20,43,280,76,82,92,1,425
VL-1220,2026-02,17,23,22,307,28,94,348,2,526
VL-1220,2026-03,12,16,16,207,27,77,98,3,1382
VL-1220,2026-04,11,17,31,222,52,56,164,1,425
VL-1220,2026-05,17,31,56,355,89,131,353,0,445
VL-1220,2026-06,22,43,32,303,48,169,413,7,423
VL-1220,2026-07,20,34,42,358,57,155,178,7,464
VL-1220,2026-08,13,20,33,233,44,60,130,3,448
VL-1005,2024-03,6,8,6,60,9,22,50,1,459
VL-1005,2024-04,3,5,4,27,7,18,12,0,483
VL-1005,2024-05,6,10,17,85,27,26,47,1,466
VL-1005,2024-06,5,9,13,67,16,23,32,3,405
VL-1005,2024-07,4,5,12,62,14,17,26,1,412
VL-1005,2024-08,2,2,3,26,4,9,9,0,476
VL-1005,2024-09,6,7,12,66,14,22,29,0,419
VL-1005,2024-10,6,11,8,66,15,24,49,3,534
VL-1005,2024-11,7,11,5,66,9,38,54,4,563
VL-1005,2024-12,5,6,9,72,16,34,31,2,422
VL-1005,2025-01,5,9,8,67,10,34,44,0,518
VL-1005,2025-02,8,10,14,99,22,32,42,5,490
VL-1005,2025-03,4,4,7,46,8,18,34,2,502
VL-1005,2025-04,6,10,14,72,23,37,26,4,496
VL-1005,2025-05,5,8,11,74,16,20,40,1,437
VL-1005,2025-06,5,7,7,59,9,18,28,1,479
VL-1005,2025-07,5,8,6,47,7,28,34,2,570
VL-1005,2025-08,6,11,12,90,22,34,35,4,525
VL-1005,2025-09,4,5,9,61,15,12,24,2,504
VL-1005,2025-10,4,7,7,55,11,24,31,0,506
VL-1005,2025-11,5,7,10,62,15,21,35,2,655
VL-1005,2025-12,4,7,10,61,15,12,29,0,509
VL-1005,2026-01,4,7,6,45,10,19,23,2,440
VL-1005,2026-02,5,8,10,68,16,33,21,1,481
VL-1005,2026-03,6,7,7,65,12,23,24,1,1296
VL-1005,2026-04,7,12,17,85,28,46,62,1,530
VL-1005,2026-05,8,10,13,82,17,34,51,2,416
VL-1005,2026-06,3,5,5,38,8,12,17,1,428
VL-1005,2026-07,5,9,10,61,13,22,16,0,489
VL-1005,2026-08,7,11,13,69,16,24,22,5,533
VL-1081,2026-01,2,3,3,18,5,12,12,0,656
VL-1081,2026-02,2,2,4,23,7,11,6,1,582
VL-1081,2026-03,0,0,0,0,0,0,0,0,
VL-1081,2026-04,0,0,0,0,0,0,0,0,
VL-1081,2026-05,1,1,1,11,1,3,4,0,578
VL-1081,2026-06,1,1,1,12,1,5,6,0,659
VL-1081,2026-07,1,1,1,10,1,4,4,0,615
VL-1081,2026-08,0,0,0,0,0,0,0,0,
VL-1082,2024-03,5,8,9,73,10,29,34,1,525
VL-1082,2024-04,6,8,17,84,20,32,47,4,485
VL-1082,2024-05,4,5,5,53,6,12,22,1,478
VL-1082,2024-06,6,11,13,85,25,19,38,2,480
VL-1082,2024-07,4,7,7,47,12,13,35,3,486
VL-1082,2024-08,7,11,12,59,21,30,48,3,544
VL-1082,2024-09,7,13,12,76,20,44,59,2,508
VL-1082,2024-10,6,11,7,81,9,41,34,0,509
VL-1082,2024-11,7,9,11,59,14,22,34,2,435
VL-1082,2024-12,4,7,7,43,9,20,26,2,489
VL-1082,2025-01,6,9,14,70,23,21,20,1,544
VL-1082,2025-02,5,9,13,72,19,25,41,2,495
VL-1082,2025-03,5,6,13,66,22,19,29,0,503
VL-1082,2025-04,6,8,9,64,14,24,31,3,458
VL-1082,2025-05,4,7,6,46,10,12,26,1,514
VL-1082,2025-06,6,10,8,63,10,27,46,4,433
VL-1082,2025-07,6,7,11,75,13,29,36,0,508
VL-1082,2025-08,8,12,9,82,15,24,31,2,418
VL-1082,2025-09,5,6,11,70,18,33,25,0,528
VL-1082,2025-10,6,9,7,50,8,29,29,2,487
VL-1082,2025-11,4,7,6,60,8,27,34,1,671
VL-1082,2025-12,5,7,8,61,15,21,31,0,474
VL-1082,2026-01,7,11,14,91,26,40,62,1,517
VL-1082,2026-02,8,10,11,84,20,54,66,4,486
VL-1082,2026-03,6,7,11,72,14,29,35,4,1376
VL-1082,2026-04,10,14,22,111,28,68,87,2,508
VL-1082,2026-05,5,9,11,64,18,22,15,1,482
VL-1082,2026-06,4,6,11,57,20,19,31,2,426
VL-1082,2026-07,7,10,7,80,12,39,39,1,527
VL-1082,2026-08,7,10,8,84,11,32,22,0,391
VL-1083,2025-06,0,0,0,0,0,0,0,0,
VL-1083,2025-07,1,1,1,10,1,6,8,0,501
VL-1083,2025-08,0,0,0,0,0,0,0,0,
VL-1083,2025-09,1,1,1,11,1,6,6,0,511
VL-1083,2025-10,0,0,0,0,0,0,0,0,
VL-1083,2025-11,1,1,1,15,1,5,6,0,561
VL-1083,2025-12,1,1,0,9,0,3,8,0,465
VL-1083,2026-01,1,1,1,11,1,4,4,0,536
VL-1083,2026-02,1,1,1,13,1,3,8,0,395
VL-1083,2026-03,1,1,1,10,1,3,3,0,1396
VL-1083,2026-04,1,1,3,15,5,6,7,0,440
VL-1083,2026-05,0,0,0,0,0,0,0,0,
VL-1083,2026-06,1,1,1,13,1,4,4,0,560
VL-1083,2026-07,2,2,3,31,4,10,13,0,511
VL-1083,2026-08,0,0,0,0,0,0,0,0,
VL-1084,2024-03,1,1,0,10,0,4,8,0,542
VL-1084,2024-04,0,0,0,0,0,0,0,0,
VL-1084,2024-05,1,1,2,13,2,5,5,0,453
VL-1084,2024-06,1,1,1,12,1,3,6,0,491
VL-1084,2024-07,1,1,1,15,1,3,6,0,502
VL-1084,2024-08,2,3,2,26,2,6,17,1,487
VL-1084,2024-09,1,1,1,14,1,3,5,0,501
VL-1084,2024-10,1,1,1,9,1,5,8,0,411
VL-1084,2024-11,1,1,1,8,1,6,7,0,497
VL-1084,2024-12,1,1,1,9,1,5,8,0,551
VL-1084,2025-01,1,1,1,10,1,5,4,0,484
VL-1084,2025-02,0,0,0,0,0,0,0,0,
VL-1084,2025-03,1,1,1,10,1,5,7,0,479
VL-1084,2025-04,1,1,1,9,1,3,7,0,438
VL-1084,2025-05,2,3,2,19,3,11,12,0,464
VL-1084,2025-06,1,1,2,14,2,4,5,0,482
VL-1084,2025-07,3,4,8,45,14,13,22,0,484
VL-1084,2025-08,1,1,2,12,3,4,6,0,539
VL-1084,2025-09,1,1,1,10,1,6,6,0,517
VL-1084,2025-10,1,1,2,12,2,6,5,0,475
VL-1084,2025-11,1,1,2,14,2,4,6,0,539
VL-1084,2025-12,1,1,1,10,1,6,8,0,431
VL-1084,2026-01,1,1,2,15,3,4,7,0,397
VL-1084,2026-02,0,0,0,0,0,0,0,0,
VL-1084,2026-03,0,0,0,0,0,0,0,0,
VL-1084,2026-04,1,1,1,11,1,4,5,0,557
VL-1084,2026-05,1,1,1,12,1,3,6,0,438
VL-1084,2026-06,1,1,2,12,3,6,4,0,447
VL-1084,2026-07,1,1,2,13,2,5,4,0,464
VL-1084,2026-08,1,1,1,9,1,3,5,0,559
VL-1085,2025-10,1,1,2,13,3,6,3,0,438
VL-1085,2025-11,1,1,1,8,1,3,8,0,660
VL-1085,2025-12,0,0,0,0,0,0,0,0,
VL-1085,2026-01,1,1,1,13,1,4,7,0,500
VL-1085,2026-02,1,1,1,13,1,5,6,0,489
VL-1085,2026-03,1,1,1,13,1,5,4,0,1361
VL-1085,2026-04,1,1,1,10,1,3,7,0,500
VL-1085,2026-05,3,4,5,46,6,9,24,2,445
VL-1085,2026-06,1,1,1,10,1,6,6,0,482
VL-1085,2026-07,0,0,0,0,0,0,0,0,
VL-1085,2026-08,1,1,1,10,1,6,5,0,515
VL-1086,2024-03,2,2,2,18,3,8,7,0,526
VL-1086,2024-04,1,1,2,14,2,5,6,0,394
VL-1086,2024-05,1,1,1,11,1,6,5,0,484
VL-1086,2024-06,1,1,1,8,1,4,3,0,476
VL-1086,2024-07,1,1,1,12,1,4,5,0,482
VL-1086,2024-08,1,1,2,14,3,6,4,0,489
VL-1086,2024-09,1,1,1,11,1,4,7,0,501
VL-1086,2024-10,1,1,2,13,3,6,3,0,461
VL-1086,2024-11,1,1,2,12,3,4,7,0,436
VL-1086,2024-12,1,1,0,9,0,6,5,0,524
VL-1086,2025-01,1,1,2,15,2,4,4,0,540
VL-1086,2025-02,1,1,1,13,1,3,7,0,539
VL-1086,2025-03,0,0,0,0,0,0,0,0,
VL-1086,2025-04,1,1,1,10,1,5,4,0,456
VL-1086,2025-05,2,3,2,31,3,12,8,0,549
VL-1086,2025-06,1,1,1,14,1,4,7,0,489
VL-1086,2025-07,1,1,1,10,1,3,5,0,518
VL-1086,2025-08,1,1,1,11,1,3,5,0,471
VL-1086,2025-09,1,1,2,10,2,3,3,0,488
VL-1086,2025-10,1,1,2,10,3,6,8,0,550
VL-1086,2025-11,1,1,1,13,1,6,3,0,609
VL-1086,2025-12,1,1,1,8,1,6,8,0,463
VL-1086,2026-01,1,1,2,11,3,5,4,0,469
VL-1086,2026-02,2,2,5,28,6,11,11,0,513
VL-1086,2026-03,0,0,0,0,0,0,0,0,
VL-1086,2026-04,3,4,3,27,5,11,14,1,488
VL-1086,2026-05,1,1,2,11,2,5,3,0,553
VL-1086,2026-06,0,0,0,0,0,0,0,0,
VL-1086,2026-07,1,1,1,13,1,3,3,0,485
VL-1086,2026-08,1,1,0,9,0,5,8,0,486
VL-1087,2024-03,1,1,1,10,1,5,3,0,410
VL-1087,2024-04,2,2,2,21,3,12,13,0,448
VL-1087,2024-05,2,2,4,24,5,7,6,0,470
VL-1087,2024-06,1,1,1,11,1,6,4,0,487
VL-1087,2024-07,0,0,0,0,0,0,0,0,
VL-1087,2024-08,0,0,0,0,0,0,0,0,
VL-1087,2024-09,1,1,2,14,2,6,5,0,528
VL-1087,2024-10,1,1,1,13,1,5,5,0,494
VL-1087,2024-11,1,1,2,12,3,6,8,0,494
VL-1087,2024-12,1,1,1,12,1,5,8,0,466
VL-1087,2025-01,2,3,2,30,2,13,7,0,480
VL-1087,2025-02,2,3,3,23,5,13,8,1,489
VL-1087,2025-03,1,1,1,11,1,4,5,0,472
VL-1087,2025-04,1,1,0,8,0,5,4,0,534
VL-1087,2025-05,1,1,1,15,1,3,4,0,450
VL-1087,2025-06,1,1,0,10,0,4,8,0,526
VL-1087,2025-07,1,1,1,9,1,6,8,0,406
VL-1087,2025-08,1,1,1,9,1,5,6,0,398
VL-1087,2025-09,2,3,5,28,8,13,10,1,454
VL-1087,2025-10,1,1,2,13,2,5,7,0,509
VL-1087,2025-11,2,2,4,28,5,6,13,0,580
VL-1087,2025-12,1,1,1,9,1,3,5,0,498
VL-1087,2026-01,1,1,1,14,1,5,6,0,524
VL-1087,2026-02,0,0,0,0,0,0,0,0,
VL-1087,2026-03,1,1,1,12,1,5,8,0,1327
VL-1087,2026-04,1,1,1,11,1,4,4,0,465
VL-1087,2026-05,2,2,2,16,2,11,9,1,505
VL-1087,2026-06,1,1,1,8,1,3,3,0,538
VL-1087,2026-07,1,1,1,11,1,3,4,0,553
VL-1087,2026-08,1,1,1,9,1,4,8,0,540
VL-1088,2025-03,4,6,6,38,11,22,24,0,426
VL-1088,2025-04,5,8,10,70,18,24,33,2,456
VL-1088,2025-05,4,7,5,53,9,20,34,0,491
VL-1088,2025-06,4,5,7,55,10,23,25,2,490
VL-1088,2025-07,3,5,4,38,5,14,16,1,422
VL-1088,2025-08,4,7,5,37,8,24,27,0,464
VL-1088,2025-09,4,7,7,55,13,14,32,0,448
VL-1088,2025-10,4,7,7,61,10,19,17,3,540
VL-1088,2025-11,4,6,5,34,8,24,28,2,649
VL-1088,2025-12,4,7,8,43,13,13,24,3,459
VL-1088,2026-01,3,3,5,36,6,14,15,0,485
VL-1088,2026-02,5,6,13,72,18,25,19,3,496
VL-1088,2026-03,5,8,4,45,7,24,35,1,1460
VL-1088,2026-04,3,4,5,42,7,20,24,0,463
VL-1088,2026-05,3,4,7,41,8,20,19,0,436
VL-1088,2026-06,2,3,3,31,5,10,11,1,442
VL-1088,2026-07,4,7,5,59,9,16,24,1,520
VL-1088,2026-08,4,5,5,45,7,23,27,0,500
VL-1089,2024-03,8,14,13,90,21,39,50,1,413
VL-1089,2024-04,7,11,12,92,22,24,57,0,460
VL-1089,2024-05,4,5,8,60,10,19,14,0,454
VL-1089,2024-06,5,9,9,54,11,29,39,3,524
VL-1089,2024-07,6,9,14,80,17,18,24,0,500
VL-1089,2024-08,6,8,7,50,9,22,23,0,493
VL-1089,2024-09,9,12,17,128,30,47,49,0,449
VL-1089,2024-10,6,10,7,75,13,38,39,1,402
VL-1089,2024-11,4,7,10,50,12,15,17,0,469
VL-1089,2024-12,3,5,4,43,5,14,20,2,456
VL-1089,2025-01,5,6,5,61,6,20,34,2,534
VL-1089,2025-02,7,9,14,90,23,38,41,4,477
VL-1089,2025-03,7,9,11,100,17,29,40,3,470
VL-1089,2025-04,3,4,5,31,8,12,18,0,495
VL-1089,2025-05,4,4,7,46,11,19,35,1,450
VL-1089,2025-06,5,8,5,56,6,24,44,0,442
VL-1089,2025-07,4,7,6,45,11,17,15,2,421
VL-1089,2025-08,4,6,5,38,9,14,29,2,499
VL-1089,2025-09,7,13,6,71,10,37,51,3,479
VL-1089,2025-10,5,7,7,46,11,32,37,3,498
VL-1089,2025-11,7,12,17,88,29,48,38,3,654
VL-1089,2025-12,3,4,8,44,14,19,13,0,518
VL-1089,2026-01,6,8,17,89,21,23,27,1,504
VL-1089,2026-02,5,9,8,74,10,34,43,0,443
VL-1089,2026-03,7,8,9,101,13,29,29,4,1330
VL-1089,2026-04,7,9,14,91,27,33,29,3,504
VL-1089,2026-05,6,7,6,66,10,27,35,0,395
VL-1089,2026-06,4,7,7,53,13,22,25,2,489
VL-1089,2026-07,8,11,20,108,37,37,57,0,510
VL-1089,2026-08,3,3,4,30,6,20,20,0,501
VL-1090,2024-03,1,1,1,9,1,3,4,0,517
VL-1090,2024-04,1,1,1,10,1,3,6,0,525
VL-1090,2024-05,1,1,1,13,1,6,3,0,447
VL-1090,2024-06,1,1,1,9,1,3,4,0,513
VL-1090,2024-07,1,1,1,9,1,6,5,0,471
VL-1090,2024-08,2,2,2,18,3,12,15,0,482
VL-1090,2024-09,2,3,3,19,5,6,14,0,403
VL-1090,2024-10,1,1,0,8,0,3,6,0,559
VL-1090,2024-11,1,1,1,9,1,3,3,0,535
VL-1090,2024-12,1,1,0,9,0,5,7,0,474
VL-1090,2025-01,1,1,1,14,1,6,7,0,434
VL-1090,2025-02,0,0,0,0,0,0,0,0,
VL-1090,2025-03,1,1,1,9,1,4,4,0,499
VL-1090,2025-04,1,1,1,9,1,5,7,0,503
VL-1090,2025-05,1,1,1,12,1,4,3,0,416
VL-1090,2025-06,1,1,0,9,0,3,4,0,441
VL-1090,2025-07,0,0,0,0,0,0,0,0,
VL-1090,2025-08,1,1,1,9,1,5,4,0,409
VL-1090,2025-09,1,1,1,9,1,6,7,0,538
VL-1090,2025-10,1,1,2,15,2,4,3,0,565
VL-1090,2025-11,1,1,1,8,1,6,5,0,620
VL-1090,2025-12,0,0,0,0,0,0,0,0,
VL-1090,2026-01,3,4,5,45,6,16,23,2,502
VL-1090,2026-02,1,1,1,9,1,3,5,0,535
VL-1090,2026-03,1,1,0,8,0,6,7,0,1436
VL-1090,2026-04,1,1,2,13,3,4,4,0,526
VL-1090,2026-05,2,3,3,18,5,11,17,0,448
VL-1090,2026-06,0,0,0,0,0,0,0,0,
VL-1090,2026-07,1,1,0,8,0,4,8,0,468
VL-1090,2026-08,1,1,1,11,1,3,5,0,492
VL-1091,2024-03,2,3,2,23,3,7,10,1,468
VL-1091,2024-04,1,1,1,9,1,3,8,0,450
VL-1091,2024-05,1,1,1,13,1,6,3,0,474
VL-1091,2024-06,1,1,1,15,1,3,6,0,492
VL-1091,2024-07,1,1,2,11,3,3,7,0,458
VL-1091,2024-08,1,1,1,10,1,5,5,0,523
VL-1091,2024-09,1,1,1,12,1,5,8,0,487
VL-1091,2024-10,1,1,1,9,1,5,8,0,535
VL-1091,2024-11,1,1,2,13,2,6,3,0,489
VL-1091,2024-12,1,1,1,11,1,3,5,0,471
VL-1091,2025-01,0,0,0,0,0,0,0,0,
VL-1091,2025-02,1,1,2,13,2,6,4,0,372
VL-1091,2025-03,2,2,3,27,4,11,9,0,477
VL-1091,2025-04,1,1,1,13,1,4,8,0,432
VL-1091,2025-05,2,2,2,21,3,8,9,1,470
VL-1091,2025-06,1,1,1,9,1,3,7,0,453
VL-1091,2025-07,2,2,4,23,7,12,11,0,410
VL-1091,2025-08,1,1,2,12,3,4,3,0,394
VL-1091,2025-09,1,1,1,9,1,4,6,0,452
VL-1091,2025-10,1,1,2,14,3,6,6,0,451
VL-1091,2025-11,2,2,4,26,5,8,7,0,610
VL-1091,2025-12,1,1,1,12,1,5,4,0,448
VL-1091,2026-01,1,1,1,12,1,4,8,0,431
VL-1091,2026-02,1,1,1,12,1,6,8,0,521
VL-1091,2026-03,0,0,0,0,0,0,0,0,
VL-1091,2026-04,1,1,1,8,1,6,3,0,454
VL-1091,2026-05,1,1,1,10,1,4,7,0,476
VL-1091,2026-06,0,0,0,0,0,0,0,0,
VL-1091,2026-07,3,5,3,29,3,10,14,0,413
VL-1091,2026-08,1,1,2,13,3,5,6,0,477
VL-1092,2024-11,1,1,1,8,1,3,8,0,471
VL-1092,2024-12,0,0,0,0,0,0,0,0,
VL-1092,2025-01,1,1,0,9,0,5,3,0,385
VL-1092,2025-02,1,1,1,8,1,6,6,0,419
VL-1092,2025-03,3,4,5,45,6,16,13,0,494
VL-1092,2025-04,2,2,2,23,3,8,16,1,500
VL-1092,2025-05,2,2,2,24,3,8,8,1,474
VL-1092,2025-06,1,1,1,9,1,5,6,0,462
VL-1092,2025-07,0,0,0,0,0,0,0,0,
VL-1092,2025-08,0,0,0,0,0,0,0,0,
VL-1092,2025-09,1,1,2,14,3,4,4,0,458
VL-1092,2025-10,1,1,1,14,1,6,8,0,473
VL-1092,2025-11,1,1,2,13,3,4,4,0,567
VL-1092,2025-12,1,1,1,11,1,4,5,0,436
VL-1092,2026-01,0,0,0,0,0,0,0,0,
VL-1092,2026-02,1,1,2,14,3,6,4,0,445
VL-1092,2026-03,1,1,2,15,3,6,7,0,1407
VL-1092,2026-04,0,0,0,0,0,0,0,0,
VL-1092,2026-05,1,1,1,13,1,5,6,0,447
VL-1092,2026-06,1,1,0,9,0,3,6,0,489
VL-1092,2026-07,1,1,1,11,1,6,3,0,437
VL-1092,2026-08,1,1,1,12,1,3,5,0,437
VL-1093,2024-03,4,6,6,48,7,13,31,0,589
VL-1093,2024-04,6,7,6,59,8,24,29,1,515
VL-1093,2024-05,6,8,8,87,15,18,24,2,457
VL-1093,2024-06,6,11,10,59,12,22,27,2,461
VL-1093,2024-07,5,7,7,42,12,19,22,0,540
VL-1093,2024-08,8,10,6,74,8,42,66,1,389
VL-1093,2024-09,8,14,18,110,35,44,39,2,561
VL-1093,2024-10,4,5,9,56,11,19,16,2,517
VL-1093,2024-11,7,13,14,85,20,32,40,5,438
VL-1093,2024-12,4,7,11,61,17,23,33,1,502
VL-1093,2025-01,9,13,9,94,16,47,53,2,482
VL-1093,2025-02,5,7,4,53,6,28,41,1,456
VL-1093,2025-03,7,11,17,89,25,36,58,5,439
VL-1093,2025-04,4,6,3,35,5,27,22,0,542
VL-1093,2025-05,5,7,6,65,7,25,29,2,391
VL-1093,2025-06,5,6,10,61,12,15,39,0,450
VL-1093,2025-07,7,12,15,106,26,33,59,3,486
VL-1093,2025-08,8,12,11,100,17,36,47,3,478
VL-1093,2025-09,4,7,10,53,14,20,19,0,451
VL-1093,2025-10,7,11,10,101,13,37,56,3,474
VL-1093,2025-11,5,7,7,49,12,31,29,2,606
VL-1093,2025-12,2,3,3,29,3,6,13,1,483
VL-1093,2026-01,8,10,22,117,33,54,29,2,476
VL-1093,2026-02,4,6,10,54,14,21,20,0,493
VL-1093,2026-03,8,10,21,102,36,25,43,1,1361
VL-1093,2026-04,6,11,15,75,21,32,36,3,511
VL-1093,2026-05,6,11,7,51,9,32,40,2,469
VL-1093,2026-06,7,13,18,92,25,43,26,4,412
VL-1093,2026-07,7,9,8,66,11,42,30,5,528
VL-1093,2026-08,6,11,6,64,9,40,31,3,444
VL-1155,2024-03,9,12,68,209,86,89,91,2,486
VL-1155,2024-04,8,13,51,248,64,61,86,2,440
VL-1155,2024-05,10,19,40,191,52,119,148,1,441
VL-1155,2024-06,8,11,50,162,86,61,101,3,439
VL-1155,2024-07,10,14,37,220,58,109,106,2,426
VL-1155,2024-08,10,14,47,226,78,61,117,2,478
VL-1155,2024-09,11,21,94,315,129,130,132,0,491
VL-1155,2024-10,10,14,34,222,54,58,94,1,552
VL-1155,2024-11,7,10,43,166,67,55,94,0,467
VL-1155,2024-12,7,13,61,223,120,48,42,0,473
VL-1155,2025-01,11,20,68,242,105,83,128,4,464
VL-1155,2025-02,14,18,58,340,113,174,112,5,519
VL-1155,2025-03,9,12,68,260,109,95,80,3,462
VL-1155,2025-04,13,21,74,338,122,102,66,4,451
VL-1155,2025-05,13,23,55,340,79,125,178,0,453
VL-1155,2025-06,14,26,76,400,92,162,182,0,554
VL-1155,2025-07,12,20,82,264,99,85,137,2,441
VL-1155,2025-08,12,20,88,291,117,108,77,0,475
VL-1155,2025-09,9,12,88,259,166,76,105,0,432
VL-1155,2025-10,10,17,38,206,62,95,63,2,446
VL-1155,2025-11,13,20,81,312,139,80,89,0,586
VL-1155,2025-12,6,8,35,140,43,33,35,2,478
VL-1155,2026-01,9,14,82,250,139,64,114,1,427
VL-1155,2026-02,10,17,48,266,69,79,147,3,446
VL-1155,2026-03,10,18,47,254,62,98,88,4,1355
VL-1155,2026-04,13,18,53,271,75,71,114,2,587
VL-1155,2026-05,11,21,62,286,96,70,73,3,492
VL-1155,2026-06,11,15,34,193,56,123,163,5,496
VL-1155,2026-07,8,14,55,227,102,91,98,2,518
VL-1155,2026-08,8,14,40,151,60,93,112,2,375
VL-1156,2024-03,13,18,71,286,107,83,114,4,393
VL-1156,2024-04,11,16,55,275,94,64,83,1,394
VL-1156,2024-05,10,16,30,181,38,102,77,3,451
VL-1156,2024-06,10,17,48,253,91,105,83,0,461
VL-1156,2024-07,10,15,75,285,132,101,75,3,433
VL-1156,2024-08,10,17,93,293,141,124,94,4,450
VL-1156,2024-09,10,15,52,209,99,104,105,2,519
VL-1156,2024-10,10,13,58,177,98,115,122,2,504
VL-1156,2024-11,7,10,43,198,57,75,65,3,412
VL-1156,2024-12,6,10,20,135,24,60,52,1,509
VL-1156,2025-01,7,9,51,171,84,81,45,2,495
VL-1156,2025-02,7,10,48,153,59,54,70,2,485
VL-1156,2025-03,9,16,66,258,115,69,131,1,537
VL-1156,2025-04,7,11,30,131,39,70,57,0,417
VL-1156,2025-05,8,11,50,254,78,75,58,2,491
VL-1156,2025-06,6,9,37,135,44,48,89,0,478
VL-1156,2025-07,6,9,50,170,61,56,68,0,488
VL-1156,2025-08,10,18,54,218,97,64,147,1,440
VL-1156,2025-09,11,17,40,223,71,88,132,4,500
VL-1156,2025-10,7,12,33,186,61,76,68,1,441
VL-1156,2025-11,12,17,72,222,138,138,72,2,606
VL-1156,2025-12,8,13,72,248,133,64,109,1,574
VL-1156,2026-01,7,13,59,170,87,49,76,1,363
VL-1156,2026-02,11,15,53,217,102,80,119,4,524
VL-1156,2026-03,13,22,104,368,183,95,177,3,1375
VL-1156,2026-04,8,13,70,226,85,72,50,0,502
VL-1156,2026-05,12,15,82,343,116,92,97,4,452
VL-1156,2026-06,12,15,66,288,80,107,69,3,504
VL-1156,2026-07,9,15,46,190,65,51,88,0,452
VL-1156,2026-08,5,8,26,117,37,38,34,2,533
VL-1157,2024-03,9,17,92,264,135,94,117,2,582
VL-1157,2024-04,11,15,70,302,96,86,117,1,548
VL-1157,2024-05,8,13,57,186,71,77,100,1,495
VL-1157,2024-06,11,19,95,315,174,127,127,1,509
VL-1157,2024-07,12,14,58,296,76,96,109,5,403
VL-1157,2024-08,7,8,34,129,44,60,78,0,544
VL-1157,2024-09,9,16,78,258,143,80,46,2,505
VL-1157,2024-10,10,18,68,321,115,60,147,0,467
VL-1157,2024-11,11,18,65,231,120,110,123,0,400
VL-1157,2024-12,10,14,40,239,55,76,89,3,430
VL-1157,2025-01,7,12,40,152,60,68,83,2,433
VL-1157,2025-02,9,16,43,180,62,103,130,3,402
VL-1157,2025-03,8,9,69,211,122,51,79,3,520
VL-1157,2025-04,16,23,83,379,131,193,103,3,552
VL-1157,2025-05,9,15,28,175,46,52,46,4,561
VL-1157,2025-06,9,11,60,255,100,108,123,1,479
VL-1157,2025-07,8,14,43,165,80,67,73,0,550
VL-1157,2025-08,8,10,35,232,63,82,70,3,529
VL-1157,2025-09,6,11,53,180,66,57,50,2,463
VL-1157,2025-10,11,13,42,239,80,113,80,2,480
VL-1157,2025-11,11,13,92,275,178,65,162,0,652
VL-1157,2025-12,9,10,46,161,61,66,108,0,518
VL-1157,2026-01,9,12,45,170,74,85,89,0,490
VL-1157,2026-02,6,10,25,125,38,71,51,0,450
VL-1157,2026-03,11,19,43,289,70,91,116,5,1402
VL-1157,2026-04,6,11,59,182,103,59,67,2,537
VL-1157,2026-05,12,14,52,288,81,87,74,1,399
VL-1157,2026-06,11,18,42,204,54,62,110,2,476
VL-1157,2026-07,9,11,35,215,44,81,88,2,576
VL-1157,2026-08,8,9,33,217,61,54,94,0,466
VL-1221,2026-05,11,21,21,162,31,66,167,3,478
VL-1221,2026-06,6,8,13,133,23,25,121,1,487
VL-1221,2026-07,12,14,30,266,45,73,217,3,417
VL-1221,2026-08,10,18,18,143,32,41,83,3,459
VL-1006,2024-03,10,14,15,90,18,32,57,3,462
VL-1006,2024-04,12,22,17,143,23,75,87,9,552
VL-1006,2024-05,9,13,27,135,37,33,62,3,582
VL-1006,2024-06,10,16,18,114,24,38,64,0,409
VL-1006,2024-07,9,10,17,85,31,55,66,1,490
VL-1006,2024-08,8,14,10,117,17,41,25,1,438
VL-1006,2024-09,8,15,9,77,15,46,58,1,433
VL-1006,2024-10,9,13,11,116,17,58,75,2,494
VL-1006,2024-11,12,18,33,172,60,64,87,3,480
VL-1006,2024-12,7,10,10,70,16,23,47,5,520
VL-1006,2025-01,11,21,20,109,37,69,42,0,467
VL-1006,2025-02,8,9,9,67,17,30,53,1,431
VL-1006,2025-03,4,6,10,55,14,13,25,2,489
VL-1006,2025-04,11,16,12,124,16,48,64,0,525
VL-1006,2025-05,13,24,31,179,42,74,97,9,479
VL-1006,2025-06,11,21,15,119,29,55,81,3,475
VL-1006,2025-07,9,12,12,130,20,47,67,5,466
VL-1006,2025-08,8,10,13,113,16,52,47,6,454
VL-1006,2025-09,11,20,19,137,27,71,73,6,439
VL-1006,2025-10,11,18,10,104,12,47,64,5,501
VL-1006,2025-11,9,15,17,89,32,48,39,5,546
VL-1006,2025-12,5,7,6,48,9,16,40,1,547
VL-1006,2026-01,8,9,22,114,35,25,70,1,453
VL-1006,2026-02,10,17,25,141,32,30,37,6,509
VL-1006,2026-03,8,10,10,68,19,48,38,5,1382
VL-1006,2026-04,10,17,24,140,42,64,37,5,545
VL-1006,2026-05,10,18,12,98,21,30,45,4,539
VL-1006,2026-06,7,11,13,71,16,27,57,0,532
VL-1006,2026-07,7,10,8,66,12,48,34,0,451
VL-1006,2026-08,6,9,14,72,17,27,41,0,480
VL-1094,2025-06,7,9,14,88,27,29,51,0,539
VL-1094,2025-07,5,8,7,54,11,24,44,0,467
VL-1094,2025-08,5,6,8,61,10,28,19,2,489
VL-1094,2025-09,4,6,8,42,14,14,24,2,513
VL-1094,2025-10,5,9,11,71,14,24,22,1,507
VL-1094,2025-11,5,9,13,71,24,33,39,2,606
VL-1094,2025-12,2,2,6,29,10,12,13,1,472
VL-1094,2026-01,4,7,6,34,8,24,19,1,545
VL-1094,2026-02,5,7,11,70,13,20,15,3,455
VL-1094,2026-03,5,8,13,64,17,18,15,1,1365
VL-1094,2026-04,6,10,10,52,13,40,27,0,526
VL-1094,2026-05,6,9,8,57,13,22,49,3,455
VL-1094,2026-06,5,8,6,60,10,25,33,3,474
VL-1094,2026-07,3,4,3,34,4,11,15,1,536
VL-1094,2026-08,6,7,9,92,11,30,47,0,426
VL-1095,2024-06,7,10,11,94,14,31,47,5,500
VL-1095,2024-07,4,7,7,59,12,18,29,0,570
VL-1095,2024-08,2,2,3,30,3,13,6,1,505
VL-1095,2024-09,7,10,14,72,17,43,46,1,430
VL-1095,2024-10,4,5,7,42,10,13,13,2,461
VL-1095,2024-11,6,11,11,78,19,39,45,0,461
VL-1095,2024-12,5,9,9,62,12,30,25,0,456
VL-1095,2025-01,5,6,7,62,10,32,19,0,504
VL-1095,2025-02,5,9,10,52,14,32,31,1,521
VL-1095,2025-03,5,6,9,62,15,30,43,1,529
VL-1095,2025-04,6,11,9,67,14,38,33,3,469
VL-1095,2025-05,6,9,8,79,14,23,42,3,447
VL-1095,2025-06,6,8,12,78,20,25,19,1,481
VL-1095,2025-07,5,7,4,42,6,25,41,3,487
VL-1095,2025-08,5,7,7,57,9,19,16,1,426
VL-1095,2025-09,3,5,6,44,9,19,24,1,535
VL-1095,2025-10,5,8,8,49,11,15,43,1,517
VL-1095,2025-11,5,7,6,73,8,31,42,0,684
VL-1095,2025-12,4,6,7,61,12,24,14,2,418
VL-1095,2026-01,5,7,6,60,11,22,26,3,467
VL-1095,2026-02,6,9,11,78,14,27,48,4,478
VL-1095,2026-03,3,3,4,43,5,13,14,0,1337
VL-1095,2026-04,5,9,7,71,8,33,21,1,460
VL-1095,2026-05,4,5,5,51,8,18,35,2,500
VL-1095,2026-06,5,7,14,74,17,28,32,1,501
VL-1095,2026-07,6,9,13,73,24,32,20,2,551
VL-1095,2026-08,6,7,11,65,14,20,28,3,499
VL-1096,2024-03,3,5,4,32,7,19,22,0,460
VL-1096,2024-04,2,3,3,18,5,10,7,1,453
VL-1096,2024-05,2,2,4,28,7,11,9,0,413
VL-1096,2024-06,2,3,2,22,2,11,15,1,511
VL-1096,2024-07,3,5,3,36,4,15,13,1,398
VL-1096,2024-08,1,1,1,12,1,4,7,0,509
VL-1096,2024-09,3,3,4,46,7,17,15,0,423
VL-1096,2024-10,1,1,1,10,1,6,7,0,465
VL-1096,2024-11,1,1,1,10,1,5,5,0,525
VL-1096,2024-12,1,1,1,14,1,4,4,0,601
VL-1096,2025-01,3,5,7,38,12,9,20,0,518
VL-1096,2025-02,0,0,0,0,0,0,0,0,
VL-1096,2025-03,3,5,6,42,7,17,12,0,474
VL-1096,2025-04,1,1,1,9,1,5,8,0,516
VL-1096,2025-05,1,1,1,13,1,6,7,0,498
VL-1096,2025-06,1,1,2,15,3,4,4,0,482
VL-1096,2025-07,1,1,1,12,1,5,7,0,478
VL-1096,2025-08,1,1,0,10,0,6,3,0,432
VL-1096,2025-09,2,3,3,24,5,9,16,0,482
VL-1096,2025-10,2,3,2,23,2,11,7,1,388
VL-1096,2025-11,2,2,4,22,7,8,15,1,579
VL-1096,2025-12,1,1,1,14,1,6,8,0,537
VL-1096,2026-01,2,2,3,21,5,7,6,0,458
VL-1096,2026-02,1,1,2,13,3,4,6,0,416
VL-1096,2026-03,0,0,0,0,0,0,0,0,
VL-1096,2026-04,1,1,1,12,1,3,8,0,438
VL-1096,2026-05,1,1,1,13,1,5,4,0,537
VL-1096,2026-06,1,1,1,9,1,6,3,0,478
VL-1096,2026-07,1,1,1,8,1,4,3,0,419
VL-1096,2026-08,2,3,5,29,9,11,15,0,468
VL-1097,2026-03,7,13,17,95,23,22,58,2,1380
VL-1097,2026-04,7,13,16,91,20,21,50,4,512
VL-1097,2026-05,5,8,11,76,17,16,25,2,485
VL-1097,2026-06,5,9,11,77,15,19,31,1,529
VL-1097,2026-07,5,8,13,66,22,30,20,3,559
VL-1097,2026-08,4,4,9,58,14,19,12,2,517
VL-1098,2024-03,11,13,26,136,33,33,46,2,489
VL-1098,2024-04,5,9,7,67,11,26,18,0,496
VL-1098,2024-05,6,9,8,57,14,38,18,4,428
VL-1098,2024-06,8,12,11,91,14,28,67,0,515
VL-1098,2024-07,7,11,9,69,16,21,37,5,557
VL-1098,2024-08,6,10,11,56,13,40,53,0,423
VL-1098,2024-09,7,10,10,107,13,27,40,1,556
VL-1098,2024-10,9,12,16,123,31,29,53,2,434
VL-1098,2024-11,11,20,23,122,28,40,94,0,472
VL-1098,2024-12,7,10,11,93,18,39,39,2,376
VL-1098,2025-01,11,18,30,169,54,43,98,0,470
VL-1098,2025-02,8,14,18,95,27,31,31,0,539
VL-1098,2025-03,8,9,12,83,19,45,33,6,469
VL-1098,2025-04,8,14,7,88,10,42,71,5,463
VL-1098,2025-05,8,12,18,90,27,45,55,6,431
VL-1098,2025-06,10,16,18,127,32,43,77,2,464
VL-1098,2025-07,12,16,31,182,60,46,68,2,457
VL-1098,2025-08,11,16,15,146,23,51,41,3,478
VL-1098,2025-09,6,11,14,83,24,24,35,4,412
VL-1098,2025-10,8,12,10,80,14,41,33,5,484
VL-1098,2025-11,11,21,23,124,32,73,35,6,581
VL-1098,2025-12,7,13,9,99,13,28,62,5,422
VL-1098,2026-01,13,23,21,124,38,48,98,8,464
VL-1098,2026-02,10,18,17,89,33,36,67,3,475
VL-1098,2026-03,10,13,16,92,25,50,64,0,1448
VL-1098,2026-04,8,13,20,109,35,55,29,1,450
VL-1098,2026-05,10,16,17,109,27,41,41,0,488
VL-1098,2026-06,9,12,16,104,25,61,67,1,499
VL-1098,2026-07,9,17,20,113,36,33,63,6,399
VL-1098,2026-08,9,15,20,115,36,55,51,4,449
VL-1099,2025-10,1,1,1,9,1,3,6,0,494
VL-1099,2025-11,1,1,1,15,1,3,4,0,567
VL-1099,2025-12,1,1,1,8,1,4,6,0,514
VL-1099,2026-01,1,1,1,11,1,3,8,0,452
VL-1099,2026-02,1,1,1,13,1,5,8,0,512
VL-1099,2026-03,1,1,2,12,2,3,6,0,1401
VL-1099,2026-04,1,1,1,10,1,6,3,0,440
VL-1099,2026-05,0,0,0,0,0,0,0,0,
VL-1099,2026-06,2,2,3,30,3,12,11,0,494
VL-1099,2026-07,1,1,2,11,3,4,8,0,442
VL-1099,2026-08,1,1,0,9,0,6,7,0,442
VL-1100,2024-03,10,14,10,102,19,63,50,5,508
VL-1100,2024-04,9,17,13,115,20,55,50,1,555
VL-1100,2024-05,10,13,22,109,33,32,88,7,478
VL-1100,2024-06,13,16,13,115,16,41,108,6,480
VL-1100,2024-07,8,10,11,109,19,48,64,2,502
VL-1100,2024-08,6,7,11,88,16,29,40,3,540
VL-1100,2024-09,10,14,18,91,25,32,59,4,412
VL-1100,2024-10,12,14,24,171,35,78,61,9,460
VL-1100,2024-11,3,4,6,44,11,9,17,2,434
VL-1100,2024-12,6,8,8,64,9,27,21,2,469
VL-1100,2025-01,7,10,9,98,14,35,43,3,492
VL-1100,2025-02,6,9,13,71,16,37,49,3,534
VL-1100,2025-03,13,24,22,191,28,52,49,2,469
VL-1100,2025-04,6,8,15,90,29,24,26,2,527
VL-1100,2025-05,11,18,26,167,33,36,86,2,448
VL-1100,2025-06,7,9,16,84,22,35,41,4,449
VL-1100,2025-07,14,25,25,170,47,70,78,1,507
VL-1100,2025-08,5,6,11,64,18,16,37,2,576
VL-1100,2025-09,9,15,11,100,17,61,76,3,472
VL-1100,2025-10,9,13,17,109,30,39,67,4,475
VL-1100,2025-11,7,12,9,79,11,46,52,3,676
VL-1100,2025-12,6,7,8,70,12,26,31,2,487
VL-1100,2026-01,10,16,14,141,23,31,74,3,404
VL-1100,2026-02,11,16,14,99,24,70,93,5,519
VL-1100,2026-03,6,9,11,58,18,24,43,2,1296
VL-1100,2026-04,11,14,12,123,23,41,47,5,482
VL-1100,2026-05,14,20,25,186,41,63,124,8,579
VL-1100,2026-06,6,9,15,74,26,37,31,4,482
VL-1100,2026-07,3,4,4,37,7,18,16,1,481
VL-1100,2026-08,7,10,10,106,17,25,62,0,496
VL-1101,2024-03,12,22,30,147,48,58,71,2,524
VL-1101,2024-04,11,15,16,100,22,39,87,2,491
VL-1101,2024-05,12,16,26,127,34,62,54,3,403
VL-1101,2024-06,10,18,12,119,19,42,55,7,429
VL-1101,2024-07,10,18,15,92,21,43,64,5,490
VL-1101,2024-08,8,13,20,121,29,32,42,3,442
VL-1101,2024-09,8,10,19,110,30,54,54,5,505
VL-1101,2024-10,10,15,13,111,25,34,34,3,442
VL-1101,2024-11,8,11,10,105,15,55,44,1,453
VL-1101,2024-12,8,11,19,99,36,46,54,5,416
VL-1101,2025-01,10,16,30,153,48,56,88,2,446
VL-1101,2025-02,9,11,12,102,23,27,42,1,565
VL-1101,2025-03,8,11,10,75,19,52,64,4,521
VL-1101,2025-04,8,9,12,83,20,25,40,1,580
VL-1101,2025-05,9,15,19,138,35,44,73,1,455
VL-1101,2025-06,10,16,20,131,32,49,46,6,472
VL-1101,2025-07,10,18,13,137,25,40,74,1,447
VL-1101,2025-08,5,8,10,57,19,15,17,3,443
VL-1101,2025-09,8,10,8,82,9,51,36,2,519
VL-1101,2025-10,9,12,12,105,23,54,41,3,467
VL-1101,2025-11,9,14,14,101,27,52,39,3,613
VL-1101,2025-12,7,12,12,73,23,31,22,0,428
VL-1101,2026-01,10,14,19,138,24,68,57,4,543
VL-1101,2026-02,8,10,9,78,12,29,37,2,453
VL-1101,2026-03,8,13,8,67,10,41,42,6,1381
VL-1101,2026-04,5,7,7,72,12,32,27,1,432
VL-1101,2026-05,9,13,11,77,13,48,61,0,516
VL-1101,2026-06,13,21,25,179,49,59,115,10,433
VL-1101,2026-07,11,15,22,150,40,54,61,7,528
VL-1101,2026-08,7,12,8,86,10,32,22,4,531
VL-1102,2024-03,6,9,16,81,27,22,50,3,470
VL-1102,2024-04,10,16,11,84,18,35,55,6,437
VL-1102,2024-05,4,7,3,39,4,14,29,0,518
VL-1102,2024-06,9,13,13,139,22,43,65,0,450
VL-1102,2024-07,12,15,24,176,31,49,88,1,483
VL-1102,2024-08,9,15,17,117,28,51,52,5,459
VL-1102,2024-09,9,10,13,117,20,59,61,5,455
VL-1102,2024-10,12,15,27,150,50,81,99,6,378
VL-1102,2024-11,10,13,15,97,18,30,83,0,509
VL-1102,2024-12,6,8,15,86,29,21,20,4,406
VL-1102,2025-01,8,13,20,101,30,43,38,2,530
VL-1102,2025-02,8,13,14,81,27,46,44,5,438
VL-1102,2025-03,8,12,18,118,22,54,68,4,464
VL-1102,2025-04,9,12,14,81,20,37,74,6,429
VL-1102,2025-05,8,14,15,115,25,31,46,5,444
VL-1102,2025-06,9,11,16,105,22,42,41,4,459
VL-1102,2025-07,5,8,4,47,7,18,31,3,506
VL-1102,2025-08,8,10,11,105,15,52,62,5,450
VL-1102,2025-09,13,20,15,110,25,81,78,2,504
VL-1102,2025-10,12,19,25,166,41,51,83,0,475
VL-1102,2025-11,11,16,16,139,22,60,42,2,586
VL-1102,2025-12,8,12,14,108,18,39,48,4,542
VL-1102,2026-01,12,23,22,157,29,80,40,2,463
VL-1102,2026-02,12,19,21,172,37,59,37,7,468
VL-1102,2026-03,9,15,11,119,14,43,80,4,1423
VL-1102,2026-04,13,20,24,182,38,72,46,1,468
VL-1102,2026-05,6,9,8,71,14,25,53,4,519
VL-1102,2026-06,14,25,14,127,18,62,74,0,548
VL-1102,2026-07,9,17,14,85,17,29,28,0,455
VL-1102,2026-08,8,10,13,78,21,43,48,4,454
VL-1103,2024-03,7,11,11,85,18,31,21,3,472
VL-1103,2024-04,6,7,10,60,19,33,25,0,434
VL-1103,2024-05,4,5,8,48,13,17,19,2,412
VL-1103,2024-06,7,12,8,97,15,45,21,4,497
VL-1103,2024-07,8,15,24,115,46,48,56,2,481
VL-1103,2024-08,7,13,9,61,14,47,26,4,410
VL-1103,2024-09,6,11,7,59,13,35,43,4,509
VL-1103,2024-10,9,14,9,96,14,47,49,0,504
VL-1103,2024-11,11,19,16,110,28,42,40,3,487
VL-1103,2024-12,7,13,12,104,22,30,42,4,433
VL-1103,2025-01,7,9,7,72,11,42,38,1,482
VL-1103,2025-02,7,11,19,101,28,45,28,2,509
VL-1103,2025-03,8,15,9,86,11,41,50,4,501
VL-1103,2025-04,9,15,15,132,18,30,59,2,493
VL-1103,2025-05,10,14,12,113,20,52,40,2,462
VL-1103,2025-06,6,7,13,70,17,23,35,3,403
VL-1103,2025-07,10,17,25,149,47,30,61,7,439
VL-1103,2025-08,8,14,17,86,29,41,50,4,497
VL-1103,2025-09,15,28,43,219,54,81,87,3,494
VL-1103,2025-10,11,21,18,145,34,43,89,1,546
VL-1103,2025-11,10,16,10,96,14,55,82,7,558
VL-1103,2025-12,8,14,19,111,34,25,25,1,539
VL-1103,2026-01,6,10,10,58,17,28,50,2,489
VL-1103,2026-02,9,14,14,102,26,50,71,4,504
VL-1103,2026-03,11,18,13,106,22,59,38,7,1428
VL-1103,2026-04,9,15,27,135,41,37,64,1,471
VL-1103,2026-05,13,23,26,147,46,72,48,7,477
VL-1103,2026-06,9,11,22,123,35,45,57,5,452
VL-1103,2026-07,9,11,19,94,32,45,31,1,505
VL-1103,2026-08,4,6,8,43,9,25,35,1,518
VL-1104,2024-11,5,8,8,46,15,20,31,1,467
VL-1104,2024-12,4,6,7,51,13,13,16,0,553
VL-1104,2025-01,6,8,18,92,21,23,47,0,416
VL-1104,2025-02,5,9,11,61,20,21,42,3,447
VL-1104,2025-03,2,3,2,23,3,7,17,0,518
VL-1104,2025-04,7,13,9,67,12,44,37,3,384
VL-1104,2025-05,5,9,6,71,9,17,43,3,426
VL-1104,2025-06,5,8,14,75,22,23,17,1,504
VL-1104,2025-07,6,10,8,51,11,30,34,0,500
VL-1104,2025-08,5,6,6,55,7,24,15,0,492
VL-1104,2025-09,7,10,6,61,11,23,22,2,469
VL-1104,2025-10,4,6,8,56,12,12,20,1,504
VL-1104,2025-11,4,5,4,42,5,13,27,0,605
VL-1104,2025-12,3,4,8,44,10,16,13,1,471
VL-1104,2026-01,5,6,10,72,12,21,27,0,514
VL-1104,2026-02,3,5,3,30,4,19,20,2,566
VL-1104,2026-03,3,5,5,28,8,12,24,1,1370
VL-1104,2026-04,7,11,10,62,16,23,43,1,492
VL-1104,2026-05,5,9,5,56,9,34,32,3,512
VL-1104,2026-06,8,14,13,86,21,39,63,5,465
VL-1104,2026-07,3,4,4,44,6,14,16,1,359
VL-1104,2026-08,4,6,9,61,14,20,30,2,486
VL-1185,2024-03,15,29,60,363,112,118,149,4,535
VL-1185,2024-04,11,20,72,212,105,70,131,3,500
VL-1185,2024-05,14,20,107,316,197,146,193,2,473
VL-1185,2024-06,19,27,78,488,98,216,165,7,477
VL-1185,2024-07,9,13,64,283,94,81,73,1,455
VL-1185,2024-08,4,7,20,124,29,27,57,1,485
VL-1185,2024-09,15,18,123,467,150,152,173,6,433
VL-1185,2024-10,11,21,85,256,168,73,85,4,492
VL-1185,2024-11,13,25,40,255,54,152,176,1,456
VL-1185,2024-12,12,22,84,260,103,145,173,1,524
VL-1185,2025-01,14,21,142,446,191,81,198,1,546
VL-1185,2025-02,20,37,136,470,207,173,207,7,504
VL-1185,2025-03,14,27,75,288,124,132,167,5,530
VL-1185,2025-04,13,25,63,327,89,155,134,0,470
VL-1185,2025-05,14,27,66,289,87,141,155,1,468
VL-1185,2025-06,10,12,56,205,88,61,61,3,523
VL-1185,2025-07,15,22,81,333,139,114,82,0,442
VL-1185,2025-08,15,23,166,478,274,149,197,1,448
VL-1185,2025-09,11,18,55,213,98,104,153,5,542
VL-1185,2025-10,20,30,114,367,192,235,165,6,425
VL-1185,2025-11,15,23,96,432,129,82,183,5,570
VL-1185,2025-12,13,17,124,356,179,148,176,1,535
VL-1185,2026-01,9,12,60,176,91,68,91,2,470
VL-1185,2026-02,11,15,114,327,173,136,107,3,425
VL-1185,2026-03,22,39,91,532,145,261,250,8,1336
VL-1185,2026-04,6,9,33,165,63,55,52,1,462
VL-1185,2026-05,14,19,67,403,85,130,96,2,469
VL-1185,2026-06,14,19,100,409,124,131,98,6,494
VL-1185,2026-07,17,30,75,454,111,211,140,5,508
VL-1185,2026-08,15,26,107,364,135,132,114,5,410
VL-1186,2024-03,12,21,66,275,89,70,116,2,427
VL-1186,2024-04,8,10,78,230,141,95,56,2,423
VL-1186,2024-05,16,23,137,489,271,160,199,2,445
VL-1186,2024-06,16,27,67,408,100,124,128,7,575
VL-1186,2024-07,20,38,195,608,318,240,132,2,406
VL-1186,2024-08,13,22,58,288,107,119,67,0,452
VL-1186,2024-09,15,19,134,485,192,106,178,1,520
VL-1186,2024-10,14,25,79,360,130,82,80,6,500
VL-1186,2024-11,14,19,102,319,192,139,73,3,464
VL-1186,2024-12,9,12,42,188,59,72,119,2,369
VL-1186,2025-01,16,21,68,438,111,137,148,0,513
VL-1186,2025-02,16,31,65,413,78,107,90,5,435
VL-1186,2025-03,12,19,76,260,123,82,81,2,492
VL-1186,2025-04,14,17,88,406,154,104,159,3,524
VL-1186,2025-05,14,24,70,438,119,124,165,1,395
VL-1186,2025-06,18,25,127,517,217,107,163,1,462
VL-1186,2025-07,5,7,27,97,39,46,40,1,420
VL-1186,2025-08,13,19,59,346,84,102,184,3,512
VL-1186,2025-09,10,14,46,288,77,97,129,2,496
VL-1186,2025-10,14,19,139,407,233,158,190,6,478
VL-1186,2025-11,14,22,90,426,112,118,105,2,639
VL-1186,2025-12,15,20,66,280,107,119,127,0,484
VL-1186,2026-01,15,28,83,343,120,125,97,3,464
VL-1186,2026-02,11,13,56,207,93,124,81,1,481
VL-1186,2026-03,15,22,104,305,133,90,199,0,1400
VL-1186,2026-04,19,30,144,487,268,179,172,5,488
VL-1186,2026-05,14,22,78,407,144,144,179,2,498
VL-1186,2026-06,15,25,137,486,225,171,199,3,446
VL-1186,2026-07,13,25,78,405,116,115,75,1,486
VL-1186,2026-08,16,19,162,492,258,169,140,6,515
VL-1187,2024-03,16,21,92,390,163,185,222,6,468
VL-1187,2024-04,13,25,88,408,132,156,108,1,513
VL-1187,2024-05,14,23,96,371,138,94,123,5,513
VL-1187,2024-06,9,17,71,256,102,110,112,2,438
VL-1187,2024-07,12,23,48,268,89,67,164,0,440
VL-1187,2024-08,6,10,45,180,79,40,77,2,475
VL-1187,2024-09,15,21,59,336,109,185,191,1,525
VL-1187,2024-10,13,17,120,365,200,141,119,6,501
VL-1187,2024-11,21,40,84,377,111,254,257,7,490
VL-1187,2024-12,9,12,70,265,101,99,93,0,439
VL-1187,2025-01,13,19,60,283,110,158,151,5,474
VL-1187,2025-02,13,19,53,243,75,157,114,1,435
VL-1187,2025-03,19,24,79,516,144,169,272,6,463
VL-1187,2025-04,17,26,105,336,206,150,158,6,493
VL-1187,2025-05,20,25,89,497,162,229,167,8,545
VL-1187,2025-06,6,9,41,134,77,55,73,2,512
VL-1187,2025-07,13,21,75,356,136,129,136,0,495
VL-1187,2025-08,14,17,80,365,117,112,89,0,554
VL-1187,2025-09,16,21,87,367,108,141,239,4,518
VL-1187,2025-10,12,19,73,298,108,106,85,5,510
VL-1187,2025-11,17,23,100,399,144,176,142,6,616
VL-1187,2025-12,8,11,37,165,56,74,88,3,517
VL-1187,2026-01,11,15,59,274,102,88,160,1,527
VL-1187,2026-02,17,21,60,353,111,200,108,2,583
VL-1187,2026-03,13,15,59,312,102,96,83,3,1334
VL-1187,2026-04,6,11,40,153,61,66,32,0,521
VL-1187,2026-05,17,32,159,513,241,185,223,3,499
VL-1187,2026-06,14,26,64,297,94,115,108,1,554
VL-1187,2026-07,12,16,61,282,85,93,63,4,456
VL-1187,2026-08,19,29,112,475,212,222,100,8,457
VL-1222,2024-03,18,29,26,229,43,101,191,0,428
VL-1222,2024-04,22,33,49,513,83,128,308,0,493
VL-1222,2024-05,19,37,64,402,110,83,268,5,495
VL-1222,2024-06,16,24,29,251,35,111,226,0,481
VL-1222,2024-07,14,17,40,299,63,117,281,2,404
VL-1222,2024-08,9,13,21,176,25,68,73,2,531
VL-1222,2024-09,22,31,46,363,87,103,413,2,468
VL-1222,2024-10,20,25,28,370,44,116,179,7,417
VL-1222,2024-11,21,39,22,266,26,148,439,5,460
VL-1222,2024-12,12,22,19,173,35,57,172,0,441
VL-1222,2025-01,11,15,31,233,46,83,156,4,522
VL-1222,2025-02,13,23,22,174,39,68,227,0,430
VL-1222,2025-03,16,24,45,293,55,100,322,2,416
VL-1222,2025-04,20,30,31,336,43,149,352,5,448
VL-1222,2025-05,17,32,29,216,53,70,309,1,564
VL-1222,2025-06,13,17,26,236,34,59,105,4,411
VL-1222,2025-07,15,24,30,205,57,86,133,5,531
VL-1222,2025-08,17,25,25,270,47,66,289,6,436
VL-1222,2025-09,22,33,36,323,67,141,455,7,517
VL-1222,2025-10,9,12,25,169,38,65,81,1,429
VL-1222,2025-11,17,23,39,390,58,111,289,3,598
VL-1222,2025-12,9,11,19,144,29,55,69,2,510
VL-1222,2026-01,13,18,22,273,40,70,256,4,510
VL-1222,2026-02,17,22,22,257,41,65,131,2,387
VL-1222,2026-03,6,10,18,122,24,33,82,0,1379
VL-1222,2026-04,16,21,34,280,67,58,157,1,509
VL-1222,2026-05,20,37,47,340,90,110,237,4,473
VL-1222,2026-06,15,22,46,336,67,102,183,1,470
VL-1222,2026-07,20,30,70,425,127,147,304,1,435
VL-1222,2026-08,11,13,20,248,29,80,186,0,455
VL-1007,2024-03,12,20,16,134,22,61,89,5,567
VL-1007,2024-04,8,13,23,117,37,38,58,3,589
VL-1007,2024-05,8,13,14,114,26,29,58,6,536
VL-1007,2024-06,13,18,26,133,47,90,108,3,545
VL-1007,2024-07,12,16,21,114,35,50,47,0,585
VL-1007,2024-08,6,9,9,92,13,24,34,0,582
VL-1007,2024-09,14,17,15,145,25,60,101,9,580
VL-1007,2024-10,7,13,12,86,19,41,53,3,555
VL-1007,2024-11,12,18,22,120,34,80,69,2,586
VL-1007,2024-12,8,10,16,86,19,30,54,5,511
VL-1007,2025-01,11,18,30,156,37,70,59,3,558
VL-1007,2025-02,13,17,23,118,30,55,71,6,647
VL-1007,2025-03,15,19,20,172,28,102,77,3,530
VL-1007,2025-04,12,22,23,163,43,61,77,4,660
VL-1007,2025-05,13,25,17,114,24,85,110,6,618
VL-1007,2025-06,9,17,26,137,43,53,61,0,584
VL-1007,2025-07,11,19,20,113,25,73,35,7,670
VL-1007,2025-08,8,11,16,121,26,47,32,1,579
VL-1007,2025-09,7,8,12,86,23,35,61,2,517
VL-1007,2025-10,13,24,28,157,44,77,51,8,634
VL-1007,2025-11,11,19,25,162,33,70,87,7,765
VL-1007,2025-12,5,7,7,68,13,21,24,3,575
VL-1007,2026-01,12,17,15,145,26,74,78,1,575
VL-1007,2026-02,16,20,18,158,24,55,66,7,597
VL-1007,2026-03,12,18,18,165,30,57,74,1,1517
VL-1007,2026-04,12,21,28,166,36,66,38,6,625
VL-1007,2026-05,13,18,31,174,46,40,111,4,515
VL-1007,2026-06,7,12,10,68,19,31,57,5,604
VL-1007,2026-07,11,16,15,153,23,55,91,3,590
VL-1007,2026-08,9,13,10,99,12,32,30,5,628
VL-1105,2024-03,8,12,7,73,13,38,65,0,545
VL-1105,2024-04,7,12,13,75,23,47,39,2,583
VL-1105,2024-05,8,13,12,71,14,54,26,2,663
VL-1105,2024-06,8,13,8,90,12,34,61,5,653
VL-1105,2024-07,12,20,19,105,33,59,82,2,594
VL-1105,2024-08,10,19,18,90,22,37,65,3,575
VL-1105,2024-09,7,13,10,66,12,36,36,5,684
VL-1105,2024-10,8,14,13,113,18,27,53,5,582
VL-1105,2024-11,3,5,6,32,9,11,15,1,632
VL-1105,2024-12,6,7,14,85,21,36,32,0,780
VL-1105,2025-01,5,8,7,73,12,22,23,0,565
VL-1105,2025-02,15,20,28,135,37,97,74,6,593
VL-1105,2025-03,11,20,23,165,41,67,71,4,625
VL-1105,2025-04,15,27,24,150,43,98,124,5,573
VL-1105,2025-05,11,15,32,158,39,73,71,5,640
VL-1105,2025-06,7,9,14,79,26,39,32,1,632
VL-1105,2025-07,13,17,19,178,37,53,76,10,642
VL-1105,2025-08,9,17,11,100,18,28,59,4,648
VL-1105,2025-09,11,20,13,99,25,74,85,7,625
VL-1105,2025-10,6,8,6,63,11,24,36,2,661
VL-1105,2025-11,10,15,23,134,34,45,69,0,788
VL-1105,2025-12,6,9,5,54,7,23,32,0,662
VL-1105,2026-01,4,5,6,52,11,26,35,2,623
VL-1105,2026-02,9,16,17,85,27,60,66,0,619
VL-1105,2026-03,10,14,11,87,19,42,33,7,1448
VL-1105,2026-04,9,11,13,109,21,40,70,3,631
VL-1105,2026-05,14,17,20,193,39,88,57,6,592
VL-1105,2026-06,8,10,12,80,23,41,46,1,564
VL-1105,2026-07,12,18,12,123,23,43,87,6,550
VL-1105,2026-08,8,9,10,67,15,29,39,1,625
VL-1106,2024-03,15,28,14,144,26,94,105,6,567
VL-1106,2024-04,13,24,29,169,35,67,72,4,624
VL-1106,2024-05,11,21,21,132,39,35,72,8,651
VL-1106,2024-06,11,19,15,93,20,51,47,7,596
VL-1106,2024-07,12,19,27,155,39,65,103,4,570
VL-1106,2024-08,7,10,9,59,17,21,60,0,517
VL-1106,2024-09,11,16,17,93,22,73,52,5,638
VL-1106,2024-10,8,15,11,72,18,40,64,3,603
VL-1106,2024-11,8,10,6,74,11,34,31,3,529
VL-1106,2024-12,11,19,27,135,40,55,53,6,595
VL-1106,2025-01,4,7,6,47,10,27,33,1,629
VL-1106,2025-02,8,11,9,90,11,52,71,4,631
VL-1106,2025-03,8,12,20,123,38,46,45,3,541
VL-1106,2025-04,10,16,11,112,13,51,57,2,557
VL-1106,2025-05,9,12,16,84,31,28,80,2,620
VL-1106,2025-06,10,18,15,84,27,38,34,7,600
VL-1106,2025-07,14,25,25,125,47,57,44,5,620
VL-1106,2025-08,8,14,13,103,20,55,46,5,619
VL-1106,2025-09,10,13,25,124,35,46,38,2,621
VL-1106,2025-10,12,22,24,142,29,43,75,8,546
VL-1106,2025-11,11,20,27,165,43,66,56,7,699
VL-1106,2025-12,10,18,26,139,31,64,61,7,594
VL-1106,2026-01,10,16,21,113,31,42,89,1,638
VL-1106,2026-02,10,14,12,84,20,46,63,6,591
VL-1106,2026-03,10,15,12,124,19,34,65,3,1517
VL-1106,2026-04,9,14,17,127,23,31,41,6,660
VL-1106,2026-05,9,13,15,83,24,48,42,1,563
VL-1106,2026-06,13,25,22,110,43,80,39,6,683
VL-1106,2026-07,12,18,23,137,29,46,39,2,481
VL-1106,2026-08,9,11,17,87,23,51,62,1,596
VL-1107,2024-03,10,18,19,103,24,56,72,2,685
VL-1107,2024-04,10,18,17,102,29,40,55,0,545
VL-1107,2024-05,9,15,13,90,20,31,34,2,597
VL-1107,2024-06,13,24,27,198,46,76,69,10,516
VL-1107,2024-07,12,15,20,108,36,60,104,5,566
VL-1107,2024-08,6,11,8,89,15,26,38,0,625
VL-1107,2024-09,11,17,12,112,21,74,36,0,620
VL-1107,2024-10,9,13,26,139,31,55,40,3,648
VL-1107,2024-11,7,12,7,84,10,30,55,2,575
VL-1107,2024-12,10,12,18,121,28,67,48,1,629
VL-1107,2025-01,8,14,16,78,20,47,44,5,603
VL-1107,2025-02,7,11,10,77,17,25,45,0,620
VL-1107,2025-03,9,12,23,122,36,32,35,4,574
VL-1107,2025-04,11,14,21,104,40,58,54,7,614
VL-1107,2025-05,8,15,14,77,25,40,66,4,603
VL-1107,2025-06,16,21,33,188,63,64,60,6,604
VL-1107,2025-07,8,12,21,123,32,42,62,0,595
VL-1107,2025-08,11,19,34,168,59,59,84,1,577
VL-1107,2025-09,9,15,7,84,10,41,73,1,666
VL-1107,2025-10,5,9,13,76,21,25,23,0,655
VL-1107,2025-11,12,19,31,172,50,44,76,3,780
VL-1107,2025-12,5,7,7,62,13,25,37,3,583
VL-1107,2026-01,9,12,15,89,24,56,71,4,594
VL-1107,2026-02,9,15,26,135,42,47,41,4,623
VL-1107,2026-03,10,14,12,112,20,55,32,2,1547
VL-1107,2026-04,6,7,7,64,11,18,53,4,607
VL-1107,2026-05,15,28,45,221,70,75,53,4,629
VL-1107,2026-06,8,15,14,74,27,47,63,2,575
VL-1107,2026-07,9,16,13,105,24,60,60,2,612
VL-1107,2026-08,9,15,14,86,27,32,43,3,512
VL-1108,2024-03,8,13,13,116,20,25,62,5,491
VL-1108,2024-04,10,13,19,119,28,44,40,3,637
VL-1108,2024-05,9,15,17,110,23,38,50,0,608
VL-1108,2024-06,10,16,10,94,12,60,30,2,619
VL-1108,2024-07,9,15,8,79,15,47,34,6,537
VL-1108,2024-08,10,19,13,140,20,47,34,6,647
VL-1108,2024-09,6,8,13,78,23,22,30,4,587
VL-1108,2024-10,11,15,16,134,28,67,37,2,581
VL-1108,2024-11,10,18,22,150,35,59,64,7,562
VL-1108,2024-12,7,9,9,91,13,32,58,2,632
VL-1108,2025-01,9,15,13,136,22,55,77,2,672
VL-1108,2025-02,12,17,30,182,51,66,72,0,555
VL-1108,2025-03,8,14,18,114,23,31,69,2,489
VL-1108,2025-04,8,12,25,122,31,46,64,6,602
VL-1108,2025-05,10,16,9,95,12,68,82,4,556
VL-1108,2025-06,12,23,19,123,23,49,72,2,579
VL-1108,2025-07,11,16,10,96,12,51,88,2,543
VL-1108,2025-08,12,19,24,153,47,72,45,9,653
VL-1108,2025-09,7,10,12,67,22,22,37,0,619
VL-1108,2025-10,4,6,7,39,10,13,28,1,603
VL-1108,2025-11,8,12,18,104,27,24,54,5,743
VL-1108,2025-12,8,15,11,118,14,55,38,3,599
VL-1108,2026-01,10,16,14,128,23,62,42,6,596
VL-1108,2026-02,12,17,20,167,26,43,45,8,564
VL-1108,2026-03,7,12,14,72,24,44,40,2,1494
VL-1108,2026-04,14,17,22,166,41,60,45,3,564
VL-1108,2026-05,13,16,14,129,23,48,116,7,574
VL-1108,2026-06,6,8,13,76,17,26,49,4,647
VL-1108,2026-07,7,12,13,84,17,41,37,5,591
VL-1108,2026-08,9,12,11,110,19,34,53,5,658
VL-1109,2024-03,8,10,10,76,17,29,62,5,545
VL-1109,2024-04,10,17,15,152,26,50,40,6,573
VL-1109,2024-05,10,17,16,98,21,57,49,1,604
VL-1109,2024-06,10,14,19,127,32,31,57,4,618
VL-1109,2024-07,10,17,24,125,30,42,57,5,631
VL-1109,2024-08,6,10,8,77,11,30,34,2,586
VL-1109,2024-09,3,4,7,45,13,9,15,2,582
VL-1109,2024-10,12,14,21,114,32,67,105,6,667
VL-1109,2024-11,7,11,10,71,13,42,43,1,645
VL-1109,2024-12,7,11,15,88,18,22,34,4,601
VL-1109,2025-01,8,9,8,74,14,48,40,1,596
VL-1109,2025-02,6,8,11,83,15,21,20,4,599
VL-1109,2025-03,8,13,12,106,19,29,60,5,596
VL-1109,2025-04,12,15,15,112,21,66,78,7,584
VL-1109,2025-05,11,16,20,102,28,47,91,7,606
VL-1109,2025-06,9,17,14,117,21,50,59,6,618
VL-1109,2025-07,6,9,7,75,11,35,48,1,525
VL-1109,2025-08,9,12,17,95,21,47,67,2,644
VL-1109,2025-09,7,9,10,85,17,48,52,3,581
VL-1109,2025-10,18,26,39,225,58,120,92,6,576
VL-1109,2025-11,9,15,10,92,15,61,51,5,816
VL-1109,2025-12,7,10,9,65,10,38,61,3,630
VL-1109,2026-01,13,18,23,128,38,62,40,0,690
VL-1109,2026-02,9,15,13,79,25,27,32,6,640
VL-1109,2026-03,8,11,19,122,25,47,34,3,1587
VL-1109,2026-04,13,20,15,114,24,50,71,6,537
VL-1109,2026-05,13,25,26,129,48,89,93,8,631
VL-1109,2026-06,14,20,27,179,40,52,46,7,620
VL-1109,2026-07,12,17,29,146,43,79,49,4,549
VL-1109,2026-08,10,14,15,110,22,30,81,1,590
VL-1110,2024-03,9,12,17,115,26,41,32,4,583
VL-1110,2024-04,10,15,25,124,39,42,49,6,524
VL-1110,2024-05,12,20,17,138,33,77,102,6,598
VL-1110,2024-06,9,13,23,139,31,48,46,6,577
VL-1110,2024-07,9,12,17,100,30,57,78,4,610
VL-1110,2024-08,7,13,17,100,20,34,38,3,629
VL-1110,2024-09,12,18,19,142,30,77,79,4,638
VL-1110,2024-10,9,16,18,137,31,40,66,5,620
VL-1110,2024-11,11,21,20,169,29,55,74,4,680
VL-1110,2024-12,9,10,18,91,24,51,40,2,599
VL-1110,2025-01,7,10,10,108,12,45,31,3,511
VL-1110,2025-02,10,16,25,135,43,43,88,4,612
VL-1110,2025-03,16,23,18,181,30,100,117,4,581
VL-1110,2025-04,12,23,20,134,32,53,82,6,659
VL-1110,2025-05,12,19,23,140,36,79,106,1,569
VL-1110,2025-06,10,18,23,150,37,35,71,1,576
VL-1110,2025-07,9,16,21,107,26,40,73,4,557
VL-1110,2025-08,11,14,11,112,21,55,87,7,604
VL-1110,2025-09,8,10,9,98,15,31,30,5,561
VL-1110,2025-10,14,17,27,166,52,52,75,5,587
VL-1110,2025-11,9,17,9,81,12,48,63,4,765
VL-1110,2025-12,3,5,3,27,5,16,14,1,633
VL-1110,2026-01,7,12,10,66,13,34,56,4,591
VL-1110,2026-02,10,19,23,119,42,58,79,1,634
VL-1110,2026-03,4,7,6,45,11,27,29,2,1502
VL-1110,2026-04,8,15,6,67,8,36,41,3,656
VL-1110,2026-05,9,11,18,96,26,61,71,5,585
VL-1110,2026-06,10,15,25,127,43,49,47,4,641
VL-1110,2026-07,13,17,25,151,46,73,107,2,656
VL-1110,2026-08,8,11,9,79,12,52,70,4,543
VL-1111,2024-03,9,17,21,105,30,52,33,1,661
VL-1111,2024-04,12,22,35,172,49,79,54,3,637
VL-1111,2024-05,9,10,20,106,24,47,52,4,593
VL-1111,2024-06,11,21,20,122,38,67,96,6,519
VL-1111,2024-07,12,23,19,133,36,68,47,6,567
VL-1111,2024-08,6,9,12,69,17,19,21,0,632
VL-1111,2024-09,8,14,16,82,30,26,25,0,637
VL-1111,2024-10,11,20,23,144,36,41,62,1,568
VL-1111,2024-11,11,21,18,98,29,66,98,1,632
VL-1111,2024-12,5,8,15,76,24,19,30,1,567
VL-1111,2025-01,10,18,17,129,31,36,57,3,543
VL-1111,2025-02,9,14,25,133,41,61,42,4,581
VL-1111,2025-03,7,9,8,81,13,45,33,1,553
VL-1111,2025-04,11,16,21,110,40,64,43,2,585
VL-1111,2025-05,14,24,13,119,16,55,56,7,551
VL-1111,2025-06,11,21,27,155,53,41,49,4,608
VL-1111,2025-07,7,10,8,83,14,42,36,1,642
VL-1111,2025-08,9,11,18,99,31,43,50,5,524
VL-1111,2025-09,9,10,25,122,38,61,68,6,619
VL-1111,2025-10,10,17,19,155,37,66,87,5,658
VL-1111,2025-11,11,15,17,154,22,70,66,0,770
VL-1111,2025-12,7,12,15,108,21,47,21,2,605
VL-1111,2026-01,9,17,17,85,20,35,75,2,556
VL-1111,2026-02,8,11,16,121,20,48,43,0,515
VL-1111,2026-03,12,19,18,166,29,36,47,7,1510
VL-1111,2026-04,9,11,12,85,19,54,34,1,574
VL-1111,2026-05,6,9,11,83,14,33,33,0,598
VL-1111,2026-06,11,17,11,112,16,54,56,8,555
VL-1111,2026-07,12,15,17,137,30,42,67,7,601
VL-1111,2026-08,8,14,12,71,15,47,39,1,596
VL-1112,2025-09,1,1,1,8,1,3,8,0,489
VL-1112,2025-10,1,1,1,14,1,5,5,0,518
VL-1112,2025-11,2,3,4,26,5,8,16,0,562
VL-1112,2025-12,1,1,1,12,1,5,5,0,531
VL-1112,2026-01,1,1,1,10,1,4,6,0,417
VL-1112,2026-02,2,2,2,19,3,12,16,0,460
VL-1112,2026-03,1,1,1,13,1,6,8,0,1331
VL-1112,2026-04,2,3,3,19,4,6,13,1,505
VL-1112,2026-05,1,1,1,8,1,4,6,0,428
VL-1112,2026-06,3,4,2,27,2,9,21,0,503
VL-1112,2026-07,1,1,2,14,2,3,4,0,407
VL-1112,2026-08,1,1,0,8,0,4,3,0,441
VL-1113,2026-02,5,9,13,70,17,22,26,3,436
VL-1113,2026-03,7,11,9,80,11,29,44,5,1417
VL-1113,2026-04,7,12,21,106,34,32,26,3,551
VL-1113,2026-05,6,8,16,90,30,39,39,4,579
VL-1113,2026-06,6,8,7,74,8,39,36,3,523
VL-1113,2026-07,7,8,15,90,24,28,34,4,428
VL-1113,2026-08,7,12,7,75,8,33,61,0,414
VL-1114,2024-03,4,6,6,47,10,13,19,3,445
VL-1114,2024-04,13,22,29,145,51,42,106,0,481
VL-1114,2024-05,11,21,13,127,21,49,48,1,508
VL-1114,2024-06,10,14,23,154,28,66,84,7,445
VL-1114,2024-07,12,15,19,146,28,64,54,7,462
VL-1114,2024-08,3,3,2,25,3,11,10,0,441
VL-1114,2024-09,10,15,15,143,25,68,86,6,438
VL-1114,2024-10,8,11,10,113,14,41,34,4,491
VL-1114,2024-11,17,28,32,184,40,88,137,9,454
VL-1114,2024-12,9,10,23,134,44,44,32,2,474
VL-1114,2025-01,11,14,18,165,26,70,77,3,430
VL-1114,2025-02,11,13,29,163,43,54,97,4,425
VL-1114,2025-03,12,17,18,138,24,57,51,4,505
VL-1114,2025-04,4,7,7,57,10,12,20,1,441
VL-1114,2025-05,11,14,14,93,26,54,52,2,414
VL-1114,2025-06,7,9,9,69,11,36,24,2,533
VL-1114,2025-07,10,18,19,104,35,67,71,2,571
VL-1114,2025-08,4,7,8,57,15,19,15,2,552
VL-1114,2025-09,6,9,6,63,8,37,31,0,493
VL-1114,2025-10,9,13,20,107,36,41,71,1,528
VL-1114,2025-11,6,9,6,63,7,37,22,1,619
VL-1114,2025-12,11,16,24,122,43,67,88,2,491
VL-1114,2026-01,8,14,11,100,18,43,27,5,568
VL-1114,2026-02,8,15,7,79,13,34,24,2,457
VL-1114,2026-03,8,11,17,82,22,38,49,5,1366
VL-1114,2026-04,9,12,11,97,16,44,73,6,522
VL-1114,2026-05,3,5,5,39,7,14,13,2,471
VL-1114,2026-06,6,10,14,73,22,20,29,0,461
VL-1114,2026-07,10,14,14,91,22,41,39,2,481
VL-1114,2026-08,10,13,16,126,21,35,54,4,375
VL-1115,2024-03,9,11,24,132,35,58,41,5,536
VL-1115,2024-04,8,12,8,96,15,28,60,4,484
VL-1115,2024-05,14,17,37,213,63,87,94,8,447
VL-1115,2024-06,6,11,11,54,20,24,50,4,569
VL-1115,2024-07,7,11,14,71,23,42,44,4,438
VL-1115,2024-08,9,17,13,120,21,27,55,0,440
VL-1115,2024-09,8,13,23,121,37,44,50,2,485
VL-1115,2024-10,12,21,17,142,24,70,45,9,462
VL-1115,2024-11,8,12,14,83,24,36,38,0,467
VL-1115,2024-12,2,3,2,23,2,8,10,0,464
VL-1115,2025-01,6,10,9,55,17,34,23,4,543
VL-1115,2025-02,8,11,14,93,21,37,38,5,452
VL-1115,2025-03,6,9,12,85,20,29,41,1,482
VL-1115,2025-04,10,14,19,126,27,37,44,6,529
VL-1115,2025-05,9,10,15,108,24,51,78,0,438
VL-1115,2025-06,10,12,20,138,34,65,60,6,554
VL-1115,2025-07,9,11,19,110,28,34,42,2,416
VL-1115,2025-08,12,18,24,120,32,55,50,5,475
VL-1115,2025-09,9,14,13,134,22,35,60,6,522
VL-1115,2025-10,7,10,13,80,21,31,45,5,445
VL-1115,2025-11,14,17,39,205,70,69,84,5,648
VL-1115,2025-12,9,12,11,95,17,60,37,5,464
VL-1115,2026-01,12,20,10,110,13,60,60,3,613
VL-1115,2026-02,7,12,7,74,12,22,61,1,492
VL-1115,2026-03,9,11,12,96,16,46,32,3,1353
VL-1115,2026-04,12,16,18,174,27,70,90,1,529
VL-1115,2026-05,7,9,14,102,23,37,49,0,416
VL-1115,2026-06,7,13,11,85,15,44,37,2,421
VL-1115,2026-07,10,17,13,121,23,55,70,5,472
VL-1115,2026-08,14,27,39,199,50,78,45,7,481
VL-1223,2026-02,7,11,22,138,30,34,122,1,667
VL-1223,2026-03,9,10,18,136,21,51,134,0,1464
VL-1223,2026-04,11,18,22,144,42,81,108,1,582
VL-1223,2026-05,7,8,15,138,21,46,111,0,589
VL-1223,2026-06,9,11,23,165,42,54,154,1,518
VL-1223,2026-07,11,18,15,141,29,84,161,2,585
VL-1223,2026-08,9,11,15,169,20,45,152,1,671
VL-1008,2024-03,8,15,10,117,12,34,70,3,451
VL-1008,2024-04,4,6,7,61,13,19,16,2,474
VL-1008,2024-05,9,12,10,110,12,54,62,3,572
VL-1008,2024-06,8,11,13,77,25,24,55,5,427
VL-1008,2024-07,4,7,4,36,5,12,35,2,474
VL-1008,2024-08,5,9,8,48,9,31,42,0,487
VL-1008,2024-09,6,9,13,73,17,37,49,2,458
VL-1008,2024-10,7,9,13,101,24,44,39,3,506
VL-1008,2024-11,9,17,23,135,43,60,79,1,481
VL-1008,2024-12,5,8,7,56,10,21,43,0,489
VL-1008,2025-01,5,8,14,74,25,31,19,0,454
VL-1008,2025-02,6,8,10,70,18,33,43,1,490
VL-1008,2025-03,3,4,3,29,5,9,25,0,514
VL-1008,2025-04,3,4,7,41,9,11,15,1,445
VL-1008,2025-05,7,13,14,88,20,45,54,1,537
VL-1008,2025-06,8,10,15,87,21,30,51,5,498
VL-1008,2025-07,7,10,16,90,19,21,31,1,551
VL-1008,2025-08,6,7,8,75,14,21,36,1,466
VL-1008,2025-09,7,11,14,104,26,44,31,1,490
VL-1008,2025-10,7,13,16,106,20,21,33,1,409
VL-1008,2025-11,4,5,6,33,7,15,31,0,588
VL-1008,2025-12,6,7,10,64,12,24,32,3,438
VL-1008,2026-01,8,11,15,120,21,33,43,4,485
VL-1008,2026-02,4,5,9,53,17,14,33,0,563
VL-1008,2026-03,3,5,5,31,9,16,23,1,1350
VL-1008,2026-04,6,11,6,63,10,23,27,3,482
VL-1008,2026-05,6,10,11,78,17,33,27,4,528
VL-1008,2026-06,8,11,11,86,17,52,61,0,370
VL-1008,2026-07,6,8,13,68,22,39,42,2,459
VL-1008,2026-08,4,6,4,44,7,14,32,2,470
VL-1116,2024-03,7,11,12,101,16,25,39,1,470
VL-1116,2024-04,10,14,8,96,11,39,65,6,486
VL-1116,2024-05,6,9,16,79,31,18,52,2,497
VL-1116,2024-06,6,8,12,85,17,28,49,0,472
VL-1116,2024-07,6,7,12,73,22,41,33,3,477
VL-1116,2024-08,5,7,12,61,22,29,22,1,465
VL-1116,2024-09,6,11,12,65,20,27,50,0,455
VL-1116,2024-10,8,10,21,110,32,45,50,5,497
VL-1116,2024-11,9,17,17,119,31,47,68,4,510
VL-1116,2024-12,6,11,7,64,13,30,24,3,420
VL-1116,2025-01,5,8,9,46,11,16,36,1,471
VL-1116,2025-02,6,11,12,79,16,18,38,0,447
VL-1116,2025-03,9,17,14,97,25,42,54,5,564
VL-1116,2025-04,6,8,7,51,9,40,22,3,529
VL-1116,2025-05,8,14,15,100,29,48,57,3,463
VL-1116,2025-06,9,13,26,131,50,61,71,0,446
VL-1116,2025-07,6,9,15,81,20,36,50,1,480
VL-1116,2025-08,4,4,8,43,10,16,34,2,509
VL-1116,2025-09,8,11,17,98,28,32,37,1,387
VL-1116,2025-10,6,7,9,74,15,27,19,1,475
VL-1116,2025-11,5,9,11,71,15,23,27,3,584
VL-1116,2025-12,4,7,8,45,15,24,27,2,473
VL-1116,2026-01,5,8,7,69,12,22,33,0,386
VL-1116,2026-02,9,17,12,137,22,28,31,7,470
VL-1116,2026-03,8,11,12,108,20,38,38,2,1373
VL-1116,2026-04,8,12,13,105,23,41,67,4,466
VL-1116,2026-05,7,11,6,67,8,26,30,2,471
VL-1116,2026-06,4,7,7,58,13,16,18,1,445
VL-1116,2026-07,7,11,9,87,10,31,27,1,568
VL-1116,2026-08,4,6,4,39,6,25,15,0,530
VL-1117,2024-03,2,2,2,19,3,9,7,0,475
VL-1117,2024-04,2,3,2,17,2,6,7,0,493
VL-1117,2024-05,2,3,2,17,3,6,12,1,456
VL-1117,2024-06,1,1,1,10,1,4,3,0,581
VL-1117,2024-07,2,2,3,17,5,7,12,0,509
VL-1117,2024-08,0,0,0,0,0,0,0,0,
VL-1117,2024-09,1,1,2,14,2,6,3,0,527
VL-1117,2024-10,1,1,1,10,1,6,4,0,509
VL-1117,2024-11,1,1,2,15,3,4,5,0,447
VL-1117,2024-12,2,3,3,17,5,7,8,0,437
VL-1117,2025-01,0,0,0,0,0,0,0,0,
VL-1117,2025-02,1,1,1,12,1,3,4,0,542
VL-1117,2025-03,1,1,1,8,1,3,4,0,502
VL-1117,2025-04,1,1,1,8,1,5,4,0,455
VL-1117,2025-05,2,3,3,28,3,6,15,0,450
VL-1117,2025-06,1,1,2,14,2,4,8,0,457
VL-1117,2025-07,1,1,1,14,1,5,8,0,531
VL-1117,2025-08,1,1,1,13,1,3,8,0,428
VL-1117,2025-09,3,5,7,39,9,16,10,0,477
VL-1117,2025-10,1,1,0,10,0,4,8,0,446
VL-1117,2025-11,3,4,6,36,11,16,20,1,592
VL-1117,2025-12,1,1,1,9,1,3,4,0,450
VL-1117,2026-01,1,1,2,13,2,5,7,0,458
VL-1117,2026-02,1,1,1,10,1,4,3,0,496
VL-1117,2026-03,1,1,1,11,1,3,7,0,1342
VL-1117,2026-04,2,2,5,29,9,6,7,0,485
VL-1117,2026-05,1,1,1,11,1,3,7,0,383
VL-1117,2026-06,2,2,5,29,8,7,7,0,496
VL-1117,2026-07,1,1,1,11,1,5,5,0,498
VL-1117,2026-08,1,1,1,12,1,6,7,0,496
VL-1118,2026-01,2,2,3,29,5,8,10,0,493
VL-1118,2026-02,1,1,1,11,1,3,6,0,449
VL-1118,2026-03,1,1,1,8,1,3,7,0,1442
VL-1118,2026-04,1,1,2,10,3,4,4,0,494
VL-1118,2026-05,1,1,1,9,1,6,5,0,385
VL-1118,2026-06,2,3,3,30,5,10,17,0,453
VL-1118,2026-07,0,0,0,0,0,0,0,0,
VL-1118,2026-08,1,1,1,14,1,6,8,0,449
VL-1119,2026-01,0,0,0,0,0,0,0,0,
VL-1119,2026-02,1,1,1,10,1,6,6,0,565
VL-1119,2026-03,2,2,4,25,5,10,9,0,1305
VL-1119,2026-04,1,1,1,15,1,6,6,0,478
VL-1119,2026-05,1,1,1,10,1,3,8,0,440
VL-1119,2026-06,1,1,1,11,1,6,4,0,492
VL-1119,2026-07,1,1,2,12,2,6,4,0,462
VL-1119,2026-08,1,1,0,10,0,3,5,0,512
VL-1120,2024-03,1,1,1,14,1,4,4,0,511
VL-1120,2024-04,2,2,2,23,3,6,17,0,448
VL-1120,2024-05,1,1,1,11,1,3,8,0,529
VL-1120,2024-06,1,1,1,11,1,6,7,0,472
VL-1120,2024-07,0,0,0,0,0,0,0,0,
VL-1120,2024-08,0,0,0,0,0,0,0,0,
VL-1120,2024-09,0,0,0,0,0,0,0,0,
VL-1120,2024-10,2,2,3,20,3,12,6,1,510
VL-1120,2024-11,1,1,1,12,1,6,5,0,521
VL-1120,2024-12,1,1,1,11,1,3,8,0,435
VL-1120,2025-01,1,1,1,11,1,6,8,0,529
VL-1120,2025-02,1,1,1,12,1,4,8,0,560
VL-1120,2025-03,0,0,0,0,0,0,0,0,
VL-1120,2025-04,2,2,3,17,4,12,17,1,448
VL-1120,2025-05,1,1,1,12,1,5,3,0,472
VL-1120,2025-06,1,1,1,14,1,4,6,0,505
VL-1120,2025-07,1,1,0,8,0,4,4,0,432
VL-1120,2025-08,1,1,2,13,3,3,8,0,429
VL-1120,2025-09,1,1,2,13,3,5,6,0,475
VL-1120,2025-10,1,1,2,14,2,4,5,0,486
VL-1120,2025-11,1,1,2,13,2,6,6,0,582
VL-1120,2025-12,2,3,3,31,5,6,8,0,519
VL-1120,2026-01,1,1,2,13,3,5,5,0,479
VL-1120,2026-02,1,1,1,10,1,6,5,0,526
VL-1120,2026-03,1,1,1,9,1,5,4,0,1404
VL-1120,2026-04,1,1,1,11,1,5,8,0,494
VL-1120,2026-05,1,1,0,8,0,6,7,0,446
VL-1120,2026-06,0,0,0,0,0,0,0,0,
VL-1120,2026-07,1,1,0,10,0,4,5,0,450
VL-1120,2026-08,1,1,2,12,2,3,8,0,439
VL-1121,2026-06,0,0,0,0,0,0,0,0,
VL-1121,2026-07,2,3,4,26,6,12,8,0,476
VL-1121,2026-08,0,0,0,0,0,0,0,0,
VL-1122,2024-03,8,12,16,90,30,53,28,2,514
VL-1122,2024-04,7,9,14,89,26,31,55,0,462
VL-1122,2024-05,7,13,11,88,20,23,22,2,487
VL-1122,2024-06,8,15,8,90,12,53,61,0,456
VL-1122,2024-07,5,8,5,42,7,19,34,1,534
VL-1122,2024-08,5,7,7,58,11,23,20,3,526
VL-1122,2024-09,9,16,16,116,29,56,43,6,445
VL-1122,2024-10,7,13,7,59,10,34,53,4,427
VL-1122,2024-11,8,12,13,85,16,51,41,3,463
VL-1122,2024-12,5,6,12,61,18,17,41,1,438
VL-1122,2025-01,6,10,6,58,10,31,53,3,458
VL-1122,2025-02,6,8,11,61,21,37,31,0,487
VL-1122,2025-03,8,12,24,115,47,31,29,3,469
VL-1122,2025-04,6,10,11,57,17,32,51,1,414
VL-1122,2025-05,7,11,10,103,17,48,25,1,469
VL-1122,2025-06,11,14,17,149,30,60,93,4,482
VL-1122,2025-07,7,13,15,77,26,35,49,0,444
VL-1122,2025-08,6,11,8,75,12,39,30,1,491
VL-1122,2025-09,6,10,11,76,16,29,27,4,398
VL-1122,2025-10,7,9,11,99,14,28,41,1,492
VL-1122,2025-11,6,11,9,83,15,22,21,4,606
VL-1122,2025-12,5,9,15,77,25,24,31,3,403
VL-1122,2026-01,7,11,13,79,23,28,41,3,461
VL-1122,2026-02,8,14,9,74,12,52,65,2,433
VL-1122,2026-03,8,15,9,71,11,45,56,3,1384
VL-1122,2026-04,5,8,8,50,13,23,26,3,475
VL-1122,2026-05,8,15,11,80,18,35,64,4,513
VL-1122,2026-06,8,15,14,94,25,48,66,0,505
VL-1122,2026-07,4,5,8,46,15,17,28,1,418
VL-1122,2026-08,4,7,7,42,10,13,18,3,434
VL-1123,2025-03,1,1,1,9,1,3,8,0,404
VL-1123,2025-04,1,1,1,9,1,3,3,0,396
VL-1123,2025-05,1,1,1,14,1,3,6,0,436
VL-1123,2025-06,1,1,1,10,1,3,8,0,488
VL-1123,2025-07,1,1,1,9,1,5,7,0,456
VL-1123,2025-08,1,1,1,12,1,5,8,0,486
VL-1123,2025-09,2,2,1,17,1,13,11,0,484
VL-1123,2025-10,2,3,2,16,2,10,15,0,558
VL-1123,2025-11,1,1,2,11,3,3,8,0,604
VL-1123,2025-12,0,0,0,0,0,0,0,0,
VL-1123,2026-01,1,1,1,13,1,3,4,0,478
VL-1123,2026-02,2,2,3,22,4,8,17,0,427
VL-1123,2026-03,1,1,2,15,3,3,7,0,1443
VL-1123,2026-04,2,3,4,31,5,13,10,0,423
VL-1123,2026-05,0,0,0,0,0,0,0,0,
VL-1123,2026-06,1,1,1,12,1,6,7,0,522
VL-1123,2026-07,1,1,1,13,1,4,5,0,439
VL-1123,2026-08,0,0,0,0,0,0,0,0,
VL-1124,2024-03,1,1,1,13,1,3,3,0,479
VL-1124,2024-04,1,1,1,11,1,5,7,0,430
VL-1124,2024-05,1,1,1,13,1,3,6,0,527
VL-1124,2024-06,1,1,2,14,2,3,5,0,483
VL-1124,2024-07,1,1,1,13,1,3,4,0,404
VL-1124,2024-08,1,1,1,13,1,6,4,0,401
VL-1124,2024-09,1,1,2,10,3,4,4,0,473
VL-1124,2024-10,0,0,0,0,0,0,0,0,
VL-1124,2024-11,2,2,2,16,3,10,9,1,460
VL-1124,2024-12,2,2,3,20,4,9,10,0,481
VL-1124,2025-01,2,2,4,25,7,11,13,0,515
VL-1124,2025-02,0,0,0,0,0,0,0,0,
VL-1124,2025-03,1,1,3,15,5,6,3,0,523
VL-1124,2025-04,1,1,1,13,1,3,5,0,495
VL-1124,2025-05,1,1,1,15,1,6,4,0,431
VL-1124,2025-06,2,3,4,23,5,13,6,0,470
VL-1124,2025-07,1,1,1,14,1,4,6,0,476
VL-1124,2025-08,1,1,1,11,1,4,6,0,447
VL-1124,2025-09,0,0,0,0,0,0,0,0,
VL-1124,2025-10,1,1,1,12,1,5,4,0,447
VL-1124,2025-11,2,3,4,29,6,7,12,1,606
VL-1124,2025-12,1,1,2,15,2,6,8,0,475
VL-1124,2026-01,1,1,2,13,3,6,4,0,523
VL-1124,2026-02,1,1,1,15,1,5,6,0,448
VL-1124,2026-03,2,3,3,24,5,13,11,1,1409
VL-1124,2026-04,3,4,3,30,5,20,10,2,426
VL-1124,2026-05,1,1,1,12,1,5,3,0,543
VL-1124,2026-06,1,1,1,12,1,4,5,0,484
VL-1124,2026-07,1,1,1,13,1,3,4,0,546
VL-1124,2026-08,0,0,0,0,0,0,0,0,
VL-1125,2024-03,6,11,16,81,31,18,35,4,465
VL-1125,2024-04,4,5,6,51,7,20,16,1,450
VL-1125,2024-05,6,7,6,71,10,20,52,4,462
VL-1125,2024-06,8,11,18,116,25,34,60,1,525
VL-1125,2024-07,9,14,26,128,43,43,41,1,497
VL-1125,2024-08,6,8,8,61,9,20,41,2,447
VL-1125,2024-09,7,13,11,104,13,29,41,2,499
VL-1125,2024-10,6,8,13,70,19,38,41,4,456
VL-1125,2024-11,5,9,4,48,7,28,37,1,446
VL-1125,2024-12,4,7,7,50,10,16,23,2,533
VL-1125,2025-01,6,10,11,91,20,23,45,0,468
VL-1125,2025-02,9,17,14,114,16,31,44,3,482
VL-1125,2025-03,7,9,8,69,12,48,35,1,430
VL-1125,2025-04,6,8,5,50,7,34,41,3,491
VL-1125,2025-05,6,8,12,90,21,28,45,3,495
VL-1125,2025-06,9,16,22,113,37,38,27,4,432
VL-1125,2025-07,5,7,9,54,13,34,18,3,512
VL-1125,2025-08,8,10,15,83,21,40,50,5,478
VL-1125,2025-09,8,12,18,93,21,35,55,2,511
VL-1125,2025-10,8,15,13,71,20,24,54,5,490
VL-1125,2025-11,7,12,11,84,15,21,35,2,545
VL-1125,2025-12,6,10,14,84,21,19,28,1,467
VL-1125,2026-01,7,11,12,81,20,41,42,0,430
VL-1125,2026-02,9,17,10,80,14,43,60,3,485
VL-1125,2026-03,7,11,13,78,22,46,22,1,1305
VL-1125,2026-04,9,12,21,105,29,45,42,5,464
VL-1125,2026-05,5,9,7,51,10,16,34,0,428
VL-1125,2026-06,7,13,9,98,17,37,58,0,472
VL-1125,2026-07,6,7,10,66,15,32,33,0,506
VL-1125,2026-08,8,10,12,106,15,35,24,3,402
VL-1126,2024-03,1,1,1,14,1,5,3,0,427
VL-1126,2024-04,2,3,2,18,3,12,13,0,432
VL-1126,2024-05,3,3,5,39,9,12,18,0,502
VL-1126,2024-06,2,3,2,19,2,8,8,1,552
VL-1126,2024-07,1,1,1,12,1,4,3,0,423
VL-1126,2024-08,1,1,1,8,1,3,5,0,431
VL-1126,2024-09,1,1,1,11,1,5,6,0,502
VL-1126,2024-10,1,1,2,12,3,3,7,0,475
VL-1126,2024-11,2,3,3,28,3,11,6,0,406
VL-1126,2024-12,0,0,0,0,0,0,0,0,
VL-1126,2025-01,2,3,4,24,7,12,11,1,536
VL-1126,2025-02,1,1,1,15,1,3,4,0,459
VL-1126,2025-03,1,1,2,11,3,6,5,0,449
VL-1126,2025-04,1,1,0,8,0,3,7,0,578
VL-1126,2025-05,1,1,0,8,0,3,5,0,425
VL-1126,2025-06,1,1,1,13,1,4,6,0,531
VL-1126,2025-07,0,0,0,0,0,0,0,0,
VL-1126,2025-08,2,3,5,30,9,8,8,0,481
VL-1126,2025-09,3,4,6,39,9,15,10,1,504
VL-1126,2025-10,2,3,5,26,8,10,9,1,472
VL-1126,2025-11,1,1,1,9,1,4,3,0,617
VL-1126,2025-12,1,1,1,13,1,4,3,0,477
VL-1126,2026-01,1,1,1,8,1,5,3,0,480
VL-1126,2026-02,2,2,3,25,4,12,13,0,453
VL-1126,2026-03,2,3,4,21,7,7,14,0,1322
VL-1126,2026-04,2,3,2,30,2,6,8,0,417
VL-1126,2026-05,1,1,1,10,1,6,8,0,448
VL-1126,2026-06,1,1,1,9,1,4,6,0,571
VL-1126,2026-07,0,0,0,0,0,0,0,0,
VL-1126,2026-08,1,1,1,13,1,3,7,0,459
VL-1161,2026-05,5,9,29,121,56,47,50,2,523
VL-1161,2026-06,7,8,66,220,97,76,49,1,397
VL-1161,2026-07,7,8,42,183,83,83,39,0,446
VL-1161,2026-08,3,4,21,71,25,20,42,0,424
VL-1162,2025-01,6,8,46,176,76,71,71,0,454
VL-1162,2025-02,9,12,73,284,121,98,72,3,505
VL-1162,2025-03,6,7,45,147,88,74,44,2,483
VL-1162,2025-04,7,13,67,204,95,53,62,1,474
VL-1162,2025-05,9,15,82,286,126,56,119,3,445
VL-1162,2025-06,6,8,25,106,30,74,71,1,411
VL-1162,2025-07,6,8,52,155,70,35,80,0,511
VL-1162,2025-08,4,4,20,77,36,27,34,0,586
VL-1162,2025-09,8,12,81,238,156,84,105,1,520
VL-1162,2025-10,9,11,54,177,107,90,99,3,520
VL-1162,2025-11,8,11,59,192,100,80,68,1,633
VL-1162,2025-12,6,8,25,126,44,51,80,1,500
VL-1162,2026-01,5,9,22,118,33,62,41,0,446
VL-1162,2026-02,6,9,33,177,44,45,86,2,432
VL-1162,2026-03,7,9,35,135,51,85,95,1,1333
VL-1162,2026-04,8,13,70,239,128,98,44,1,425
VL-1162,2026-05,6,8,34,185,46,48,51,0,497
VL-1162,2026-06,8,15,25,148,43,69,108,0,550
VL-1162,2026-07,6,8,46,177,84,63,58,2,465
VL-1162,2026-08,5,7,25,143,34,47,28,1,498
VL-1163,2024-03,16,23,126,410,250,171,168,5,476
VL-1163,2024-04,13,21,80,235,117,140,90,0,528
VL-1163,2024-05,13,17,72,399,136,123,69,6,538
VL-1163,2024-06,9,13,51,252,72,82,114,4,545
VL-1163,2024-07,13,16,82,368,152,149,86,5,578
VL-1163,2024-08,8,10,34,206,61,94,95,2,480
VL-1163,2024-09,15,23,98,465,121,95,110,5,456
VL-1163,2024-10,11,18,79,329,96,76,161,3,426
VL-1163,2024-11,16,27,91,448,113,157,94,0,517
VL-1163,2024-12,8,13,42,204,64,72,54,2,427
VL-1163,2025-01,14,22,67,425,88,134,139,2,447
VL-1163,2025-02,11,18,68,234,82,105,116,0,340
VL-1163,2025-03,6,11,44,154,70,54,77,0,582
VL-1163,2025-04,15,21,69,335,100,137,115,5,488
VL-1163,2025-05,12,22,94,365,172,130,179,3,524
VL-1163,2025-06,14,24,71,278,139,126,193,1,508
VL-1163,2025-07,13,16,87,274,162,116,125,0,505
VL-1163,2025-08,14,16,93,338,163,85,94,5,429
VL-1163,2025-09,9,12,31,181,43,93,103,2,466
VL-1163,2025-10,13,16,66,266,91,117,102,6,430
VL-1163,2025-11,11,18,99,313,140,65,162,4,619
VL-1163,2025-12,14,21,93,443,144,110,203,1,422
VL-1163,2026-01,13,24,75,372,138,72,177,1,477
VL-1163,2026-02,15,26,101,353,144,188,129,5,585
VL-1163,2026-03,6,8,31,129,59,63,85,1,1319
VL-1163,2026-04,16,31,47,283,86,195,138,0,503
VL-1163,2026-05,10,19,37,240,54,83,97,3,438
VL-1163,2026-06,11,15,97,331,175,122,91,1,435
VL-1163,2026-07,6,11,58,181,80,46,73,0,446
VL-1163,2026-08,10,14,53,235,83,86,121,2,480
VL-1224,2024-03,15,20,36,344,55,90,240,4,516
VL-1224,2024-04,17,29,47,281,85,116,161,4,526
VL-1224,2024-05,8,15,24,149,38,66,148,0,454
VL-1224,2024-06,21,40,35,322,53,120,264,7,478
VL-1224,2024-07,18,28,28,350,37,67,319,4,423
VL-1224,2024-08,21,29,28,301,41,106,299,7,486
VL-1224,2024-09,9,12,14,115,17,61,145,0,471
VL-1224,2024-10,20,36,46,320,79,117,213,2,495
VL-1224,2024-11,14,18,19,243,35,105,141,4,441
VL-1224,2024-12,15,19,24,226,33,96,231,3,489
VL-1224,2025-01,10,13,22,216,32,55,156,1,485
VL-1224,2025-02,18,27,50,321,74,148,353,0,471
VL-1224,2025-03,15,26,54,325,77,85,192,1,431
VL-1224,2025-04,22,41,70,481,134,183,429,0,526
VL-1224,2025-05,19,28,22,304,41,95,311,2,482
VL-1224,2025-06,17,21,37,351,48,104,243,5,461
VL-1224,2025-07,13,20,29,180,43,62,244,4,470
VL-1224,2025-08,12,18,35,217,49,88,165,2,473
VL-1224,2025-09,12,22,24,186,32,86,227,3,465
VL-1224,2025-10,21,37,62,446,84,113,379,2,444
VL-1224,2025-11,14,22,26,223,42,61,235,4,600
VL-1224,2025-12,17,33,39,316,58,116,206,4,449
VL-1224,2026-01,21,39,40,363,59,140,382,2,466
VL-1224,2026-02,18,21,26,257,34,100,371,6,450
VL-1224,2026-03,11,13,29,189,54,75,227,4,1386
VL-1224,2026-04,15,27,34,227,53,72,152,3,489
VL-1224,2026-05,15,22,38,251,64,110,119,2,487
VL-1224,2026-06,16,19,41,370,50,113,167,3,469
VL-1224,2026-07,17,30,29,289,57,132,173,4,490
VL-1224,2026-08,7,12,12,98,21,45,146,2,419
VL-1009,2024-03,5,6,8,68,14,21,42,1,493
VL-1009,2024-04,4,7,7,47,13,14,34,0,556
VL-1009,2024-05,4,6,8,39,10,20,22,0,504
VL-1009,2024-06,6,10,8,63,13,27,49,3,560
VL-1009,2024-07,5,8,14,76,19,26,16,3,496
VL-1009,2024-08,6,9,6,62,11,21,47,3,535
VL-1009,2024-09,6,9,11,85,15,28,42,0,463
VL-1009,2024-10,5,6,12,61,17,21,16,1,407
VL-1009,2024-11,7,12,9,69,16,27,56,1,489
VL-1009,2024-12,4,6,4,35,7,19,14,2,426
VL-1009,2025-01,5,8,8,47,13,25,26,1,601
VL-1009,2025-02,7,13,15,93,21,28,59,5,491
VL-1009,2025-03,5,7,9,48,12,27,25,0,475
VL-1009,2025-04,6,11,12,84,18,32,34,0,449
VL-1009,2025-05,4,6,3,40,5,12,19,2,477
VL-1009,2025-06,8,14,12,118,18,41,68,5,482
VL-1009,2025-07,5,6,5,51,7,17,20,3,495
VL-1009,2025-08,4,7,3,33,4,19,18,0,452
VL-1009,2025-09,5,7,5,46,7,25,29,0,510
VL-1009,2025-10,5,6,8,59,14,26,29,0,440
VL-1009,2025-11,4,7,7,61,9,21,24,0,631
VL-1009,2025-12,3,3,3,37,4,16,12,0,477
VL-1009,2026-01,5,8,10,76,17,31,19,3,546
VL-1009,2026-02,3,4,6,38,11,16,16,0,489
VL-1009,2026-03,8,13,17,84,31,32,39,2,1340
VL-1009,2026-04,5,6,7,73,8,18,29,2,415
VL-1009,2026-05,6,7,13,68,15,20,44,4,440
VL-1009,2026-06,6,11,11,92,18,21,52,4,491
VL-1009,2026-07,4,5,8,61,13,27,12,2,491
VL-1009,2026-08,5,7,6,49,11,23,26,1,476
VL-1127,2024-03,2,2,2,19,3,8,16,0,422
VL-1127,2024-04,1,1,1,11,1,4,3,0,396
VL-1127,2024-05,1,1,1,9,1,6,5,0,553
VL-1127,2024-06,2,2,2,21,3,12,16,0,475
VL-1127,2024-07,1,1,1,10,1,6,7,0,505
VL-1127,2024-08,0,0,0,0,0,0,0,0,
VL-1127,2024-09,1,1,2,15,2,5,8,0,413
VL-1127,2024-10,0,0,0,0,0,0,0,0,
VL-1127,2024-11,1,1,1,12,1,5,7,0,556
VL-1127,2024-12,1,1,2,10,3,5,8,0,452
VL-1127,2025-01,0,0,0,0,0,0,0,0,
VL-1127,2025-02,1,1,1,11,1,6,6,0,456
VL-1127,2025-03,1,1,1,8,1,5,7,0,480
VL-1127,2025-04,1,1,1,13,1,3,5,0,498
VL-1127,2025-05,0,0,0,0,0,0,0,0,
VL-1127,2025-06,1,1,2,15,2,6,3,0,386
VL-1127,2025-07,0,0,0,0,0,0,0,0,
VL-1127,2025-08,1,1,1,8,1,4,5,0,628
VL-1127,2025-09,1,1,1,12,1,4,7,0,462
VL-1127,2025-10,2,3,3,30,5,9,11,0,453
VL-1127,2025-11,1,1,0,10,0,3,5,0,666
VL-1127,2025-12,1,1,1,8,1,6,7,0,470
VL-1127,2026-01,1,1,2,13,3,6,7,0,437
VL-1127,2026-02,2,2,4,26,5,10,9,0,459
VL-1127,2026-03,2,2,3,27,5,10,16,1,1385
VL-1127,2026-04,2,3,1,16,1,6,16,0,535
VL-1127,2026-05,0,0,0,0,0,0,0,0,
VL-1127,2026-06,1,1,1,10,1,5,7,0,498
VL-1127,2026-07,1,1,1,10,1,6,3,0,419
VL-1127,2026-08,1,1,1,8,1,3,6,0,520
VL-1128,2025-09,0,0,0,0,0,0,0,0,
VL-1128,2025-10,0,0,0,0,0,0,0,0,
VL-1128,2025-11,0,0,0,0,0,0,0,0,
VL-1128,2025-12,0,0,0,0,0,0,0,0,
VL-1128,2026-01,1,1,1,10,1,6,6,0,542
VL-1128,2026-02,1,1,1,10,1,5,7,0,544
VL-1128,2026-03,1,1,2,13,2,5,7,0,1331
VL-1128,2026-04,1,1,2,11,3,6,5,0,482
VL-1128,2026-05,1,1,2,13,3,5,8,0,429
VL-1128,2026-06,2,3,5,27,9,6,15,0,477
VL-1128,2026-07,0,0,0,0,0,0,0,0,
VL-1128,2026-08,0,0,0,0,0,0,0,0,
VL-1129,2024-03,6,8,9,82,14,19,27,4,497
VL-1129,2024-04,5,7,9,46,13,32,32,0,478
VL-1129,2024-05,3,5,5,35,6,12,25,0,412
VL-1129,2024-06,5,9,10,70,19,31,23,1,530
VL-1129,2024-07,4,4,6,48,11,18,30,3,489
VL-1129,2024-08,6,11,11,92,21,39,47,0,506
VL-1129,2024-09,3,3,8,42,12,12,20,1,520
VL-1129,2024-10,4,5,8,57,11,19,27,0,489
VL-1129,2024-11,6,11,10,67,14,19,47,1,456
VL-1129,2024-12,2,3,3,22,4,8,10,0,456
VL-1129,2025-01,5,7,10,65,16,23,27,0,468
VL-1129,2025-02,7,10,13,91,25,30,22,2,491
VL-1129,2025-03,4,5,7,38,12,26,28,2,549
VL-1129,2025-04,4,6,6,45,7,27,31,2,510
VL-1129,2025-05,5,7,7,45,11,19,25,0,443
VL-1129,2025-06,5,7,11,65,15,16,27,2,423
VL-1129,2025-07,6,9,10,74,14,39,38,2,519
VL-1129,2025-08,5,9,8,44,15,30,40,0,478
VL-1129,2025-09,4,6,7,50,13,14,22,2,462
VL-1129,2025-10,4,7,5,35,6,17,25,0,519
VL-1129,2025-11,6,7,11,78,20,39,50,1,638
VL-1129,2025-12,5,7,7,47,8,21,28,3,559
VL-1129,2026-01,6,11,9,79,13,25,19,3,490
VL-1129,2026-02,5,6,10,73,14,19,31,3,628
VL-1129,2026-03,6,9,9,63,13,40,47,2,1400
VL-1129,2026-04,4,5,8,59,11,23,16,0,536
VL-1129,2026-05,5,7,7,54,10,16,27,0,387
VL-1129,2026-06,6,7,8,93,13,20,19,4,433
VL-1129,2026-07,6,9,10,68,19,27,25,0,496
VL-1129,2026-08,5,8,5,47,7,17,35,1,531
VL-1130,2025-07,2,2,4,25,5,7,11,0,502
VL-1130,2025-08,0,0,0,0,0,0,0,0,
VL-1130,2025-09,0,0,0,0,0,0,0,0,
VL-1130,2025-10,0,0,0,0,0,0,0,0,
VL-1130,2025-11,0,0,0,0,0,0,0,0,
VL-1130,2025-12,0,0,0,0,0,0,0,0,
VL-1130,2026-01,0,0,0,0,0,0,0,0,
VL-1130,2026-02,0,0,0,0,0,0,0,0,
VL-1130,2026-03,0,0,0,0,0,0,0,0,
VL-1130,2026-04,0,0,0,0,0,0,0,0,
VL-1130,2026-05,0,0,0,0,0,0,0,0,
VL-1130,2026-06,0,0,0,0,0,0,0,0,
VL-1130,2026-07,1,1,1,8,1,5,8,0,477
VL-1130,2026-08,0,0,0,0,0,0,0,0,
VL-1131,2024-03,1,1,2,13,3,4,5,0,627
VL-1131,2024-04,2,2,4,27,6,11,16,0,509
VL-1131,2024-05,2,3,3,17,5,7,11,0,443
VL-1131,2024-06,2,3,4,28,6,9,11,1,440
VL-1131,2024-07,1,1,1,15,1,3,8,0,493
VL-1131,2024-08,1,1,1,12,1,5,5,0,518
VL-1131,2024-09,0,0,0,0,0,0,0,0,
VL-1131,2024-10,0,0,0,0,0,0,0,0,
VL-1131,2024-11,1,1,1,11,1,6,6,0,505
VL-1131,2024-12,1,1,2,14,2,6,5,0,507
VL-1131,2025-01,1,1,1,14,1,6,8,0,472
VL-1131,2025-02,3,4,5,36,6,18,20,0,507
VL-1131,2025-03,1,1,1,12,1,5,6,0,502
VL-1131,2025-04,1,1,2,14,3,5,8,0,523
VL-1131,2025-05,1,1,1,10,1,5,7,0,483
VL-1131,2025-06,1,1,0,10,0,5,7,0,543
VL-1131,2025-07,2,3,4,25,6,10,7,0,398
VL-1131,2025-08,1,1,1,11,1,6,4,0,500
VL-1131,2025-09,1,1,1,13,1,3,8,0,416
VL-1131,2025-10,1,1,2,12,2,4,5,0,527
VL-1131,2025-11,2,2,2,21,3,13,12,1,643
VL-1131,2025-12,1,1,2,14,2,5,7,0,467
VL-1131,2026-01,1,1,2,15,3,4,3,0,424
VL-1131,2026-02,2,3,2,22,2,11,16,0,453
VL-1131,2026-03,2,3,5,29,6,12,17,1,1413
VL-1131,2026-04,1,1,1,9,1,3,4,0,503
VL-1131,2026-05,1,1,1,8,1,6,3,0,404
VL-1131,2026-06,1,1,1,8,1,3,7,0,445
VL-1131,2026-07,2,3,3,26,5,6,7,0,510
VL-1131,2026-08,0,0,0,0,0,0,0,0,
VL-1132,2024-05,0,0,0,0,0,0,0,0,
VL-1132,2024-06,0,0,0,0,0,0,0,0,
VL-1132,2024-07,1,1,0,9,0,3,4,0,485
VL-1132,2024-08,0,0,0,0,0,0,0,0,
VL-1132,2024-09,0,0,0,0,0,0,0,0,
VL-1132,2024-10,1,1,1,15,1,3,3,0,442
VL-1132,2024-11,1,1,1,11,1,5,6,0,446
VL-1132,2024-12,1,1,1,10,1,5,3,0,484
VL-1132,2025-01,2,3,2,22,2,8,16,0,504
VL-1132,2025-02,2,3,3,27,4,13,10,0,553
VL-1132,2025-03,0,0,0,0,0,0,0,0,
VL-1132,2025-04,1,1,1,11,1,3,3,0,441
VL-1132,2025-05,0,0,0,0,0,0,0,0,
VL-1132,2025-06,1,1,1,8,1,5,4,0,495
VL-1132,2025-07,1,1,1,14,1,5,8,0,460
VL-1132,2025-08,0,0,0,0,0,0,0,0,
VL-1132,2025-09,1,1,2,15,2,4,7,0,478
VL-1132,2025-10,1,1,2,14,3,3,5,0,458
VL-1132,2025-11,2,3,3,30,5,10,11,0,702
VL-1132,2025-12,1,1,1,9,1,6,6,0,464
VL-1132,2026-01,0,0,0,0,0,0,0,0,
VL-1132,2026-02,1,1,1,13,1,6,3,0,480
VL-1132,2026-03,1,1,2,11,3,4,6,0,1403
VL-1132,2026-04,1,1,1,14,1,6,7,0,496
VL-1132,2026-05,1,1,1,11,1,4,6,0,458
VL-1132,2026-06,0,0,0,0,0,0,0,0,
VL-1132,2026-07,0,0,0,0,0,0,0,0,
VL-1132,2026-08,1,1,1,10,1,5,5,0,459
VL-1133,2024-03,2,3,3,19,5,12,17,0,531
VL-1133,2024-04,1,1,0,8,0,3,7,0,463
VL-1133,2024-05,1,1,1,11,1,3,8,0,518
VL-1133,2024-06,1,1,2,13,3,6,4,0,422
VL-1133,2024-07,1,1,2,14,2,6,6,0,428
VL-1133,2024-08,2,2,2,24,3,10,6,0,461
VL-1133,2024-09,1,1,1,10,1,5,5,0,484
VL-1133,2024-10,1,1,1,10,1,4,8,0,500
VL-1133,2024-11,0,0,0,0,0,0,0,0,
VL-1133,2024-12,1,1,1,9,1,6,8,0,471
VL-1133,2025-01,1,1,1,12,1,5,7,0,519
VL-1133,2025-02,0,0,0,0,0,0,0,0,
VL-1133,2025-03,2,3,5,28,9,12,15,0,456
VL-1133,2025-04,1,1,0,8,0,4,7,0,520
VL-1133,2025-05,3,4,5,35,6,14,12,1,469
VL-1133,2025-06,1,1,1,10,1,3,8,0,433
VL-1133,2025-07,1,1,2,13,3,6,5,0,481
VL-1133,2025-08,1,1,1,8,1,6,4,0,519
VL-1133,2025-09,1,1,2,14,3,5,8,0,413
VL-1133,2025-10,1,1,1,15,1,3,7,0,438
VL-1133,2025-11,1,1,1,11,1,3,4,0,583
VL-1133,2025-12,1,1,1,15,1,4,8,0,518
VL-1133,2026-01,1,1,1,9,1,6,7,0,562
VL-1133,2026-02,1,1,1,9,1,6,3,0,381
VL-1133,2026-03,2,2,3,24,3,10,11,0,1394
VL-1133,2026-04,1,1,0,9,0,4,5,0,466
VL-1133,2026-05,1,1,1,9,1,6,3,0,479
VL-1133,2026-06,1,1,1,13,1,3,4,0,518
VL-1133,2026-07,2,3,2,17,2,7,9,0,466
VL-1133,2026-08,1,1,1,9,1,4,8,0,561
VL-1134,2024-03,1,1,2,14,3,3,8,0,466
VL-1134,2024-04,1,1,2,14,3,6,3,0,399
VL-1134,2024-05,2,3,2,20,3,11,9,1,503
VL-1134,2024-06,2,3,4,23,7,13,8,1,468
VL-1134,2024-07,1,1,1,11,1,6,3,0,471
VL-1134,2024-08,1,1,2,13,3,6,5,0,535
VL-1134,2024-09,1,1,0,8,0,3,8,0,445
VL-1134,2024-10,2,3,2,17,3,10,13,0,452
VL-1134,2024-11,1,1,1,9,1,6,6,0,490
VL-1134,2024-12,1,1,2,14,3,5,4,0,570
VL-1134,2025-01,0,0,0,0,0,0,0,0,
VL-1134,2025-02,0,0,0,0,0,0,0,0,
VL-1134,2025-03,1,1,1,12,1,4,4,0,458
VL-1134,2025-04,1,1,1,14,1,3,7,0,471
VL-1134,2025-05,1,1,0,8,0,3,8,0,520
VL-1134,2025-06,1,1,1,9,1,5,7,0,509
VL-1134,2025-07,1,1,1,10,1,4,5,0,460
VL-1134,2025-08,0,0,0,0,0,0,0,0,
VL-1134,2025-09,1,1,1,10,1,6,8,0,515
VL-1134,2025-10,1,1,2,15,2,4,8,0,450
VL-1134,2025-11,1,1,1,9,1,4,4,0,591
VL-1134,2025-12,1,1,1,10,1,6,5,0,445
VL-1134,2026-01,1,1,2,13,3,4,3,0,438
VL-1134,2026-02,1,1,1,10,1,5,3,0,436
VL-1134,2026-03,0,0,0,0,0,0,0,0,
VL-1134,2026-04,0,0,0,0,0,0,0,0,
VL-1134,2026-05,1,1,2,13,3,5,4,0,379
VL-1134,2026-06,0,0,0,0,0,0,0,0,
VL-1134,2026-07,1,1,1,9,1,6,6,0,454
VL-1134,2026-08,1,1,1,14,1,6,5,0,400
VL-1135,2024-03,1,1,1,11,1,6,4,0,575
VL-1135,2024-04,1,1,1,9,1,5,4,0,397
VL-1135,2024-05,0,0,0,0,0,0,0,0,
VL-1135,2024-06,1,1,1,8,1,4,5,0,427
VL-1135,2024-07,1,1,1,10,1,4,4,0,495
VL-1135,2024-08,2,3,3,28,3,11,14,0,438
VL-1135,2024-09,1,1,2,13,3,4,3,0,465
VL-1135,2024-10,1,1,1,11,1,3,8,0,500
VL-1135,2024-11,2,3,3,27,5,6,14,0,416
VL-1135,2024-12,0,0,0,0,0,0,0,0,
VL-1135,2025-01,1,1,1,11,1,6,8,0,403
VL-1135,2025-02,0,0,0,0,0,0,0,0,
VL-1135,2025-03,1,1,2,15,2,5,8,0,497
VL-1135,2025-04,1,1,1,11,1,4,7,0,530
VL-1135,2025-05,2,3,4,21,7,6,9,1,475
VL-1135,2025-06,1,1,1,9,1,6,7,0,437
VL-1135,2025-07,2,3,3,27,3,11,11,1,465
VL-1135,2025-08,1,1,1,11,1,5,3,0,514
VL-1135,2025-09,1,1,2,11,3,5,7,0,421
VL-1135,2025-10,1,1,1,13,1,3,5,0,563
VL-1135,2025-11,1,1,1,15,1,3,3,0,618
VL-1135,2025-12,1,1,0,8,0,5,7,0,550
VL-1135,2026-01,1,1,1,12,1,4,7,0,551
VL-1135,2026-02,0,0,0,0,0,0,0,0,
VL-1135,2026-03,0,0,0,0,0,0,0,0,
VL-1135,2026-04,0,0,0,0,0,0,0,0,
VL-1135,2026-05,1,1,1,13,1,5,3,0,480
VL-1135,2026-06,0,0,0,0,0,0,0,0,
VL-1135,2026-07,1,1,1,12,1,3,4,0,526
VL-1135,2026-08,1,1,1,10,1,3,6,0,424
VL-1177,2024-03,11,17,68,317,95,97,63,3,499
VL-1177,2024-04,8,11,24,153,32,60,108,2,549
VL-1177,2024-05,11,19,59,323,94,95,112,4,437
VL-1177,2024-06,9,15,49,158,70,112,132,2,482
VL-1177,2024-07,7,12,40,216,61,60,100,0,400
VL-1177,2024-08,12,16,124,365,237,148,76,0,463
VL-1177,2024-09,11,19,45,294,65,92,58,3,502
VL-1177,2024-10,8,15,58,220,90,94,68,0,507
VL-1177,2024-11,11,17,58,312,96,127,137,3,501
VL-1177,2024-12,7,9,41,181,51,79,94,2,492
VL-1177,2025-01,13,16,135,394,223,121,188,1,442
VL-1177,2025-02,11,15,88,260,122,135,100,3,453
VL-1177,2025-03,8,13,45,257,72,70,66,0,446
VL-1177,2025-04,10,15,65,285,119,83,66,2,452
VL-1177,2025-05,8,11,30,188,41,64,58,0,499
VL-1177,2025-06,11,18,78,258,93,78,158,1,489
VL-1177,2025-07,7,11,23,128,40,58,58,0,477
VL-1177,2025-08,9,12,30,171,56,67,61,2,545
VL-1177,2025-09,9,11,32,204,49,82,115,3,457
VL-1177,2025-10,6,11,37,121,60,69,72,2,369
VL-1177,2025-11,12,18,41,227,63,82,166,0,607
VL-1177,2025-12,7,13,32,130,58,42,98,2,488
VL-1177,2026-01,8,12,33,142,49,75,79,0,510
VL-1177,2026-02,11,15,76,310,137,117,150,3,482
VL-1177,2026-03,8,9,32,208,63,55,63,0,1374
VL-1177,2026-04,5,9,43,141,52,33,68,1,509
VL-1177,2026-05,5,9,22,130,38,49,58,0,496
VL-1177,2026-06,9,15,69,201,110,79,46,1,426
VL-1177,2026-07,12,20,92,268,114,69,165,2,462
VL-1177,2026-08,9,11,81,257,107,83,50,4,513
VL-1178,2024-03,10,13,87,252,122,116,129,0,540
VL-1178,2024-04,4,5,17,82,29,37,42,0,470
VL-1178,2024-05,6,11,49,164,74,74,86,0,439
VL-1178,2024-06,10,13,30,184,37,119,108,4,451
VL-1178,2024-07,7,12,55,218,75,80,100,0,444
VL-1178,2024-08,9,16,57,254,110,62,122,1,530
VL-1178,2024-09,10,15,35,226,60,122,102,1,515
VL-1178,2024-10,8,13,37,204,56,74,50,2,537
VL-1178,2024-11,11,13,93,307,137,111,128,0,513
VL-1178,2024-12,5,6,32,115,53,36,66,0,526
VL-1178,2025-01,4,6,27,122,51,39,37,0,511
VL-1178,2025-02,10,18,83,261,100,86,145,0,514
VL-1178,2025-03,8,10,49,190,92,46,83,3,357
VL-1178,2025-04,10,16,37,202,60,101,98,1,464
VL-1178,2025-05,10,18,69,306,119,124,64,2,500
VL-1178,2025-06,11,16,47,201,63,67,97,0,511
VL-1178,2025-07,7,9,36,222,63,86,77,2,437
VL-1178,2025-08,10,17,45,212,78,118,72,0,488
VL-1178,2025-09,6,11,27,169,43,40,78,0,471
VL-1178,2025-10,6,10,28,113,49,53,51,1,472
VL-1178,2025-11,8,15,55,255,105,45,78,2,548
VL-1178,2025-12,5,6,24,107,35,57,42,0,481
VL-1178,2026-01,14,20,80,348,143,119,90,6,460
VL-1178,2026-02,7,11,58,210,90,39,79,2,403
VL-1178,2026-03,12,19,45,289,68,136,81,4,1384
VL-1178,2026-04,9,14,34,199,57,99,82,2,386
VL-1178,2026-05,7,13,31,178,40,78,58,2,502
VL-1178,2026-06,8,15,56,245,76,80,115,1,495
VL-1178,2026-07,9,11,30,179,42,66,111,2,456
VL-1178,2026-08,7,8,47,218,89,67,94,1,496
VL-1225,2024-03,22,39,54,372,97,106,311,3,578
VL-1225,2024-04,9,17,21,154,39,62,176,2,479
VL-1225,2024-05,14,21,33,214,41,51,206,4,551
VL-1225,2024-06,20,37,33,333,60,161,279,3,590
VL-1225,2024-07,17,22,18,234,33,89,163,1,527
VL-1225,2024-08,13,21,14,184,27,103,105,2,481
VL-1225,2024-09,18,29,43,277,84,89,337,0,509
VL-1225,2024-10,18,28,43,328,56,76,344,2,456
VL-1225,2024-11,18,29,38,313,60,100,224,1,517
VL-1225,2024-12,13,24,25,199,48,71,242,2,515
VL-1225,2025-01,13,21,22,295,32,95,181,0,492
VL-1225,2025-02,22,41,28,319,40,159,373,8,452
VL-1225,2025-03,17,28,38,244,65,63,231,4,532
VL-1225,2025-04,22,27,48,362,91,147,247,0,497
VL-1225,2025-05,14,23,21,238,38,112,116,0,554
VL-1225,2025-06,18,21,27,248,34,81,230,5,447
VL-1225,2025-07,22,37,39,477,61,105,189,5,466
VL-1225,2025-08,14,18,27,210,45,65,115,4,438
VL-1225,2025-09,19,29,33,420,47,143,326,0,547
VL-1225,2025-10,19,28,55,367,71,159,343,7,452
VL-1225,2025-11,12,15,18,235,22,94,89,1,612
VL-1225,2025-12,9,17,22,199,27,52,102,1,445
VL-1225,2026-01,15,29,53,340,82,86,129,3,430
VL-1225,2026-02,16,29,44,372,61,60,303,2,465
VL-1225,2026-03,22,29,37,363,45,169,441,8,1394
VL-1225,2026-04,18,21,35,374,46,90,314,1,432
VL-1225,2026-05,14,24,31,282,60,95,161,5,407
VL-1225,2026-06,15,18,31,194,43,110,138,5,468
VL-1225,2026-07,14,27,16,201,27,67,243,3,485
VL-1225,2026-08,18,26,35,247,54,110,364,5,478
VL-1191,2024-03,12,22,10,97,14,61,32,2,523
VL-1191,2024-04,15,27,19,175,25,71,38,1,518
VL-1191,2024-05,15,27,12,144,17,66,17,2,515
VL-1191,2024-06,4,5,3,29,3,13,9,1,512
VL-1191,2024-07,8,14,8,62,11,20,13,0,520
VL-1191,2024-08,9,17,6,69,9,23,10,0,462
VL-1191,2024-09,9,14,7,83,10,40,23,1,460
VL-1191,2024-10,12,22,12,116,16,64,16,1,525
VL-1191,2024-11,6,9,5,57,7,27,12,1,430
VL-1191,2024-12,9,12,7,103,10,46,11,2,594
VL-1191,2025-01,13,23,14,122,17,52,24,3,485
VL-1191,2025-02,6,11,3,57,3,20,15,0,439
VL-1191,2025-03,15,19,14,123,17,61,32,3,422
VL-1191,2025-04,11,15,13,125,25,48,15,1,418
VL-1191,2025-05,8,13,8,80,15,41,18,2,453
VL-1191,2025-06,9,11,7,92,13,26,23,2,501
VL-1191,2025-07,8,11,7,56,10,25,11,1,502
VL-1191,2025-08,10,15,12,128,21,47,13,0,504
VL-1191,2025-09,10,15,13,115,17,39,14,3,491
VL-1191,2025-10,9,17,12,113,20,31,10,2,527
VL-1191,2025-11,4,6,2,33,2,18,4,0,583
VL-1191,2025-12,6,9,6,50,8,27,14,0,527
VL-1191,2026-01,9,11,9,84,14,28,13,0,469
VL-1191,2026-02,13,24,14,161,27,57,28,3,522
VL-1191,2026-03,9,11,13,99,19,23,25,2,1332
VL-1191,2026-04,12,23,13,141,21,34,34,0,469
VL-1191,2026-05,8,13,8,103,15,26,8,1,497
VL-1191,2026-06,6,9,5,42,7,27,12,0,490
VL-1191,2026-07,15,25,14,187,23,51,22,2,434
VL-1191,2026-08,5,7,5,62,9,23,14,1,475
VL-1192,2024-03,11,19,7,82,10,40,21,2,499
VL-1192,2024-04,12,17,13,103,24,45,19,1,449
VL-1192,2024-05,7,8,11,90,19,38,8,0,493
VL-1192,2024-06,13,19,9,103,11,68,33,2,507
VL-1192,2024-07,9,15,9,97,15,34,25,1,493
VL-1192,2024-08,9,17,10,110,15,39,18,1,421
VL-1192,2024-09,10,15,8,103,11,39,25,0,524
VL-1192,2024-10,14,23,15,138,28,56,21,1,558
VL-1192,2024-11,14,26,9,125,14,49,26,1,518
VL-1192,2024-12,7,8,3,55,4,26,16,1,502
VL-1192,2025-01,8,10,7,64,8,41,15,2,498
VL-1192,2025-02,12,20,9,154,17,40,12,1,487
VL-1192,2025-03,9,14,13,106,23,30,23,0,460
VL-1192,2025-04,11,20,11,93,14,35,29,2,440
VL-1192,2025-05,12,16,10,146,18,37,22,1,502
VL-1192,2025-06,15,23,15,131,24,43,27,1,453
VL-1192,2025-07,12,22,15,121,18,41,25,1,525
VL-1192,2025-08,10,18,12,110,18,24,28,2,474
VL-1192,2025-09,9,12,7,80,10,22,12,2,523
VL-1192,2025-10,11,16,7,87,8,33,21,0,406
VL-1192,2025-11,10,15,10,118,16,41,27,2,652
VL-1192,2025-12,7,8,7,80,11,37,15,1,360
VL-1192,2026-01,13,22,12,142,22,63,16,3,505
VL-1192,2026-02,8,15,9,102,13,28,11,1,395
VL-1192,2026-03,9,11,10,108,18,41,22,2,1386
VL-1192,2026-04,13,19,16,162,22,33,31,1,383
VL-1192,2026-05,12,19,5,84,6,32,22,0,536
VL-1192,2026-06,6,9,7,65,13,16,17,0,479
VL-1192,2026-07,14,20,16,132,25,67,32,0,464
VL-1192,2026-08,9,15,14,109,19,42,22,2,404
VL-1193,2024-03,12,23,19,149,36,61,25,1,494
VL-1193,2024-04,6,9,3,62,5,25,15,0,425
VL-1193,2024-05,14,18,16,129,20,61,31,4,513
VL-1193,2024-06,10,19,8,89,12,25,28,0,489
VL-1193,2024-07,8,10,8,70,10,29,20,0,509
VL-1193,2024-08,10,13,5,82,7,33,22,2,543
VL-1193,2024-09,7,9,7,66,10,22,14,0,467
VL-1193,2024-10,11,16,14,116,26,56,30,0,573
VL-1193,2024-11,17,26,18,189,33,73,49,3,446
VL-1193,2024-12,11,17,9,122,12,61,21,2,458
VL-1193,2025-01,14,21,21,172,32,63,31,1,499
VL-1193,2025-02,17,29,15,192,19,61,19,2,497
VL-1193,2025-03,10,14,9,126,16,55,21,1,527
VL-1193,2025-04,14,22,15,136,23,51,29,2,452
VL-1193,2025-05,12,19,7,104,11,44,16,2,473
VL-1193,2025-06,9,17,8,75,11,46,20,2,473
VL-1193,2025-07,3,5,2,21,3,10,4,0,508
VL-1193,2025-08,8,11,5,57,9,29,10,1,509
VL-1193,2025-09,10,19,12,114,23,40,21,2,519
VL-1193,2025-10,8,15,10,75,13,25,20,0,485
VL-1193,2025-11,13,19,13,111,17,60,22,3,666
VL-1193,2025-12,7,12,10,74,12,33,18,2,423
VL-1193,2026-01,13,25,11,102,20,43,26,3,481
VL-1193,2026-02,12,17,10,94,12,30,12,2,497
VL-1193,2026-03,9,16,5,63,7,42,10,2,1385
VL-1193,2026-04,11,21,6,83,8,40,23,0,538
VL-1193,2026-05,12,17,5,84,9,47,24,3,514
VL-1193,2026-06,13,19,17,145,22,64,18,1,423
VL-1193,2026-07,10,18,6,99,9,33,14,2,479
VL-1193,2026-08,14,20,10,176,17,75,31,0,437
VL-1194,2024-03,14,25,20,179,39,63,21,2,456
VL-1194,2024-04,11,14,9,135,14,30,23,1,449
VL-1194,2024-05,10,12,7,81,12,48,29,2,476
VL-1194,2024-06,4,4,3,45,5,16,8,0,524
VL-1194,2024-07,9,17,7,101,13,43,15,1,527
VL-1194,2024-08,14,19,15,142,29,47,20,4,476
VL-1194,2024-09,12,19,6,87,7,61,20,0,507
VL-1194,2024-10,13,24,10,157,19,69,31,1,449
VL-1194,2024-11,8,12,6,56,8,24,20,0,464
VL-1194,2024-12,8,11,9,90,15,23,16,0,436
VL-1194,2025-01,13,18,7,112,10,55,22,0,458
VL-1194,2025-02,10,18,12,110,19,37,17,1,476
VL-1194,2025-03,14,19,8,105,11,46,34,3,523
VL-1194,2025-04,17,29,18,135,29,80,32,5,525
VL-1194,2025-05,10,17,6,87,10,48,10,2,417
VL-1194,2025-06,8,9,4,61,7,33,16,1,447
VL-1194,2025-07,8,14,10,89,13,21,18,2,465
VL-1194,2025-08,9,15,6,92,11,41,11,0,540
VL-1194,2025-09,8,15,4,67,5,25,19,1,466
VL-1194,2025-10,6,8,7,61,8,23,15,1,429
VL-1194,2025-11,14,25,17,177,25,51,14,1,574
VL-1194,2025-12,9,15,8,116,13,31,10,2,462
VL-1194,2026-01,7,11,9,84,17,31,19,0,479
VL-1194,2026-02,11,19,18,138,35,36,18,1,454
VL-1194,2026-03,11,16,6,89,8,31,24,2,1341
VL-1194,2026-04,12,21,17,152,24,56,33,0,488
VL-1194,2026-05,8,11,5,66,8,21,13,0,513
VL-1194,2026-06,12,15,8,84,11,50,12,1,484
VL-1194,2026-07,10,17,7,94,12,49,28,0,508
VL-1194,2026-08,9,14,10,94,18,35,12,0,514
VL-1195,2024-06,1,1,0,11,0,3,2,0,458
VL-1195,2024-07,2,3,2,23,3,10,3,0,446
VL-1195,2024-08,1,1,1,9,1,3,1,0,522
VL-1195,2024-09,1,1,1,9,1,4,1,0,497
VL-1195,2024-10,2,3,2,23,3,11,5,0,452
VL-1195,2024-11,1,1,0,9,0,4,1,0,475
VL-1195,2024-12,1,1,1,8,1,4,2,0,469
VL-1195,2025-01,2,3,1,20,1,10,4,0,474
VL-1195,2025-02,1,1,1,10,1,4,2,0,508
VL-1195,2025-03,2,2,2,24,2,6,3,0,471
VL-1195,2025-04,0,0,0,0,0,0,0,0,
VL-1195,2025-05,1,1,1,9,1,3,2,0,427
VL-1195,2025-06,1,1,0,10,0,4,1,0,459
VL-1195,2025-07,2,3,1,19,1,10,4,0,560
VL-1195,2025-08,1,1,0,8,0,5,2,0,465
VL-1195,2025-09,2,3,2,17,3,9,5,0,470
VL-1195,2025-10,1,1,0,7,0,4,1,0,611
VL-1195,2025-11,2,3,2,22,3,7,5,0,610
VL-1195,2025-12,1,1,0,8,0,2,1,0,455
VL-1195,2026-01,2,3,1,21,1,4,3,0,488
VL-1195,2026-02,1,1,1,12,1,3,1,0,545
VL-1195,2026-03,1,1,0,8,0,5,2,0,1400
VL-1195,2026-04,1,1,0,7,0,3,2,0,495
VL-1195,2026-05,1,1,0,8,0,3,2,0,477
VL-1195,2026-06,1,1,1,11,1,2,1,0,459
VL-1195,2026-07,2,3,2,23,3,7,2,0,474
VL-1195,2026-08,1,1,1,9,1,5,1,0,507
VL-1196,2024-03,14,19,20,163,38,44,37,3,514
VL-1196,2024-04,8,14,8,81,13,27,15,0,492
VL-1196,2024-05,5,9,3,41,4,12,9,0,436
VL-1196,2024-06,9,16,8,69,14,31,23,0,431
VL-1196,2024-07,12,22,6,84,10,47,34,1,551
VL-1196,2024-08,13,21,16,153,27,56,22,3,461
VL-1196,2024-09,12,19,12,112,17,55,32,0,449
VL-1196,2024-10,12,23,12,100,16,65,33,2,454
VL-1196,2024-11,10,17,9,83,15,25,18,2,422
VL-1196,2024-12,8,13,11,91,18,28,23,1,492
VL-1196,2025-01,16,19,16,177,22,77,21,3,525
VL-1196,2025-02,15,26,13,129,19,43,34,2,410
VL-1196,2025-03,19,31,19,145,31,59,52,5,545
VL-1196,2025-04,13,22,18,166,23,36,21,1,397
VL-1196,2025-05,15,20,16,145,29,73,17,3,413
VL-1196,2025-06,15,22,8,111,9,50,37,2,604
VL-1196,2025-07,17,27,16,176,22,59,23,3,438
VL-1196,2025-08,10,15,14,106,19,29,24,0,546
VL-1196,2025-09,16,30,16,173,26,58,35,3,338
VL-1196,2025-10,7,10,5,72,6,36,18,1,459
VL-1196,2025-11,8,13,5,56,7,29,12,1,624
VL-1196,2025-12,13,25,18,156,31,32,30,0,479
VL-1196,2026-01,9,17,10,95,18,42,25,0,373
VL-1196,2026-02,9,14,7,90,12,43,13,2,459
VL-1196,2026-03,10,17,15,128,25,44,12,2,1488
VL-1196,2026-04,7,13,6,73,8,34,16,0,490
VL-1196,2026-05,13,18,18,145,22,51,32,3,461
VL-1196,2026-06,9,17,10,80,18,29,23,0,492
VL-1196,2026-07,11,15,9,91,13,32,22,0,427
VL-1196,2026-08,9,11,7,92,10,48,11,0,472
VL-1197,2024-03,13,18,10,145,13,63,18,1,423
VL-1197,2024-04,13,22,6,95,7,49,23,0,481
VL-1197,2024-05,11,17,9,134,17,55,23,2,455
VL-1197,2024-06,12,17,8,144,9,47,35,3,518
VL-1197,2024-07,6,9,4,65,6,20,15,0,444
VL-1197,2024-08,14,24,16,166,21,55,16,3,539
VL-1197,2024-09,11,17,7,93,12,58,13,1,367
VL-1197,2024-10,8,14,7,92,8,28,9,0,462
VL-1197,2024-11,7,11,4,53,6,30,8,1,465
VL-1197,2024-12,9,10,5,66,9,26,13,1,536
VL-1197,2025-01,12,19,12,107,21,52,12,2,382
VL-1197,2025-02,12,22,6,89,8,38,27,1,482
VL-1197,2025-03,13,18,9,140,16,66,33,0,496
VL-1197,2025-04,13,18,10,140,12,72,18,0,469
VL-1197,2025-05,8,13,6,60,11,21,15,0,388
VL-1197,2025-06,11,15,10,139,18,37,28,1,511
VL-1197,2025-07,12,19,11,88,13,50,28,2,433
VL-1197,2025-08,17,26,15,154,26,64,37,0,516
VL-1197,2025-09,11,13,9,77,11,59,25,3,492
VL-1197,2025-10,13,21,15,146,23,46,22,3,501
VL-1197,2025-11,8,12,9,95,16,40,23,0,607
VL-1197,2025-12,11,16,6,94,8,38,13,2,486
VL-1197,2026-01,7,11,8,85,13,18,12,1,486
VL-1197,2026-02,13,19,13,149,21,53,13,1,479
VL-1197,2026-03,7,10,5,79,9,32,15,2,1395
VL-1197,2026-04,13,21,9,138,14,36,24,1,534
VL-1197,2026-05,15,26,25,182,33,51,25,1,479
VL-1197,2026-06,12,17,9,117,14,62,24,1,542
VL-1197,2026-07,9,16,9,69,15,27,20,0,491
VL-1197,2026-08,9,15,7,86,8,49,26,0,455
VL-1198,2024-03,11,16,8,104,14,54,30,1,585
VL-1198,2024-04,8,15,12,99,22,44,19,0,489
VL-1198,2024-05,16,20,16,162,28,40,19,2,509
VL-1198,2024-06,13,21,21,160,25,68,25,0,450
VL-1198,2024-07,9,11,13,99,16,48,20,1,468
VL-1198,2024-08,12,18,11,88,21,54,25,2,524
VL-1198,2024-09,13,18,7,97,12,48,21,1,439
VL-1198,2024-10,15,22,22,172,37,52,39,1,539
VL-1198,2024-11,8,11,6,83,7,20,15,0,473
VL-1198,2024-12,13,24,6,94,11,53,28,0,432
VL-1198,2025-01,9,14,12,91,21,45,24,1,489
VL-1198,2025-02,12,15,15,120,22,52,21,2,409
VL-1198,2025-03,14,26,15,133,29,67,26,1,602
VL-1198,2025-04,12,15,8,99,11,33,29,1,390
VL-1198,2025-05,8,11,6,89,9,29,11,0,523
VL-1198,2025-06,7,11,7,70,8,20,12,2,538
VL-1198,2025-07,16,22,11,171,16,44,27,3,442
VL-1198,2025-08,12,19,12,109,19,34,33,0,403
VL-1198,2025-09,14,23,11,160,15,60,26,0,434
VL-1198,2025-10,11,21,14,117,27,55,19,1,388
VL-1198,2025-11,14,24,24,178,30,46,27,4,604
VL-1198,2025-12,5,6,6,50,8,12,13,1,522
VL-1198,2026-01,12,16,8,93,10,55,27,1,444
VL-1198,2026-02,13,16,10,160,12,40,23,1,483
VL-1198,2026-03,17,27,21,164,28,62,21,0,1407
VL-1198,2026-04,9,12,6,73,10,36,15,0,573
VL-1198,2026-05,17,23,13,135,19,60,26,2,502
VL-1198,2026-06,12,19,6,95,7,36,34,2,448
VL-1198,2026-07,17,24,21,172,37,72,18,5,489
VL-1198,2026-08,15,19,8,105,15,39,41,2,486
VL-1199,2026-07,6,10,7,64,9,26,14,1,474
VL-1199,2026-08,4,7,3,32,5,12,5,0,499
VL-1200,2024-03,10,14,10,97,13,46,18,0,556
VL-1200,2024-04,11,13,16,142,20,42,23,0,543
VL-1200,2024-05,14,22,12,135,14,48,16,2,555
VL-1200,2024-06,8,12,8,90,15,28,17,0,484
VL-1200,2024-07,9,12,9,81,14,37,19,1,423
VL-1200,2024-08,10,18,11,101,14,31,22,2,430
VL-1200,2024-09,13,18,7,111,11,33,14,2,492
VL-1200,2024-10,8,12,7,75,13,33,9,1,492
VL-1200,2024-11,14,16,15,139,19,61,39,2,430
VL-1200,2024-12,7,11,6,64,9,20,15,0,465
VL-1200,2025-01,16,20,15,123,29,87,32,2,468
VL-1200,2025-02,13,20,17,127,27,51,18,4,460
VL-1200,2025-03,10,18,5,80,9,31,13,3,442
VL-1200,2025-04,9,15,8,64,11,39,11,2,499
VL-1200,2025-05,10,16,12,114,21,34,24,2,520
VL-1200,2025-06,9,14,11,88,19,49,25,2,448
VL-1200,2025-07,11,17,9,113,12,60,32,2,462
VL-1200,2025-08,12,16,15,126,18,36,34,2,468
VL-1200,2025-09,13,17,8,91,10,37,28,2,469
VL-1200,2025-10,17,25,17,136,27,87,20,3,425
VL-1200,2025-11,8,13,6,69,11,41,22,0,609
VL-1200,2025-12,7,10,7,63,12,23,13,0,471
VL-1200,2026-01,12,17,9,93,16,41,15,0,441
VL-1200,2026-02,7,12,7,68,13,38,16,2,488
VL-1200,2026-03,17,33,18,194,33,49,23,3,1342
VL-1200,2026-04,12,22,17,155,30,62,24,2,514
VL-1200,2026-05,15,22,11,129,19,75,43,0,470
VL-1200,2026-06,18,29,17,157,31,63,29,2,480
VL-1200,2026-07,15,23,12,144,16,70,37,3,418
VL-1200,2026-08,9,14,12,102,17,33,26,2,518
VL-1201,2024-03,15,19,17,153,27,49,32,3,478
VL-1201,2024-04,19,30,20,181,32,50,31,1,461
VL-1201,2024-05,14,27,14,158,25,36,36,1,473
VL-1201,2024-06,11,18,12,92,17,57,31,3,506
VL-1201,2024-07,13,20,19,151,28,69,28,0,487
VL-1201,2024-08,18,32,29,216,53,99,20,1,503
VL-1201,2024-09,19,29,16,153,23,77,48,1,551
VL-1201,2024-10,18,29,20,149,29,85,37,1,429
VL-1201,2024-11,14,17,17,176,23,34,16,3,505
VL-1201,2024-12,13,15,11,138,15,41,13,2,465
VL-1201,2025-01,17,27,20,176,24,86,29,5,528
VL-1201,2025-02,22,43,20,187,32,55,45,6,405
VL-1201,2025-03,12,15,5,91,6,54,18,1,463
VL-1201,2025-04,22,43,28,209,49,55,63,2,520
VL-1201,2025-05,18,23,14,146,21,76,20,3,544
VL-1201,2025-06,19,29,18,234,35,49,26,0,438
VL-1201,2025-07,22,37,15,155,25,112,48,4,525
VL-1201,2025-08,22,43,27,219,40,92,43,6,459
VL-1201,2025-09,16,21,14,137,24,56,17,2,517
VL-1201,2025-10,13,17,13,124,20,38,14,1,469
VL-1201,2025-11,22,38,23,233,45,70,39,4,639
VL-1201,2025-12,13,21,17,133,30,61,32,0,482
VL-1201,2026-01,19,23,15,157,18,46,28,6,566
VL-1201,2026-02,17,21,14,176,27,93,17,2,548
VL-1201,2026-03,18,29,20,149,28,94,33,3,1386
VL-1201,2026-04,15,24,17,155,28,36,22,0,531
VL-1201,2026-05,11,15,11,136,15,29,16,1,490
VL-1201,2026-06,19,36,16,147,30,93,51,0,517
VL-1201,2026-07,22,30,14,200,26,72,38,6,456
VL-1201,2026-08,17,23,17,187,28,45,35,1,484
VL-1202,2024-03,22,40,18,161,22,68,53,6,488
VL-1202,2024-04,17,20,10,136,18,76,33,4,455
VL-1202,2024-05,22,38,13,219,19,112,30,1,420
VL-1202,2024-06,19,23,12,186,22,89,55,1,580
VL-1202,2024-07,22,35,39,284,61,111,35,1,499
VL-1202,2024-08,22,29,25,212,37,109,22,1,525
VL-1202,2024-09,21,33,15,157,20,103,38,3,468
VL-1202,2024-10,17,25,15,218,23,49,19,1,402
VL-1202,2024-11,19,32,11,172,18,69,20,4,498
VL-1202,2024-12,15,19,17,129,23,56,40,0,471
VL-1202,2025-01,21,35,36,270,70,73,43,0,542
VL-1202,2025-02,15,25,14,144,24,38,25,2,429
VL-1202,2025-03,21,25,18,204,24,95,44,1,510
VL-1202,2025-04,22,43,15,193,25,121,36,6,449
VL-1202,2025-05,18,26,23,217,45,54,52,3,472
VL-1202,2025-06,22,29,23,199,27,77,40,5,459
VL-1202,2025-07,8,13,6,66,10,20,23,1,464
VL-1202,2025-08,12,18,11,95,20,50,17,0,464
VL-1202,2025-09,9,14,5,84,7,41,14,2,442
VL-1202,2025-10,21,30,19,247,24,61,33,0,449
VL-1202,2025-11,22,38,14,184,25,72,44,6,647
VL-1202,2025-12,8,13,6,102,11,38,16,1,495
VL-1202,2026-01,22,26,19,285,32,63,33,6,457
VL-1202,2026-02,22,27,22,182,37,91,47,5,453
VL-1202,2026-03,22,30,21,161,33,66,44,5,1386
VL-1202,2026-04,14,22,10,137,12,68,36,1,415
VL-1202,2026-05,14,24,14,119,24,36,32,0,453
VL-1202,2026-06,18,33,22,176,35,52,37,3,445
VL-1202,2026-07,13,21,13,152,19,72,35,0,539
VL-1202,2026-08,10,13,8,70,15,27,14,1,454
VL-1203,2024-03,22,34,19,266,27,115,28,1,477
VL-1203,2024-04,10,15,6,87,10,39,24,2,368
VL-1203,2024-05,17,27,18,199,31,54,18,3,493
VL-1203,2024-06,15,18,11,167,20,58,30,0,435
VL-1203,2024-07,17,20,25,210,30,49,48,5,474
VL-1203,2024-08,14,24,9,135,16,49,36,1,470
VL-1203,2024-09,19,28,13,146,22,68,29,4,476
VL-1203,2024-10,22,32,16,180,21,122,46,2,456
VL-1203,2024-11,16,28,13,152,15,69,38,0,545
VL-1203,2024-12,14,17,18,130,23,36,27,0,482
VL-1203,2025-01,17,23,20,153,26,42,23,1,423
VL-1203,2025-02,22,40,17,158,27,106,61,1,506
VL-1203,2025-03,22,42,19,278,25,76,57,3,530
VL-1203,2025-04,13,16,13,139,24,72,31,1,463
VL-1203,2025-05,19,34,15,211,26,89,19,0,530
VL-1203,2025-06,17,31,17,136,23,94,17,3,525
VL-1203,2025-07,11,15,8,80,10,53,20,3,445
VL-1203,2025-08,11,21,10,106,19,47,11,1,406
VL-1203,2025-09,13,19,20,158,35,62,23,1,539
VL-1203,2025-10,18,35,29,219,51,71,52,2,403
VL-1203,2025-11,14,26,17,128,29,55,19,1,644
VL-1203,2025-12,15,28,13,111,23,55,32,4,420
VL-1203,2026-01,14,19,13,146,18,39,20,4,433
VL-1203,2026-02,16,29,12,191,15,65,21,1,496
VL-1203,2026-03,5,9,8,62,9,27,11,0,1382
VL-1203,2026-04,14,18,14,142,24,69,20,4,448
VL-1203,2026-05,22,32,24,215,35,122,30,0,494
VL-1203,2026-06,21,28,18,194,23,111,40,1,486
VL-1203,2026-07,22,28,30,257,47,58,28,6,433
VL-1203,2026-08,17,21,17,167,32,74,27,4,519
VL-1204,2024-03,11,21,10,117,15,47,31,2,532
VL-1204,2024-04,17,29,20,177,28,85,48,4,477
VL-1204,2024-05,11,16,19,142,30,55,14,0,434
VL-1204,2024-06,13,17,8,140,14,57,24,2,503
VL-1204,2024-07,14,27,12,109,20,34,39,0,449
VL-1204,2024-08,13,19,8,110,14,41,32,3,468
VL-1204,2024-09,10,16,15,114,27,35,10,2,414
VL-1204,2024-10,15,18,14,166,17,62,17,0,514
VL-1204,2024-11,11,13,16,130,19,39,21,0,501
VL-1204,2024-12,9,12,9,110,13,46,14,1,457
VL-1204,2025-01,7,9,6,54,8,36,18,1,481
VL-1204,2025-02,13,20,11,100,18,54,22,3,504
VL-1204,2025-03,12,17,10,88,15,33,17,1,506
VL-1204,2025-04,14,20,12,104,16,73,27,2,439
VL-1204,2025-05,15,26,19,178,36,69,20,2,429
VL-1204,2025-06,11,18,13,98,16,39,21,0,602
VL-1204,2025-07,12,18,13,154,17,37,30,0,490
VL-1204,2025-08,13,20,15,144,29,66,13,0,448
VL-1204,2025-09,9,13,7,77,9,40,25,0,431
VL-1204,2025-10,14,20,22,165,31,64,39,0,435
VL-1204,2025-11,11,16,13,108,16,49,18,2,534
VL-1204,2025-12,4,5,2,28,2,14,11,0,473
VL-1204,2026-01,11,20,9,111,13,30,12,2,508
VL-1204,2026-02,13,15,17,137,33,57,38,0,494
VL-1204,2026-03,13,22,12,127,19,63,32,3,1393
VL-1204,2026-04,21,25,21,239,26,61,56,2,480
VL-1204,2026-05,11,20,8,101,9,52,29,2,520
VL-1204,2026-06,12,21,6,87,9,51,18,2,489
VL-1204,2026-07,11,13,6,98,8,54,31,3,479
VL-1204,2026-08,14,23,15,119,18,74,21,0,463
VL-1205,2024-03,13,24,13,120,17,45,34,3,487
VL-1205,2024-04,10,12,5,83,8,49,24,2,514
VL-1205,2024-05,11,16,6,85,8,49,24,0,456
VL-1205,2024-06,7,9,6,81,10,16,7,0,455
VL-1205,2024-07,8,12,11,86,15,26,13,1,514
VL-1205,2024-08,10,12,10,88,17,54,11,3,504
VL-1205,2024-09,11,20,15,139,18,60,31,2,502
VL-1205,2024-10,11,20,10,112,19,50,12,1,549
VL-1205,2024-11,10,15,9,89,13,37,29,0,550
VL-1205,2024-12,11,18,8,142,11,54,18,2,587
VL-1205,2025-01,11,14,12,99,23,51,22,1,449
VL-1205,2025-02,10,18,9,86,11,49,19,0,474
VL-1205,2025-03,8,12,5,60,8,29,14,1,436
VL-1205,2025-04,9,11,9,94,11,25,24,2,512
VL-1205,2025-05,11,16,18,140,23,58,27,1,453
VL-1205,2025-06,13,22,7,102,10,36,38,1,496
VL-1205,2025-07,11,14,9,98,12,36,31,0,530
VL-1205,2025-08,9,16,4,69,5,46,24,1,463
VL-1205,2025-09,14,26,10,119,13,39,36,0,513
VL-1205,2025-10,13,21,17,152,33,34,23,3,490
VL-1205,2025-11,17,20,18,181,25,74,33,2,620
VL-1205,2025-12,7,9,11,82,17,28,20,1,452
VL-1205,2026-01,6,8,8,74,15,21,14,1,442
VL-1205,2026-02,16,31,9,132,14,63,30,3,492
VL-1205,2026-03,18,26,11,132,13,71,44,2,1482
VL-1205,2026-04,5,8,4,52,5,23,5,1,509
VL-1205,2026-05,13,23,11,94,17,49,37,2,420
VL-1205,2026-06,12,18,14,142,17,34,21,3,469
VL-1205,2026-07,11,20,7,87,11,56,22,0,465
VL-1205,2026-08,10,13,6,98,10,54,11,1,523
VL-1206,2026-07,7,13,4,77,7,29,17,0,617
VL-1206,2026-08,6,11,5,45,6,28,9,1,469
VL-1207,2024-03,19,35,24,218,45,65,22,3,466
VL-1207,2024-04,15,29,9,112,12,40,38,1,440
VL-1207,2024-05,17,24,22,212,43,48,23,4,526
VL-1207,2024-06,17,23,22,200,30,81,48,3,494
VL-1207,2024-07,16,20,22,206,28,65,39,0,450
VL-1207,2024-08,6,8,7,69,13,21,8,0,475
VL-1207,2024-09,15,28,17,129,23,76,30,0,514
VL-1207,2024-10,14,27,17,132,25,59,37,2,516
VL-1207,2024-11,20,32,14,166,21,106,39,5,479
VL-1207,2024-12,15,26,9,106,15,48,21,4,528
VL-1207,2025-01,21,27,30,229,41,97,30,2,485
VL-1207,2025-02,14,18,24,179,31,64,38,1,488
VL-1207,2025-03,15,24,10,146,14,40,24,4,482
VL-1207,2025-04,22,29,13,167,23,68,60,4,462
VL-1207,2025-05,22,35,17,273,25,57,50,1,485
VL-1207,2025-06,15,25,11,167,20,61,23,4,470
VL-1207,2025-07,9,16,8,92,14,49,14,0,570
VL-1207,2025-08,20,29,13,179,23,66,58,4,443
VL-1207,2025-09,20,30,18,192,22,66,50,3,481
VL-1207,2025-10,16,24,22,167,42,80,22,1,432
VL-1207,2025-11,11,19,16,122,19,59,30,0,649
VL-1207,2025-12,17,24,18,170,31,87,49,1,544
VL-1207,2026-01,20,35,20,185,30,48,53,3,485
VL-1207,2026-02,20,33,25,251,32,86,37,2,546
VL-1207,2026-03,20,26,15,195,23,105,25,2,1390
VL-1207,2026-04,19,31,25,185,33,55,29,5,471
VL-1207,2026-05,19,31,21,158,36,97,48,5,457
VL-1207,2026-06,18,24,13,217,20,66,29,1,499
VL-1207,2026-07,17,29,20,208,38,89,36,1,427
VL-1207,2026-08,8,14,4,82,4,26,13,2,509
VL-1208,2025-11,8,13,6,70,7,21,13,0,572
VL-1208,2025-12,5,6,5,62,7,25,5,0,418
VL-1208,2026-01,9,11,14,104,27,24,26,2,515
VL-1208,2026-02,8,12,7,83,13,35,12,1,427
VL-1208,2026-03,9,15,9,85,11,43,16,2,1384
VL-1208,2026-04,5,7,5,54,6,14,9,1,496
VL-1208,2026-05,9,12,9,73,16,37,16,1,394
VL-1208,2026-06,9,16,5,75,6,40,19,2,491
VL-1208,2026-07,8,12,8,59,14,26,18,1,475
VL-1208,2026-08,6,9,6,57,9,15,17,1,543
VL-1209,2024-03,13,19,10,111,17,34,36,2,559
VL-1209,2024-04,16,22,10,114,19,67,33,2,480
VL-1209,2024-05,9,15,7,100,9,50,26,1,496
VL-1209,2024-06,10,19,9,89,16,49,22,0,418
VL-1209,2024-07,9,13,8,93,10,43,11,1,502
VL-1209,2024-08,12,19,14,119,21,55,23,3,502
VL-1209,2024-09,10,14,12,110,17,41,17,2,486
VL-1209,2024-10,13,16,6,97,9,46,32,2,446
VL-1209,2024-11,15,22,15,156,24,75,21,1,381
VL-1209,2024-12,9,12,6,102,11,32,12,2,528
VL-1209,2025-01,17,31,22,192,36,69,46,0,430
VL-1209,2025-02,17,23,19,179,26,81,47,1,562
VL-1209,2025-03,8,14,10,81,18,23,19,2,489
VL-1209,2025-04,18,24,19,157,23,81,46,5,473
VL-1209,2025-05,13,23,11,134,13,50,38,1,422
VL-1209,2025-06,10,19,10,99,18,44,14,2,510
VL-1209,2025-07,14,27,19,175,35,37,17,0,471
VL-1209,2025-08,12,22,16,123,30,63,21,2,517
VL-1209,2025-09,9,11,8,114,15,36,21,1,448
VL-1209,2025-10,6,11,5,66,6,19,9,0,529
VL-1209,2025-11,11,17,13,97,23,50,24,1,587
VL-1209,2025-12,10,14,9,99,12,40,16,3,448
VL-1209,2026-01,17,25,17,131,27,72,31,3,477
VL-1209,2026-02,10,16,8,123,14,27,15,0,461
VL-1209,2026-03,14,23,7,100,10,57,30,3,1446
VL-1209,2026-04,14,24,13,147,20,52,22,3,506
VL-1209,2026-05,17,25,24,199,31,75,41,4,471
VL-1209,2026-06,13,23,11,114,15,43,28,1,431
VL-1209,2026-07,12,16,12,94,23,58,30,1,483
VL-1209,2026-08,8,12,5,69,6,43,22,1,536
VL-1210,2024-03,1,1,0,10,0,4,1,0,513
VL-1210,2024-04,1,1,0,7,0,4,1,0,434
VL-1210,2024-05,2,3,1,25,1,9,4,0,488
VL-1210,2024-06,2,3,1,18,1,6,2,0,500
VL-1210,2024-07,2,2,2,19,3,10,2,0,494
VL-1210,2024-08,2,2,1,15,1,9,5,0,482
VL-1210,2024-09,4,5,2,49,3,18,4,1,496
VL-1210,2024-10,2,2,2,21,3,9,3,0,578
VL-1210,2024-11,3,4,2,25,2,16,8,0,541
VL-1210,2024-12,2,3,2,20,3,5,5,0,419
VL-1210,2025-01,2,3,2,20,2,10,2,0,506
VL-1210,2025-02,1,1,0,10,0,4,1,0,443
VL-1210,2025-03,2,3,2,25,3,5,2,0,483
VL-1210,2025-04,2,3,1,15,1,7,2,0,423
VL-1210,2025-05,3,4,2,24,3,10,5,0,416
VL-1210,2025-06,1,1,0,8,0,4,1,0,488
VL-1210,2025-07,2,2,1,15,1,5,3,0,476
VL-1210,2025-08,3,5,4,36,5,15,5,0,521
VL-1210,2025-09,1,1,0,11,0,4,1,0,443
VL-1210,2025-10,3,5,4,32,6,13,3,0,423
VL-1210,2025-11,3,5,2,38,2,14,8,0,530
VL-1210,2025-12,1,1,1,10,1,3,1,0,478
VL-1210,2026-01,3,5,2,31,3,8,8,0,464
VL-1210,2026-02,3,5,1,30,1,9,6,0,438
VL-1210,2026-03,1,1,0,8,0,2,1,0,1459
VL-1210,2026-04,3,5,2,33,3,9,6,0,467
VL-1210,2026-05,3,4,2,24,3,15,5,0,499
VL-1210,2026-06,1,1,1,8,1,4,1,0,444
VL-1210,2026-07,1,1,0,9,0,2,2,0,539
VL-1210,2026-08,1,1,0,7,0,4,2,0,470
VL-1211,2024-03,13,17,12,96,20,42,27,3,423
VL-1211,2024-04,12,23,9,151,12,37,17,0,550
VL-1211,2024-05,15,24,12,176,16,58,28,0,515
VL-1211,2024-06,11,21,15,127,24,34,12,1,479
VL-1211,2024-07,15,22,8,128,12,71,33,1,439
VL-1211,2024-08,8,14,8,65,11,40,23,2,488
VL-1211,2024-09,12,19,8,95,15,61,28,2,499
VL-1211,2024-10,12,21,8,125,14,45,34,0,448
VL-1211,2024-11,13,17,18,148,23,61,24,3,458
VL-1211,2024-12,9,17,9,114,14,47,15,2,470
VL-1211,2025-01,11,18,8,100,9,37,22,2,468
VL-1211,2025-02,11,18,14,117,25,31,14,3,475
VL-1211,2025-03,4,6,2,29,3,16,4,0,566
VL-1211,2025-04,15,21,14,114,20,61,40,3,479
VL-1211,2025-05,12,17,14,144,25,49,17,3,481
VL-1211,2025-06,8,11,10,102,19,37,19,1,469
VL-1211,2025-07,7,13,9,84,11,33,11,1,428
VL-1211,2025-08,11,17,5,95,9,40,19,1,465
VL-1211,2025-09,17,22,8,121,14,76,39,5,564
VL-1211,2025-10,15,25,11,161,16,44,25,3,480
VL-1211,2025-11,12,23,16,139,28,43,27,1,622
VL-1211,2025-12,7,12,5,86,8,32,20,1,434
VL-1211,2026-01,14,22,17,139,22,38,41,2,514
VL-1211,2026-02,10,18,10,110,18,30,24,1,534
VL-1211,2026-03,16,29,11,132,17,51,38,0,1301
VL-1211,2026-04,11,18,10,122,17,47,26,0,460
VL-1211,2026-05,10,17,7,85,9,45,22,2,479
VL-1211,2026-06,8,14,8,102,10,40,19,1,525
VL-1211,2026-07,14,17,12,178,21,59,28,1,521
VL-1211,2026-08,12,20,6,98,11,34,35,1,511
VL-1212,2026-05,0,0,0,0,0,0,0,0,
VL-1212,2026-06,1,1,1,8,1,4,2,0,481
VL-1212,2026-07,1,1,0,7,0,4,2,0,494
VL-1212,2026-08,1,1,0,7,0,3,2,0,461
VL-1213,2024-03,9,17,6,68,9,23,24,0,463
VL-1213,2024-04,8,10,12,91,22,34,18,1,540
VL-1213,2024-05,14,17,17,148,24,47,31,2,432
VL-1213,2024-06,12,15,16,119,28,29,32,0,543
VL-1213,2024-07,5,9,3,53,4,20,14,0,405
VL-1213,2024-08,11,20,9,120,14,29,31,1,411
VL-1213,2024-09,15,19,7,125,10,71,40,3,531
VL-1213,2024-10,12,23,9,87,14,38,22,3,442
VL-1213,2024-11,19,30,31,225,55,80,42,3,605
VL-1213,2024-12,11,19,11,84,18,35,16,1,587
VL-1213,2025-01,11,13,9,91,16,52,27,1,509
VL-1213,2025-02,11,13,17,137,28,61,29,0,371
VL-1213,2025-03,9,17,14,116,19,25,12,2,484
VL-1213,2025-04,12,21,11,94,16,57,30,1,486
VL-1213,2025-05,15,27,12,178,19,52,38,3,438
VL-1213,2025-06,7,11,9,80,12,28,8,2,451
VL-1213,2025-07,11,20,8,93,14,40,27,1,468
VL-1213,2025-08,4,4,3,51,4,14,8,0,467
VL-1213,2025-09,12,15,15,124,29,41,35,2,477
VL-1213,2025-10,13,16,15,122,24,48,38,1,506
VL-1213,2025-11,12,15,17,148,29,31,26,3,518
VL-1213,2025-12,9,14,10,87,13,48,10,2,496
VL-1213,2026-01,12,15,17,153,26,30,25,0,528
VL-1213,2026-02,12,18,12,104,18,40,28,1,421
VL-1213,2026-03,10,12,12,116,23,42,21,1,1419
VL-1213,2026-04,7,12,7,64,9,28,20,0,498
VL-1213,2026-05,17,28,26,215,51,44,23,0,410
VL-1213,2026-06,13,21,8,127,10,70,13,2,453
VL-1213,2026-07,13,22,17,159,23,48,19,3,409
VL-1213,2026-08,16,27,19,147,23,55,29,0,480
VL-1214,2025-09,7,11,5,55,7,25,15,0,498
VL-1214,2025-10,6,8,7,76,8,18,14,0,434
VL-1214,2025-11,8,12,4,61,6,31,19,1,705
VL-1214,2025-12,4,6,3,31,5,9,10,0,474
VL-1214,2026-01,9,10,4,70,5,22,12,1,491
VL-1214,2026-02,7,8,6,90,10,26,18,0,427
VL-1214,2026-03,4,5,2,43,2,11,9,0,1402
VL-1214,2026-04,10,18,6,107,10,29,20,1,472
VL-1214,2026-05,4,7,3,48,5,19,7,0,515
VL-1214,2026-06,10,15,6,79,11,32,22,1,601
VL-1214,2026-07,7,12,6,75,9,35,14,1,582
VL-1214,2026-08,7,8,10,85,14,19,13,1,454
VL-1215,2024-03,14,26,11,142,19,58,24,1,442
VL-1215,2024-04,13,23,11,163,19,50,36,2,475
VL-1215,2024-05,13,25,12,158,19,56,30,1,468
VL-1215,2024-06,10,17,7,80,10,25,25,0,434
VL-1215,2024-07,12,20,8,106,13,35,18,3,543
VL-1215,2024-08,10,18,9,99,14,27,11,1,449
VL-1215,2024-09,15,29,23,187,36,38,28,3,454
VL-1215,2024-10,9,15,13,105,19,39,16,0,523
VL-1215,2024-11,7,13,4,67,6,22,7,0,472
VL-1215,2024-12,11,15,8,124,9,27,18,0,461
VL-1215,2025-01,13,22,14,137,16,40,17,1,446
VL-1215,2025-02,14,25,9,101,12,70,38,2,534
VL-1215,2025-03,9,11,12,96,23,42,25,1,537
VL-1215,2025-04,10,12,9,116,12,48,15,0,483
VL-1215,2025-05,7,13,6,50,8,30,10,0,494
VL-1215,2025-06,14,25,9,111,17,48,17,4,407
VL-1215,2025-07,15,28,7,112,12,65,38,3,463
VL-1215,2025-08,16,31,22,172,36,52,25,3,526
VL-1215,2025-09,13,17,9,98,15,64,22,0,498
VL-1215,2025-10,15,25,18,194,24,66,33,3,482
VL-1215,2025-11,11,20,15,138,29,40,19,2,570
VL-1215,2025-12,10,17,8,95,15,49,11,2,482
VL-1215,2026-01,11,13,11,99,19,33,11,3,433
VL-1215,2026-02,12,14,6,99,8,52,24,2,449
VL-1215,2026-03,14,23,17,175,20,55,32,0,1431
VL-1215,2026-04,14,19,9,103,17,67,27,1,393
VL-1215,2026-05,18,31,15,136,19,89,47,4,486
VL-1215,2026-06,9,13,11,114,16,38,20,1,383
VL-1215,2026-07,12,23,14,129,17,33,18,0,472
VL-1215,2026-08,12,21,7,116,12,40,17,0,545
VL-1226,2024-03,3,4,9,62,16,14,41,0,461
VL-1226,2024-04,2,3,2,25,3,11,22,0,484
VL-1226,2024-05,3,4,6,51,7,24,38,1,478
VL-1226,2024-06,2,2,2,25,3,12,32,0,448
VL-1226,2024-07,2,3,4,30,5,10,27,0,467
VL-1226,2024-08,2,3,2,25,3,8,27,0,501
VL-1226,2024-09,2,3,4,29,7,15,39,0,521
VL-1226,2024-10,2,2,6,45,9,15,37,0,487
VL-1226,2024-11,2,3,4,33,6,13,24,0,466
VL-1226,2024-12,2,2,2,28,3,11,24,0,460
VL-1226,2025-01,3,4,8,58,12,11,41,0,420
VL-1226,2025-02,3,4,8,53,15,15,57,0,441
VL-1226,2025-03,3,5,7,50,8,16,54,1,496
VL-1226,2025-04,3,5,5,66,9,17,28,1,449
VL-1226,2025-05,1,1,2,18,2,7,15,0,429
VL-1226,2025-06,3,3,11,69,21,19,35,0,497
VL-1226,2025-07,3,5,5,39,8,24,42,0,468
VL-1226,2025-08,3,5,5,47,9,17,48,1,491
VL-1226,2025-09,2,3,5,32,8,8,27,0,487
VL-1226,2025-10,2,3,4,42,5,9,20,0,523
VL-1226,2025-11,3,4,8,62,12,19,22,0,680
VL-1226,2025-12,2,2,4,40,6,9,23,0,515
VL-1226,2026-01,2,2,4,40,5,7,15,0,414
VL-1226,2026-02,2,2,6,37,9,9,31,0,517
VL-1226,2026-03,3,4,4,57,7,22,30,0,1340
VL-1226,2026-04,2,2,4,43,5,16,24,0,403
VL-1226,2026-05,2,2,3,27,4,11,38,0,464
VL-1226,2026-06,2,2,3,28,5,10,15,0,503
VL-1226,2026-07,2,3,6,43,8,9,26,0,440
VL-1226,2026-08,3,5,4,46,5,22,23,1,419
VL-0834,2024-03,6,7,9,91,13,24,39,4,445
VL-0834,2024-04,12,17,22,125,37,60,65,9,509
VL-0834,2024-05,7,10,8,77,12,31,23,3,431
VL-0834,2024-06,5,9,6,64,9,33,37,3,375
VL-0834,2024-07,9,17,12,102,18,36,74,0,450
VL-0834,2024-08,9,16,22,132,30,42,59,5,435
VL-0834,2024-09,6,11,7,60,10,39,38,2,361
VL-0834,2024-10,13,24,29,165,47,62,71,5,452
VL-0834,2024-11,6,9,13,90,23,23,37,2,512
VL-0834,2024-12,7,9,15,102,21,25,45,2,378
VL-0834,2025-01,9,11,14,98,23,35,27,0,464
VL-0834,2025-02,4,7,4,40,6,15,21,1,496
VL-0834,2025-03,3,5,4,25,5,18,11,1,536
VL-0934,2024-03,9,11,64,227,121,111,95,4,550
VL-0934,2024-04,10,14,42,226,75,64,109,3,500
VL-0934,2024-05,10,13,55,212,70,113,136,3,493
VL-0934,2024-06,9,13,46,186,61,70,99,1,467
VL-0934,2024-07,8,11,37,147,59,49,118,3,520
VL-0934,2024-08,8,12,50,195,89,92,45,2,454
VL-0934,2024-09,12,22,94,319,187,71,62,5,422
VL-0934,2024-10,9,13,49,183,88,62,131,4,473
VL-0934,2024-11,11,18,52,246,98,91,89,3,475
VL-0934,2024-12,5,7,25,158,31,35,57,2,529
VL-0934,2025-01,10,14,80,279,124,98,52,2,516
VL-0934,2025-02,12,19,104,379,169,73,64,5,500
VL-0934,2025-03,4,5,28,114,53,40,28,0,461
VL-0934,2025-04,4,7,26,96,37,42,31,0,476
VL-0924,2024-03,8,13,10,84,17,36,25,3,451
VL-0924,2024-04,10,16,13,94,15,39,71,5,446
VL-0924,2024-05,10,13,15,112,22,49,31,7,524
VL-0924,2024-06,3,3,5,46,8,18,17,1,530
VL-0924,2024-07,11,19,25,170,34,42,79,8,451
VL-0924,2024-08,6,10,10,62,19,28,18,0,537
VL-0924,2024-09,8,15,9,69,15,30,33,0,433
VL-0924,2024-10,11,19,13,111,21,65,36,8,442
VL-0924,2024-11,11,20,24,130,36,54,39,2,501
VL-0924,2024-12,9,15,9,94,15,46,67,2,411
VL-0924,2025-01,12,22,19,124,22,53,45,0,527
VL-0924,2025-02,9,17,17,126,28,47,31,4,487
VL-0924,2025-03,9,15,19,122,36,54,71,2,464
VL-0924,2025-04,4,5,6,37,8,25,16,1,428
VL-0924,2025-05,4,7,6,59,9,14,34,0,537
VL-0952,2024-03,8,12,48,238,92,95,57,1,505
VL-0952,2024-04,10,14,85,289,145,122,85,3,420
VL-0952,2024-05,9,16,35,180,52,73,63,0,448
VL-0952,2024-06,9,17,91,273,173,112,123,1,499
VL-0952,2024-07,10,16,60,254,101,96,74,0,481
VL-0952,2024-08,8,11,53,190,64,48,53,0,491
VL-0952,2024-09,10,17,41,235,58,108,148,3,580
VL-0952,2024-10,12,15,105,368,157,116,164,1,410
VL-0952,2024-11,10,18,87,306,154,79,92,2,465
VL-0952,2024-12,7,11,39,154,57,69,102,1,529
VL-0952,2025-01,4,6,21,128,32,43,38,1,535
VL-0952,2025-02,3,4,21,69,38,31,15,0,395
VL-0989,2024-03,10,13,11,87,20,34,33,6,429
VL-0989,2024-04,5,9,7,68,10,29,29,1,388
VL-0989,2024-05,9,12,17,95,31,61,54,5,561
VL-0989,2024-06,7,12,11,67,13,26,35,0,422
VL-0989,2024-07,8,14,17,95,21,24,29,6,452
VL-0989,2024-08,9,12,10,111,15,36,64,1,469
VL-0989,2024-09,10,18,23,127,29,45,47,6,466
VL-0989,2024-10,9,15,13,127,24,49,70,4,471
VL-0989,2024-11,10,12,24,139,35,46,51,0,452
VL-0989,2024-12,8,13,6,71,10,53,60,3,462
VL-0989,2025-01,9,12,17,99,25,41,35,5,469
VL-0989,2025-02,9,12,23,132,33,27,66,0,472
VL-0989,2025-03,8,11,12,84,17,49,31,2,497
VL-0989,2025-04,6,10,9,68,13,29,24,1,471
VL-0989,2025-05,11,14,16,155,22,38,49,3,453
VL-0989,2025-06,4,7,7,41,12,18,27,1,464
VL-0989,2025-07,4,6,6,38,9,18,35,2,555
VL-0808,2024-03,9,14,11,76,21,37,36,5,454
VL-0808,2024-04,9,12,22,129,34,54,43,0,556
VL-0808,2024-05,9,17,15,89,20,30,31,0,458
VL-0808,2024-06,10,19,22,122,42,33,64,5,471
VL-0808,2024-07,11,19,21,141,26,71,71,0,471
VL-0808,2024-08,10,16,15,114,20,59,45,4,543
VL-0808,2024-09,8,12,17,88,22,39,62,4,525
VL-0808,2024-10,7,11,10,70,19,22,49,0,581
VL-0808,2024-11,12,18,27,171,50,47,99,6,472
VL-0808,2024-12,6,11,7,53,11,28,27,4,491
VL-0808,2025-01,9,12,22,123,34,43,67,4,512
VL-0808,2025-02,4,5,11,56,15,27,25,0,531
VL-0808,2025-03,3,4,6,34,9,11,14,1,526
VL-0771,2024-03,12,16,23,154,29,57,53,5,461
VL-0771,2024-04,9,11,10,88,15,40,60,1,430
VL-0771,2024-05,6,11,11,87,15,36,28,0,516
VL-0771,2024-06,13,17,14,157,17,49,62,0,529
VL-0771,2024-07,9,13,21,113,31,32,70,0,533
VL-0771,2024-08,5,8,6,69,11,31,44,2,526
VL-0771,2024-09,12,23,34,172,63,63,69,5,514
VL-0771,2024-10,12,16,18,142,21,51,106,2,474
VL-0771,2024-11,10,15,12,86,19,52,57,2,513
VL-0771,2024-12,5,6,11,65,21,26,19,0,509
VL-0771,2025-01,8,14,15,98,27,51,50,4,509
VL-0771,2025-02,11,19,14,96,16,55,98,8,412
VL-0771,2025-03,7,9,9,63,16,29,23,0,426
VL-0771,2025-04,12,20,13,102,15,41,70,8,511
VL-0771,2025-05,10,18,31,154,60,68,47,7,457
VL-0771,2025-06,3,3,4,29,6,14,26,1,426
VL-0771,2025-07,4,6,5,36,8,17,13,2,451
VL-0851,2024-03,7,10,25,146,37,76,104,1,443
VL-0851,2024-04,10,17,63,323,115,68,102,2,511
VL-0851,2024-05,9,13,32,200,44,93,107,2,492
VL-0851,2024-06,8,10,38,226,55,72,108,0,406
VL-0851,2024-07,6,11,29,157,51,50,89,2,488
VL-0851,2024-08,7,10,30,198,54,87,90,2,500
VL-0851,2024-09,14,17,72,417,105,151,156,1,505
VL-0851,2024-10,11,19,68,354,135,138,141,2,499
VL-0851,2024-11,6,10,25,109,44,53,59,0,528
VL-0851,2024-12,5,7,27,153,53,48,69,0,425
VL-0851,2025-01,4,6,13,87,16,29,36,1,487
VL-0851,2025-02,5,7,29,122,46,28,51,2,521
VL-0835,2024-03,9,15,20,104,29,37,41,7,417
VL-0835,2024-04,10,14,19,94,30,60,38,1,435
VL-0835,2024-05,10,16,18,105,21,66,88,3,443
VL-0835,2024-06,8,12,14,70,24,36,63,5,443
VL-0835,2024-07,10,13,13,144,21,49,86,4,464
VL-0835,2024-08,9,13,19,108,28,43,35,0,513
VL-0835,2024-09,7,11,14,96,23,21,45,0,485
VL-0835,2024-10,8,9,16,121,21,53,53,5,504
VL-0835,2024-11,10,12,9,91,13,42,78,4,441
VL-0835,2024-12,12,16,27,138,45,39,97,5,444
VL-0835,2025-01,9,16,21,118,39,37,32,1,460
VL-0835,2025-02,8,14,16,113,20,38,56,5,507
VL-0835,2025-03,12,23,32,172,52,76,72,5,528
VL-0835,2025-04,11,20,22,170,34,53,45,0,504
VL-0835,2025-05,12,19,33,164,60,73,94,5,431
VL-0835,2025-06,6,9,14,86,23,21,19,2,415
VL-0835,2025-07,7,10,7,71,11,48,27,2,487
VL-0835,2025-08,9,13,17,113,32,59,41,7,435
VL-0835,2025-09,4,5,4,38,7,20,15,0,528
VL-0835,2025-10,5,7,6,50,9,16,26,3,519
VL-0856,2024-03,10,16,8,91,12,60,33,5,422
VL-0856,2024-04,10,14,14,104,27,60,89,1,469
VL-0856,2024-05,7,8,15,94,21,26,53,0,391
VL-0856,2024-06,11,14,14,98,25,58,60,6,423
VL-0856,2024-07,8,14,6,71,9,27,62,1,501
VL-0856,2024-08,6,11,8,77,13,39,47,0,462
VL-0856,2024-09,9,14,19,136,24,57,47,5,473
VL-0856,2024-10,10,15,15,149,25,53,51,4,456
VL-0856,2024-11,9,15,15,111,20,61,51,1,460
VL-0856,2024-12,7,10,16,89,31,28,37,3,469
VL-0856,2025-01,13,15,33,200,49,84,48,0,483
VL-0856,2025-02,4,7,8,47,13,22,35,0,490
VL-0856,2025-03,10,15,13,107,21,52,61,6,457
VL-0856,2025-04,13,17,21,124,34,79,103,8,430
VL-0856,2025-05,12,15,19,106,37,76,98,0,532
VL-0856,2025-06,9,11,20,124,26,60,27,6,482
VL-0856,2025-07,4,5,6,44,9,22,25,0,511
VL-0856,2025-08,3,4,4,25,5,14,25,0,515
